domain,institution_key,unitid,academic_year,source_url,verification_status,last_verified_at,residency,student_population,tuition,mandatory_fees,books_supplies,on_campus_food_housing,on_campus_other_expenses,total_cost_of_attendance,currency
costs,ipeds-128586,128586,2023-24,https://nces.ed.gov/ipeds/datacenter/data/IC2023_AY.zip,verified,2026-10-02,district,full_time_first_time_undergraduate,9200,250,300,6300,6000,,USD
costs,ipeds-128586,128586,2023-24,https://nces.ed.gov/ipeds/datacenter/data/IC2023_AY.zip,verified,2026-10-02,in_state,full_time_first_time_undergraduate,9200,250,300,6300,6000,,USD
costs,ipeds-128586,128586,2023-24,https://nces.ed.gov/ipeds/datacenter/data/IC2023_AY.zip,verified,2026-10-02,out_of_state,full_time_first_time_undergraduate,9200,250,300,6300,6000,,USD
costs,ipeds-188340,188340,2023-24,https://nces.ed.gov/ipeds/datacenter/data/IC2023_AY.zip,verified,2026-10-02,district,full_time_first_time_undergraduate,28000,850,1900,14180,7200,,USD
costs,ipeds-188340,188340,2023-24,https://nces.ed.gov/ipeds/datacenter/data/IC2023_AY.zip,verified,2026-10-02,in_state,full_time_first_time_undergraduate,28000,850,1900,14180,7200,,USD
costs,ipeds-188340,188340,2023-24,https://nces.ed.gov/ipeds/datacenter/data/IC2023_AY.zip,verified,2026-10-02,out_of_state,full_time_first_time_undergraduate,28000,850,1900,14180,7200,,USD
costs,ipeds-188429,188429,2023-24,https://nces.ed.gov/ipeds/datacenter/data/IC2023_AY.zip,verified,2026-10-02,district,full_time_first_time_undergraduate,45450,1840,1020,20028,3496,,USD
costs,ipeds-188429,188429,2023-24,https://nces.ed.gov/ipeds/datacenter/data/IC2023_AY.zip,verified,2026-10-02,in_state,full_time_first_time_undergraduate,45450,1840,1020,20028,3496,,USD
costs,ipeds-188429,188429,2023-24,https://nces.ed.gov/ipeds/datacenter/data/IC2023_AY.zip,verified,2026-10-02,out_of_state,full_time_first_time_undergraduate,45450,1840,1020,20028,3496,,USD
costs,ipeds-188438,188438,2023-24,https://nces.ed.gov/ipeds/datacenter/data/IC2023_AY.zip,verified,2026-10-02,district,full_time_first_time_undergraduate,5328,1200,1800,14014,1900,,USD
costs,ipeds-188438,188438,2023-24,https://nces.ed.gov/ipeds/datacenter/data/IC2023_AY.zip,verified,2026-10-02,in_state,full_time_first_time_undergraduate,5328,1200,1800,14014,1900,,USD
costs,ipeds-188438,188438,2023-24,https://nces.ed.gov/ipeds/datacenter/data/IC2023_AY.zip,verified,2026-10-02,out_of_state,full_time_first_time_undergraduate,7992,1200,1800,14014,1900,,USD
costs,ipeds-188517,188517,2023-24,https://nces.ed.gov/ipeds/datacenter/data/IC2023_AY.zip,verified,2026-10-02,district,full_time_first_time_undergraduate,18727,165,1800,,,,USD
costs,ipeds-188517,188517,2023-24,https://nces.ed.gov/ipeds/datacenter/data/IC2023_AY.zip,verified,2026-10-02,in_state,full_time_first_time_undergraduate,18727,165,1800,,,,USD
costs,ipeds-188517,188517,2023-24,https://nces.ed.gov/ipeds/datacenter/data/IC2023_AY.zip,verified,2026-10-02,out_of_state,full_time_first_time_undergraduate,18727,165,1800,,,,USD
costs,ipeds-188526,188526,2023-24,https://nces.ed.gov/ipeds/datacenter/data/IC2023_AY.zip,verified,2026-10-02,district,full_time_first_time_undergraduate,39100,1275,1000,12280,2360,,USD
costs,ipeds-188526,188526,2023-24,https://nces.ed.gov/ipeds/datacenter/data/IC2023_AY.zip,verified,2026-10-02,in_state,full_time_first_time_undergraduate,39100,1275,1000,12280,2360,,USD
costs,ipeds-188526,188526,2023-24,https://nces.ed.gov/ipeds/datacenter/data/IC2023_AY.zip,verified,2026-10-02,out_of_state,full_time_first_time_undergraduate,39100,1275,1000,12280,2360,,USD
costs,ipeds-188641,188641,2023-24,https://nces.ed.gov/ipeds/datacenter/data/IC2023_AY.zip,verified,2026-10-02,district,full_time_first_time_undergraduate,38270,1260,1300,14240,2830,,USD
costs,ipeds-188641,188641,2023-24,https://nces.ed.gov/ipeds/datacenter/data/IC2023_AY.zip,verified,2026-10-02,in_state,full_time_first_time_undergraduate,38270,1260,1300,14240,2830,,USD
costs,ipeds-188641,188641,2023-24,https://nces.ed.gov/ipeds/datacenter/data/IC2023_AY.zip,verified,2026-10-02,out_of_state,full_time_first_time_undergraduate,38270,1260,1300,14240,2830,,USD
costs,ipeds-188669,188669,2023-24,https://nces.ed.gov/ipeds/datacenter/data/IC2023_AY.zip,verified,2026-10-02,district,full_time_first_time_undergraduate,13925,310,625,12238,11289,,USD
costs,ipeds-188669,188669,2023-24,https://nces.ed.gov/ipeds/datacenter/data/IC2023_AY.zip,verified,2026-10-02,in_state,full_time_first_time_undergraduate,13925,310,625,12238,11289,,USD
costs,ipeds-188669,188669,2023-24,https://nces.ed.gov/ipeds/datacenter/data/IC2023_AY.zip,verified,2026-10-02,out_of_state,full_time_first_time_undergraduate,13925,310,625,12238,11289,,USD
costs,ipeds-188678,188678,2023-24,https://nces.ed.gov/ipeds/datacenter/data/IC2023_AY.zip,verified,2026-10-02,district,full_time_first_time_undergraduate,38725,750,570,20275,3434,,USD
costs,ipeds-188678,188678,2023-24,https://nces.ed.gov/ipeds/datacenter/data/IC2023_AY.zip,verified,2026-10-02,in_state,full_time_first_time_undergraduate,38725,750,570,20275,3434,,USD
costs,ipeds-188678,188678,2023-24,https://nces.ed.gov/ipeds/datacenter/data/IC2023_AY.zip,verified,2026-10-02,out_of_state,full_time_first_time_undergraduate,38725,750,570,20275,3434,,USD
costs,ipeds-188687,188687,2023-24,https://nces.ed.gov/ipeds/datacenter/data/IC2023_AY.zip,verified,2026-10-02,district,full_time_first_time_undergraduate,19838,180,1000,,,,USD
costs,ipeds-188687,188687,2023-24,https://nces.ed.gov/ipeds/datacenter/data/IC2023_AY.zip,verified,2026-10-02,in_state,full_time_first_time_undergraduate,19838,180,1000,,,,USD
costs,ipeds-188687,188687,2023-24,https://nces.ed.gov/ipeds/datacenter/data/IC2023_AY.zip,verified,2026-10-02,out_of_state,full_time_first_time_undergraduate,19838,180,1000,,,,USD
costs,ipeds-188854,188854,2023-24,https://nces.ed.gov/ipeds/datacenter/data/IC2023_AY.zip,verified,2026-10-02,district,full_time_first_time_undergraduate,45260,300,1200,15500,3500,,USD
costs,ipeds-188854,188854,2023-24,https://nces.ed.gov/ipeds/datacenter/data/IC2023_AY.zip,verified,2026-10-02,in_state,full_time_first_time_undergraduate,45260,300,1200,15500,3500,,USD
costs,ipeds-188854,188854,2023-24,https://nces.ed.gov/ipeds/datacenter/data/IC2023_AY.zip,verified,2026-10-02,out_of_state,full_time_first_time_undergraduate,45260,300,1200,15500,3500,,USD
costs,ipeds-188942,188942,2023-24,https://nces.ed.gov/ipeds/datacenter/data/IC2023_AY.zip,verified,2026-10-02,district,full_time_first_time_undergraduate,9700,0,300,,,,USD
costs,ipeds-188942,188942,2023-24,https://nces.ed.gov/ipeds/datacenter/data/IC2023_AY.zip,verified,2026-10-02,in_state,full_time_first_time_undergraduate,9700,0,300,,,,USD
costs,ipeds-188942,188942,2023-24,https://nces.ed.gov/ipeds/datacenter/data/IC2023_AY.zip,verified,2026-10-02,out_of_state,full_time_first_time_undergraduate,9700,0,300,,,,USD
costs,ipeds-189088,189088,2023-24,https://nces.ed.gov/ipeds/datacenter/data/IC2023_AY.zip,verified,2026-10-02,district,full_time_first_time_undergraduate,62790,822,1200,18040,2000,,USD
costs,ipeds-189088,189088,2023-24,https://nces.ed.gov/ipeds/datacenter/data/IC2023_AY.zip,verified,2026-10-02,in_state,full_time_first_time_undergraduate,62790,822,1200,18040,2000,,USD
costs,ipeds-189088,189088,2023-24,https://nces.ed.gov/ipeds/datacenter/data/IC2023_AY.zip,verified,2026-10-02,out_of_state,full_time_first_time_undergraduate,62790,822,1200,18040,2000,,USD
costs,ipeds-189097,189097,2023-24,https://nces.ed.gov/ipeds/datacenter/data/IC2023_AY.zip,verified,2026-10-02,district,full_time_first_time_undergraduate,64078,2168,1150,20582,1830,,USD
costs,ipeds-189097,189097,2023-24,https://nces.ed.gov/ipeds/datacenter/data/IC2023_AY.zip,verified,2026-10-02,in_state,full_time_first_time_undergraduate,64078,2168,1150,20582,1830,,USD
costs,ipeds-189097,189097,2023-24,https://nces.ed.gov/ipeds/datacenter/data/IC2023_AY.zip,verified,2026-10-02,out_of_state,full_time_first_time_undergraduate,64078,2168,1150,20582,1830,,USD
costs,ipeds-189228,189228,2023-24,https://nces.ed.gov/ipeds/datacenter/data/IC2023_AY.zip,verified,2026-10-02,district,full_time_first_time_undergraduate,26900,1700,400,,,,USD
costs,ipeds-189228,189228,2023-24,https://nces.ed.gov/ipeds/datacenter/data/IC2023_AY.zip,verified,2026-10-02,in_state,full_time_first_time_undergraduate,26900,1700,400,,,,USD
costs,ipeds-189228,189228,2023-24,https://nces.ed.gov/ipeds/datacenter/data/IC2023_AY.zip,verified,2026-10-02,out_of_state,full_time_first_time_undergraduate,26900,1700,400,,,,USD
costs,ipeds-189273,189273,2023-24,https://nces.ed.gov/ipeds/datacenter/data/IC2023_AY.zip,verified,2026-10-02,district,full_time_first_time_undergraduate,12000,0,300,3950,6000,,USD
costs,ipeds-189273,189273,2023-24,https://nces.ed.gov/ipeds/datacenter/data/IC2023_AY.zip,verified,2026-10-02,in_state,full_time_first_time_undergraduate,12000,0,300,3950,6000,,USD
costs,ipeds-189273,189273,2023-24,https://nces.ed.gov/ipeds/datacenter/data/IC2023_AY.zip,verified,2026-10-02,out_of_state,full_time_first_time_undergraduate,12000,0,300,3950,6000,,USD
costs,ipeds-189413,189413,2023-24,https://nces.ed.gov/ipeds/datacenter/data/IC2023_AY.zip,verified,2026-10-02,district,full_time_first_time_undergraduate,12500,25,400,,,,USD
costs,ipeds-189413,189413,2023-24,https://nces.ed.gov/ipeds/datacenter/data/IC2023_AY.zip,verified,2026-10-02,in_state,full_time_first_time_undergraduate,12500,25,400,,,,USD
costs,ipeds-189413,189413,2023-24,https://nces.ed.gov/ipeds/datacenter/data/IC2023_AY.zip,verified,2026-10-02,out_of_state,full_time_first_time_undergraduate,12500,25,400,,,,USD
costs,ipeds-189547,189547,2023-24,https://nces.ed.gov/ipeds/datacenter/data/IC2023_AY.zip,verified,2026-10-02,district,full_time_first_time_undergraduate,5472,1998,1450,14450,2500,,USD
costs,ipeds-189547,189547,2023-24,https://nces.ed.gov/ipeds/datacenter/data/IC2023_AY.zip,verified,2026-10-02,in_state,full_time_first_time_undergraduate,5472,1998,1450,14450,2500,,USD
costs,ipeds-189547,189547,2023-24,https://nces.ed.gov/ipeds/datacenter/data/IC2023_AY.zip,verified,2026-10-02,out_of_state,full_time_first_time_undergraduate,10944,1998,1450,14450,2500,,USD
costs,ipeds-189565,189565,2023-24,https://nces.ed.gov/ipeds/datacenter/data/IC2023_AY.zip,verified,2026-10-02,district,full_time_first_time_undergraduate,19145,165,1800,,,,USD
costs,ipeds-189565,189565,2023-24,https://nces.ed.gov/ipeds/datacenter/data/IC2023_AY.zip,verified,2026-10-02,in_state,full_time_first_time_undergraduate,19145,165,1800,,,,USD
costs,ipeds-189565,189565,2023-24,https://nces.ed.gov/ipeds/datacenter/data/IC2023_AY.zip,verified,2026-10-02,out_of_state,full_time_first_time_undergraduate,19145,165,1800,,,,USD
costs,ipeds-189583,189583,2023-24,https://nces.ed.gov/ipeds/datacenter/data/IC2023_AY.zip,verified,2026-10-02,district,full_time_first_time_undergraduate,18961,165,1800,,,,USD
costs,ipeds-189583,189583,2023-24,https://nces.ed.gov/ipeds/datacenter/data/IC2023_AY.zip,verified,2026-10-02,in_state,full_time_first_time_undergraduate,18961,165,1800,,,,USD
costs,ipeds-189583,189583,2023-24,https://nces.ed.gov/ipeds/datacenter/data/IC2023_AY.zip,verified,2026-10-02,out_of_state,full_time_first_time_undergraduate,18961,165,1800,,,,USD
costs,ipeds-189592,189592,2023-24,https://nces.ed.gov/ipeds/datacenter/data/IC2023_AY.zip,verified,2026-10-02,district,full_time_first_time_undergraduate,19422,171,1800,,,,USD
costs,ipeds-189592,189592,2023-24,https://nces.ed.gov/ipeds/datacenter/data/IC2023_AY.zip,verified,2026-10-02,in_state,full_time_first_time_undergraduate,19422,171,1800,,,,USD
costs,ipeds-189592,189592,2023-24,https://nces.ed.gov/ipeds/datacenter/data/IC2023_AY.zip,verified,2026-10-02,out_of_state,full_time_first_time_undergraduate,19422,171,1800,,,,USD
costs,ipeds-189705,189705,2023-24,https://nces.ed.gov/ipeds/datacenter/data/IC2023_AY.zip,verified,2026-10-02,district,full_time_first_time_undergraduate,31100,1620,1200,13160,1500,,USD
costs,ipeds-189705,189705,2023-24,https://nces.ed.gov/ipeds/datacenter/data/IC2023_AY.zip,verified,2026-10-02,in_state,full_time_first_time_undergraduate,31100,1620,1200,13160,1500,,USD
costs,ipeds-189705,189705,2023-24,https://nces.ed.gov/ipeds/datacenter/data/IC2023_AY.zip,verified,2026-10-02,out_of_state,full_time_first_time_undergraduate,31100,1620,1200,13160,1500,,USD
costs,ipeds-189811,189811,2023-24,https://nces.ed.gov/ipeds/datacenter/data/IC2023_AY.zip,verified,2026-10-02,district,full_time_first_time_undergraduate,16897,659,1084,,,,USD
costs,ipeds-189811,189811,2023-24,https://nces.ed.gov/ipeds/datacenter/data/IC2023_AY.zip,verified,2026-10-02,in_state,full_time_first_time_undergraduate,16897,659,1084,,,,USD
costs,ipeds-189811,189811,2023-24,https://nces.ed.gov/ipeds/datacenter/data/IC2023_AY.zip,verified,2026-10-02,out_of_state,full_time_first_time_undergraduate,16897,659,1084,,,,USD
costs,ipeds-189839,189839,2023-24,https://nces.ed.gov/ipeds/datacenter/data/IC2023_AY.zip,verified,2026-10-02,district,full_time_first_time_undergraduate,5136,1326,1250,,,,USD
costs,ipeds-189839,189839,2023-24,https://nces.ed.gov/ipeds/datacenter/data/IC2023_AY.zip,verified,2026-10-02,in_state,full_time_first_time_undergraduate,5136,1326,1250,,,,USD
costs,ipeds-189839,189839,2023-24,https://nces.ed.gov/ipeds/datacenter/data/IC2023_AY.zip,verified,2026-10-02,out_of_state,full_time_first_time_undergraduate,10272,1326,1250,,,,USD
costs,ipeds-189857,189857,2023-24,https://nces.ed.gov/ipeds/datacenter/data/IC2023_AY.zip,verified,2026-10-02,district,full_time_first_time_undergraduate,8400,0,300,3600,6000,,USD
costs,ipeds-189857,189857,2023-24,https://nces.ed.gov/ipeds/datacenter/data/IC2023_AY.zip,verified,2026-10-02,in_state,full_time_first_time_undergraduate,8400,0,300,3600,6000,,USD
costs,ipeds-189857,189857,2023-24,https://nces.ed.gov/ipeds/datacenter/data/IC2023_AY.zip,verified,2026-10-02,out_of_state,full_time_first_time_undergraduate,8400,0,300,3600,6000,,USD
costs,ipeds-190008,190008,2023-24,https://nces.ed.gov/ipeds/datacenter/data/IC2023_AY.zip,verified,2026-10-02,district,full_time_first_time_undergraduate,24000,85,600,,,,USD
costs,ipeds-190008,190008,2023-24,https://nces.ed.gov/ipeds/datacenter/data/IC2023_AY.zip,verified,2026-10-02,in_state,full_time_first_time_undergraduate,24000,85,600,,,,USD
costs,ipeds-190008,190008,2023-24,https://nces.ed.gov/ipeds/datacenter/data/IC2023_AY.zip,verified,2026-10-02,out_of_state,full_time_first_time_undergraduate,24000,85,600,,,,USD
costs,ipeds-190044,190044,2023-24,https://nces.ed.gov/ipeds/datacenter/data/IC2023_AY.zip,verified,2026-10-02,district,full_time_first_time_undergraduate,56642,1308,1560,17016,2496,,USD
costs,ipeds-190044,190044,2023-24,https://nces.ed.gov/ipeds/datacenter/data/IC2023_AY.zip,verified,2026-10-02,in_state,full_time_first_time_undergraduate,56642,1308,1560,17016,2496,,USD
costs,ipeds-190044,190044,2023-24,https://nces.ed.gov/ipeds/datacenter/data/IC2023_AY.zip,verified,2026-10-02,out_of_state,full_time_first_time_undergraduate,56642,1308,1560,17016,2496,,USD
costs,ipeds-190053,190053,2023-24,https://nces.ed.gov/ipeds/datacenter/data/IC2023_AY.zip,verified,2026-10-02,district,full_time_first_time_undergraduate,5518,1313,1100,,,,USD
costs,ipeds-190053,190053,2023-24,https://nces.ed.gov/ipeds/datacenter/data/IC2023_AY.zip,verified,2026-10-02,in_state,full_time_first_time_undergraduate,5518,1313,1100,,,,USD
costs,ipeds-190053,190053,2023-24,https://nces.ed.gov/ipeds/datacenter/data/IC2023_AY.zip,verified,2026-10-02,out_of_state,full_time_first_time_undergraduate,5518,1313,1100,,,,USD
costs,ipeds-190099,190099,2023-24,https://nces.ed.gov/ipeds/datacenter/data/IC2023_AY.zip,verified,2026-10-02,district,full_time_first_time_undergraduate,66622,402,1524,16790,1732,,USD
costs,ipeds-190099,190099,2023-24,https://nces.ed.gov/ipeds/datacenter/data/IC2023_AY.zip,verified,2026-10-02,in_state,full_time_first_time_undergraduate,66622,402,1524,16790,1732,,USD
costs,ipeds-190099,190099,2023-24,https://nces.ed.gov/ipeds/datacenter/data/IC2023_AY.zip,verified,2026-10-02,out_of_state,full_time_first_time_undergraduate,66622,402,1524,16790,1732,,USD
costs,ipeds-190114,190114,2023-24,https://nces.ed.gov/ipeds/datacenter/data/IC2023_AY.zip,verified,2026-10-02,district,full_time_first_time_undergraduate,19338,850,1000,,,,USD
costs,ipeds-190114,190114,2023-24,https://nces.ed.gov/ipeds/datacenter/data/IC2023_AY.zip,verified,2026-10-02,in_state,full_time_first_time_undergraduate,19338,850,1000,,,,USD
costs,ipeds-190114,190114,2023-24,https://nces.ed.gov/ipeds/datacenter/data/IC2023_AY.zip,verified,2026-10-02,out_of_state,full_time_first_time_undergraduate,19338,850,1000,,,,USD
costs,ipeds-190150,190150,2023-24,https://nces.ed.gov/ipeds/datacenter/data/IC2023_AY.zip,verified,2026-10-02,district,full_time_first_time_undergraduate,65340,3705,1392,16800,2350,,USD
costs,ipeds-190150,190150,2023-24,https://nces.ed.gov/ipeds/datacenter/data/IC2023_AY.zip,verified,2026-10-02,in_state,full_time_first_time_undergraduate,65340,3705,1392,16800,2350,,USD
costs,ipeds-190150,190150,2023-24,https://nces.ed.gov/ipeds/datacenter/data/IC2023_AY.zip,verified,2026-10-02,out_of_state,full_time_first_time_undergraduate,65340,3705,1392,16800,2350,,USD
costs,ipeds-190169,190169,2023-24,https://nces.ed.gov/ipeds/datacenter/data/IC2023_AY.zip,verified,2026-10-02,district,full_time_first_time_undergraduate,5256,648,1600,,,,USD
costs,ipeds-190169,190169,2023-24,https://nces.ed.gov/ipeds/datacenter/data/IC2023_AY.zip,verified,2026-10-02,in_state,full_time_first_time_undergraduate,5256,648,1600,,,,USD
costs,ipeds-190169,190169,2023-24,https://nces.ed.gov/ipeds/datacenter/data/IC2023_AY.zip,verified,2026-10-02,out_of_state,full_time_first_time_undergraduate,10512,648,1600,,,,USD
costs,ipeds-190372,190372,2023-24,https://nces.ed.gov/ipeds/datacenter/data/IC2023_AY.zip,verified,2026-10-02,district,full_time_first_time_undergraduate,44550,2270,1800,18650,2276,,USD
costs,ipeds-190372,190372,2023-24,https://nces.ed.gov/ipeds/datacenter/data/IC2023_AY.zip,verified,2026-10-02,in_state,full_time_first_time_undergraduate,44550,2270,1800,18650,2276,,USD
costs,ipeds-190372,190372,2023-24,https://nces.ed.gov/ipeds/datacenter/data/IC2023_AY.zip,verified,2026-10-02,out_of_state,full_time_first_time_undergraduate,44550,2270,1800,18650,2276,,USD
costs,ipeds-190415,190415,2023-24,https://nces.ed.gov/ipeds/datacenter/data/IC2023_AY.zip,verified,2026-10-02,district,full_time_first_time_undergraduate,65204,810,1354,18554,2218,,USD
costs,ipeds-190415,190415,2023-24,https://nces.ed.gov/ipeds/datacenter/data/IC2023_AY.zip,verified,2026-10-02,in_state,full_time_first_time_undergraduate,65204,810,1354,18554,2218,,USD
costs,ipeds-190415,190415,2023-24,https://nces.ed.gov/ipeds/datacenter/data/IC2023_AY.zip,verified,2026-10-02,out_of_state,full_time_first_time_undergraduate,65204,810,1354,18554,2218,,USD
costs,ipeds-190442,190442,2023-24,https://nces.ed.gov/ipeds/datacenter/data/IC2023_AY.zip,verified,2026-10-02,district,full_time_first_time_undergraduate,5170,796,1200,10260,1600,,USD
costs,ipeds-190442,190442,2023-24,https://nces.ed.gov/ipeds/datacenter/data/IC2023_AY.zip,verified,2026-10-02,in_state,full_time_first_time_undergraduate,5170,796,1200,10260,1600,,USD
costs,ipeds-190442,190442,2023-24,https://nces.ed.gov/ipeds/datacenter/data/IC2023_AY.zip,verified,2026-10-02,out_of_state,full_time_first_time_undergraduate,8434,796,1200,10260,1600,,USD
costs,ipeds-190451,190451,2023-24,https://nces.ed.gov/ipeds/datacenter/data/IC2023_AY.zip,verified,2026-10-02,district,full_time_first_time_undergraduate,17928,1300,1450,,,,USD
costs,ipeds-190451,190451,2023-24,https://nces.ed.gov/ipeds/datacenter/data/IC2023_AY.zip,verified,2026-10-02,in_state,full_time_first_time_undergraduate,17928,1300,1450,,,,USD
costs,ipeds-190451,190451,2023-24,https://nces.ed.gov/ipeds/datacenter/data/IC2023_AY.zip,verified,2026-10-02,out_of_state,full_time_first_time_undergraduate,17928,1300,1450,,,,USD
costs,ipeds-190503,190503,2023-24,https://nces.ed.gov/ipeds/datacenter/data/IC2023_AY.zip,verified,2026-10-02,district,full_time_first_time_undergraduate,35520,2890,1000,13680,6040,,USD
costs,ipeds-190503,190503,2023-24,https://nces.ed.gov/ipeds/datacenter/data/IC2023_AY.zip,verified,2026-10-02,in_state,full_time_first_time_undergraduate,35520,2890,1000,13680,6040,,USD
costs,ipeds-190503,190503,2023-24,https://nces.ed.gov/ipeds/datacenter/data/IC2023_AY.zip,verified,2026-10-02,out_of_state,full_time_first_time_undergraduate,35520,2890,1000,13680,6040,,USD
costs,ipeds-190512,190512,2023-24,https://nces.ed.gov/ipeds/datacenter/data/IC2023_AY.zip,verified,2026-10-02,district,full_time_first_time_undergraduate,6930,534,1500,18684,3834,,USD
costs,ipeds-190512,190512,2023-24,https://nces.ed.gov/ipeds/datacenter/data/IC2023_AY.zip,verified,2026-10-02,in_state,full_time_first_time_undergraduate,6930,534,1500,18684,3834,,USD
costs,ipeds-190512,190512,2023-24,https://nces.ed.gov/ipeds/datacenter/data/IC2023_AY.zip,verified,2026-10-02,out_of_state,full_time_first_time_undergraduate,14880,534,1500,18684,3834,,USD
costs,ipeds-190521,190521,2023-24,https://nces.ed.gov/ipeds/datacenter/data/IC2023_AY.zip,verified,2026-10-02,district,full_time_first_time_undergraduate,4800,370,1500,,,,USD
costs,ipeds-190521,190521,2023-24,https://nces.ed.gov/ipeds/datacenter/data/IC2023_AY.zip,verified,2026-10-02,in_state,full_time_first_time_undergraduate,4800,370,1500,,,,USD
costs,ipeds-190521,190521,2023-24,https://nces.ed.gov/ipeds/datacenter/data/IC2023_AY.zip,verified,2026-10-02,out_of_state,full_time_first_time_undergraduate,7680,370,1500,,,,USD
costs,ipeds-190530,190530,2023-24,https://nces.ed.gov/ipeds/datacenter/data/IC2023_AY.zip,verified,2026-10-02,district,full_time_first_time_undergraduate,4800,406,1500,,,,USD
costs,ipeds-190530,190530,2023-24,https://nces.ed.gov/ipeds/datacenter/data/IC2023_AY.zip,verified,2026-10-02,in_state,full_time_first_time_undergraduate,4800,406,1500,,,,USD
costs,ipeds-190530,190530,2023-24,https://nces.ed.gov/ipeds/datacenter/data/IC2023_AY.zip,verified,2026-10-02,out_of_state,full_time_first_time_undergraduate,7680,406,1500,,,,USD
costs,ipeds-190549,190549,2023-24,https://nces.ed.gov/ipeds/datacenter/data/IC2023_AY.zip,verified,2026-10-02,district,full_time_first_time_undergraduate,6930,522,1500,,,,USD
costs,ipeds-190549,190549,2023-24,https://nces.ed.gov/ipeds/datacenter/data/IC2023_AY.zip,verified,2026-10-02,in_state,full_time_first_time_undergraduate,6930,522,1500,,,,USD
costs,ipeds-190549,190549,2023-24,https://nces.ed.gov/ipeds/datacenter/data/IC2023_AY.zip,verified,2026-10-02,out_of_state,full_time_first_time_undergraduate,14880,522,1500,,,,USD
costs,ipeds-190558,190558,2023-24,https://nces.ed.gov/ipeds/datacenter/data/IC2023_AY.zip,verified,2026-10-02,district,full_time_first_time_undergraduate,6930,560,1500,20535,3834,,USD
costs,ipeds-190558,190558,2023-24,https://nces.ed.gov/ipeds/datacenter/data/IC2023_AY.zip,verified,2026-10-02,in_state,full_time_first_time_undergraduate,6930,560,1500,20535,3834,,USD
costs,ipeds-190558,190558,2023-24,https://nces.ed.gov/ipeds/datacenter/data/IC2023_AY.zip,verified,2026-10-02,out_of_state,full_time_first_time_undergraduate,14880,560,1500,20535,3834,,USD
costs,ipeds-190567,190567,2023-24,https://nces.ed.gov/ipeds/datacenter/data/IC2023_AY.zip,verified,2026-10-02,district,full_time_first_time_undergraduate,6930,410,1500,18104,3834,,USD
costs,ipeds-190567,190567,2023-24,https://nces.ed.gov/ipeds/datacenter/data/IC2023_AY.zip,verified,2026-10-02,in_state,full_time_first_time_undergraduate,6930,410,1500,18104,3834,,USD
costs,ipeds-190567,190567,2023-24,https://nces.ed.gov/ipeds/datacenter/data/IC2023_AY.zip,verified,2026-10-02,out_of_state,full_time_first_time_undergraduate,14880,410,1500,18104,3834,,USD
costs,ipeds-190576,190576,2023-24,https://nces.ed.gov/ipeds/datacenter/data/IC2023_AY.zip,verified,2026-10-02,district,full_time_first_time_undergraduate,6930,480,1500,,,,USD
costs,ipeds-190576,190576,2023-24,https://nces.ed.gov/ipeds/datacenter/data/IC2023_AY.zip,verified,2026-10-02,in_state,full_time_first_time_undergraduate,6930,480,1500,,,,USD
costs,ipeds-190576,190576,2023-24,https://nces.ed.gov/ipeds/datacenter/data/IC2023_AY.zip,verified,2026-10-02,out_of_state,full_time_first_time_undergraduate,14880,480,1500,,,,USD
costs,ipeds-190585,190585,2023-24,https://nces.ed.gov/ipeds/datacenter/data/IC2023_AY.zip,verified,2026-10-02,district,full_time_first_time_undergraduate,4800,408,1500,,,,USD
costs,ipeds-190585,190585,2023-24,https://nces.ed.gov/ipeds/datacenter/data/IC2023_AY.zip,verified,2026-10-02,in_state,full_time_first_time_undergraduate,4800,408,1500,,,,USD
costs,ipeds-190585,190585,2023-24,https://nces.ed.gov/ipeds/datacenter/data/IC2023_AY.zip,verified,2026-10-02,out_of_state,full_time_first_time_undergraduate,7680,408,1500,,,,USD
costs,ipeds-190594,190594,2023-24,https://nces.ed.gov/ipeds/datacenter/data/IC2023_AY.zip,verified,2026-10-02,district,full_time_first_time_undergraduate,6930,452,1500,11324,3834,,USD
costs,ipeds-190594,190594,2023-24,https://nces.ed.gov/ipeds/datacenter/data/IC2023_AY.zip,verified,2026-10-02,in_state,full_time_first_time_undergraduate,6930,452,1500,11324,3834,,USD
costs,ipeds-190594,190594,2023-24,https://nces.ed.gov/ipeds/datacenter/data/IC2023_AY.zip,verified,2026-10-02,out_of_state,full_time_first_time_undergraduate,14880,452,1500,11324,3834,,USD
costs,ipeds-190600,190600,2023-24,https://nces.ed.gov/ipeds/datacenter/data/IC2023_AY.zip,verified,2026-10-02,district,full_time_first_time_undergraduate,6930,540,1500,,,,USD
costs,ipeds-190600,190600,2023-24,https://nces.ed.gov/ipeds/datacenter/data/IC2023_AY.zip,verified,2026-10-02,in_state,full_time_first_time_undergraduate,6930,540,1500,,,,USD
costs,ipeds-190600,190600,2023-24,https://nces.ed.gov/ipeds/datacenter/data/IC2023_AY.zip,verified,2026-10-02,out_of_state,full_time_first_time_undergraduate,14880,540,1500,,,,USD
costs,ipeds-190619,190619,2023-24,https://nces.ed.gov/ipeds/datacenter/data/IC2023_AY.zip,verified,2026-10-02,district,full_time_first_time_undergraduate,4800,452,1500,,,,USD
costs,ipeds-190619,190619,2023-24,https://nces.ed.gov/ipeds/datacenter/data/IC2023_AY.zip,verified,2026-10-02,in_state,full_time_first_time_undergraduate,4800,452,1500,,,,USD
costs,ipeds-190619,190619,2023-24,https://nces.ed.gov/ipeds/datacenter/data/IC2023_AY.zip,verified,2026-10-02,out_of_state,full_time_first_time_undergraduate,7680,452,1500,,,,USD
costs,ipeds-190628,190628,2023-24,https://nces.ed.gov/ipeds/datacenter/data/IC2023_AY.zip,verified,2026-10-02,district,full_time_first_time_undergraduate,4800,418,1600,,,,USD
costs,ipeds-190628,190628,2023-24,https://nces.ed.gov/ipeds/datacenter/data/IC2023_AY.zip,verified,2026-10-02,in_state,full_time_first_time_undergraduate,4800,418,1600,,,,USD
costs,ipeds-190628,190628,2023-24,https://nces.ed.gov/ipeds/datacenter/data/IC2023_AY.zip,verified,2026-10-02,out_of_state,full_time_first_time_undergraduate,7680,418,1600,,,,USD
costs,ipeds-190637,190637,2023-24,https://nces.ed.gov/ipeds/datacenter/data/IC2023_AY.zip,verified,2026-10-02,district,full_time_first_time_undergraduate,6930,480,1500,,,,USD
costs,ipeds-190637,190637,2023-24,https://nces.ed.gov/ipeds/datacenter/data/IC2023_AY.zip,verified,2026-10-02,in_state,full_time_first_time_undergraduate,6930,480,1500,,,,USD
costs,ipeds-190637,190637,2023-24,https://nces.ed.gov/ipeds/datacenter/data/IC2023_AY.zip,verified,2026-10-02,out_of_state,full_time_first_time_undergraduate,14880,480,1500,,,,USD
costs,ipeds-190646,190646,2023-24,https://nces.ed.gov/ipeds/datacenter/data/IC2023_AY.zip,verified,2026-10-02,district,full_time_first_time_undergraduate,6930,422,1500,,,,USD
costs,ipeds-190646,190646,2023-24,https://nces.ed.gov/ipeds/datacenter/data/IC2023_AY.zip,verified,2026-10-02,in_state,full_time_first_time_undergraduate,6930,422,1500,,,,USD
costs,ipeds-190646,190646,2023-24,https://nces.ed.gov/ipeds/datacenter/data/IC2023_AY.zip,verified,2026-10-02,out_of_state,full_time_first_time_undergraduate,14880,422,1500,,,,USD
costs,ipeds-190655,190655,2023-24,https://nces.ed.gov/ipeds/datacenter/data/IC2023_AY.zip,verified,2026-10-02,district,full_time_first_time_undergraduate,6930,402,1500,,,,USD
costs,ipeds-190655,190655,2023-24,https://nces.ed.gov/ipeds/datacenter/data/IC2023_AY.zip,verified,2026-10-02,in_state,full_time_first_time_undergraduate,6930,402,1500,,,,USD
costs,ipeds-190655,190655,2023-24,https://nces.ed.gov/ipeds/datacenter/data/IC2023_AY.zip,verified,2026-10-02,out_of_state,full_time_first_time_undergraduate,14880,402,1500,,,,USD
costs,ipeds-190664,190664,2023-24,https://nces.ed.gov/ipeds/datacenter/data/IC2023_AY.zip,verified,2026-10-02,district,full_time_first_time_undergraduate,6930,608,1500,16464,3834,,USD
costs,ipeds-190664,190664,2023-24,https://nces.ed.gov/ipeds/datacenter/data/IC2023_AY.zip,verified,2026-10-02,in_state,full_time_first_time_undergraduate,6930,608,1500,16464,3834,,USD
costs,ipeds-190664,190664,2023-24,https://nces.ed.gov/ipeds/datacenter/data/IC2023_AY.zip,verified,2026-10-02,out_of_state,full_time_first_time_undergraduate,14880,608,1500,16464,3834,,USD
costs,ipeds-190673,190673,2023-24,https://nces.ed.gov/ipeds/datacenter/data/IC2023_AY.zip,verified,2026-10-02,district,full_time_first_time_undergraduate,4800,410,1500,,,,USD
costs,ipeds-190673,190673,2023-24,https://nces.ed.gov/ipeds/datacenter/data/IC2023_AY.zip,verified,2026-10-02,in_state,full_time_first_time_undergraduate,4800,410,1500,,,,USD
costs,ipeds-190673,190673,2023-24,https://nces.ed.gov/ipeds/datacenter/data/IC2023_AY.zip,verified,2026-10-02,out_of_state,full_time_first_time_undergraduate,7680,410,1500,,,,USD
costs,ipeds-190691,190691,2023-24,https://nces.ed.gov/ipeds/datacenter/data/IC2023_AY.zip,verified,2026-10-02,district,full_time_first_time_undergraduate,6930,428,1500,,,,USD
costs,ipeds-190691,190691,2023-24,https://nces.ed.gov/ipeds/datacenter/data/IC2023_AY.zip,verified,2026-10-02,in_state,full_time_first_time_undergraduate,6930,428,1500,,,,USD
costs,ipeds-190691,190691,2023-24,https://nces.ed.gov/ipeds/datacenter/data/IC2023_AY.zip,verified,2026-10-02,out_of_state,full_time_first_time_undergraduate,14880,428,1500,,,,USD
costs,ipeds-190716,190716,2023-24,https://nces.ed.gov/ipeds/datacenter/data/IC2023_AY.zip,verified,2026-10-02,district,full_time_first_time_undergraduate,32400,1160,1200,11800,3000,,USD
costs,ipeds-190716,190716,2023-24,https://nces.ed.gov/ipeds/datacenter/data/IC2023_AY.zip,verified,2026-10-02,in_state,full_time_first_time_undergraduate,32400,1160,1200,11800,3000,,USD
costs,ipeds-190716,190716,2023-24,https://nces.ed.gov/ipeds/datacenter/data/IC2023_AY.zip,verified,2026-10-02,out_of_state,full_time_first_time_undergraduate,32400,1160,1200,11800,3000,,USD
costs,ipeds-190725,190725,2023-24,https://nces.ed.gov/ipeds/datacenter/data/IC2023_AY.zip,verified,2026-10-02,district,full_time_first_time_undergraduate,33054,670,1000,13940,1500,,USD
costs,ipeds-190725,190725,2023-24,https://nces.ed.gov/ipeds/datacenter/data/IC2023_AY.zip,verified,2026-10-02,in_state,full_time_first_time_undergraduate,33054,670,1000,13940,1500,,USD
costs,ipeds-190725,190725,2023-24,https://nces.ed.gov/ipeds/datacenter/data/IC2023_AY.zip,verified,2026-10-02,out_of_state,full_time_first_time_undergraduate,33054,670,1000,13940,1500,,USD
costs,ipeds-190752,190752,2023-24,https://nces.ed.gov/ipeds/datacenter/data/IC2023_AY.zip,verified,2026-10-02,district,full_time_first_time_undergraduate,10400,750,300,3700,6000,,USD
costs,ipeds-190752,190752,2023-24,https://nces.ed.gov/ipeds/datacenter/data/IC2023_AY.zip,verified,2026-10-02,in_state,full_time_first_time_undergraduate,10400,750,300,3700,6000,,USD
costs,ipeds-190752,190752,2023-24,https://nces.ed.gov/ipeds/datacenter/data/IC2023_AY.zip,verified,2026-10-02,out_of_state,full_time_first_time_undergraduate,10400,750,300,3700,6000,,USD
costs,ipeds-190761,190761,2023-24,https://nces.ed.gov/ipeds/datacenter/data/IC2023_AY.zip,verified,2026-10-02,district,full_time_first_time_undergraduate,32160,900,1600,16220,2950,,USD
costs,ipeds-190761,190761,2023-24,https://nces.ed.gov/ipeds/datacenter/data/IC2023_AY.zip,verified,2026-10-02,in_state,full_time_first_time_undergraduate,32160,900,1600,16220,2950,,USD
costs,ipeds-190761,190761,2023-24,https://nces.ed.gov/ipeds/datacenter/data/IC2023_AY.zip,verified,2026-10-02,out_of_state,full_time_first_time_undergraduate,32160,900,1600,16220,2950,,USD
costs,ipeds-190840,190840,2023-24,https://nces.ed.gov/ipeds/datacenter/data/IC2023_AY.zip,verified,2026-10-02,district,full_time_first_time_undergraduate,4800,546,1450,15260,3399,,USD
costs,ipeds-190840,190840,2023-24,https://nces.ed.gov/ipeds/datacenter/data/IC2023_AY.zip,verified,2026-10-02,in_state,full_time_first_time_undergraduate,4800,546,1450,15260,3399,,USD
costs,ipeds-190840,190840,2023-24,https://nces.ed.gov/ipeds/datacenter/data/IC2023_AY.zip,verified,2026-10-02,out_of_state,full_time_first_time_undergraduate,9600,546,1450,15260,3399,,USD
costs,ipeds-190956,190956,2023-24,https://nces.ed.gov/ipeds/datacenter/data/IC2023_AY.zip,verified,2026-10-02,district,full_time_first_time_undergraduate,10114,1814,2074,,,,USD
costs,ipeds-190956,190956,2023-24,https://nces.ed.gov/ipeds/datacenter/data/IC2023_AY.zip,verified,2026-10-02,in_state,full_time_first_time_undergraduate,10114,1814,2074,,,,USD
costs,ipeds-190956,190956,2023-24,https://nces.ed.gov/ipeds/datacenter/data/IC2023_AY.zip,verified,2026-10-02,out_of_state,full_time_first_time_undergraduate,10114,1814,2074,,,,USD
costs,ipeds-190983,190983,2023-24,https://nces.ed.gov/ipeds/datacenter/data/IC2023_AY.zip,verified,2026-10-02,district,full_time_first_time_undergraduate,36152,1780,600,13990,550,,USD
costs,ipeds-190983,190983,2023-24,https://nces.ed.gov/ipeds/datacenter/data/IC2023_AY.zip,verified,2026-10-02,in_state,full_time_first_time_undergraduate,36152,1780,600,13990,550,,USD
costs,ipeds-190983,190983,2023-24,https://nces.ed.gov/ipeds/datacenter/data/IC2023_AY.zip,verified,2026-10-02,out_of_state,full_time_first_time_undergraduate,36152,1780,600,13990,550,,USD
costs,ipeds-191083,191083,2023-24,https://nces.ed.gov/ipeds/datacenter/data/IC2023_AY.zip,verified,2026-10-02,district,full_time_first_time_undergraduate,5200,900,1600,,,,USD
costs,ipeds-191083,191083,2023-24,https://nces.ed.gov/ipeds/datacenter/data/IC2023_AY.zip,verified,2026-10-02,in_state,full_time_first_time_undergraduate,10400,900,1600,,,,USD
costs,ipeds-191083,191083,2023-24,https://nces.ed.gov/ipeds/datacenter/data/IC2023_AY.zip,verified,2026-10-02,out_of_state,full_time_first_time_undergraduate,10400,900,1600,,,,USD
costs,ipeds-191126,191126,2023-24,https://nces.ed.gov/ipeds/datacenter/data/IC2023_AY.zip,verified,2026-10-02,district,full_time_first_time_undergraduate,5290,880,1850,24623,3300,,USD
costs,ipeds-191126,191126,2023-24,https://nces.ed.gov/ipeds/datacenter/data/IC2023_AY.zip,verified,2026-10-02,in_state,full_time_first_time_undergraduate,5290,880,1850,24623,3300,,USD
costs,ipeds-191126,191126,2023-24,https://nces.ed.gov/ipeds/datacenter/data/IC2023_AY.zip,verified,2026-10-02,out_of_state,full_time_first_time_undergraduate,15870,880,1850,24623,3300,,USD
costs,ipeds-191199,191199,2023-24,https://nces.ed.gov/ipeds/datacenter/data/IC2023_AY.zip,verified,2026-10-02,district,full_time_first_time_undergraduate,5280,858,1000,14845,3200,,USD
costs,ipeds-191199,191199,2023-24,https://nces.ed.gov/ipeds/datacenter/data/IC2023_AY.zip,verified,2026-10-02,in_state,full_time_first_time_undergraduate,5280,858,1000,14845,3200,,USD
costs,ipeds-191199,191199,2023-24,https://nces.ed.gov/ipeds/datacenter/data/IC2023_AY.zip,verified,2026-10-02,out_of_state,full_time_first_time_undergraduate,7392,858,1000,14845,3200,,USD
costs,ipeds-191205,191205,2023-24,https://nces.ed.gov/ipeds/datacenter/data/IC2023_AY.zip,verified,2026-10-02,district,full_time_first_time_undergraduate,28450,1500,1000,14450,4550,,USD
costs,ipeds-191205,191205,2023-24,https://nces.ed.gov/ipeds/datacenter/data/IC2023_AY.zip,verified,2026-10-02,in_state,full_time_first_time_undergraduate,28450,1500,1000,14450,4550,,USD
costs,ipeds-191205,191205,2023-24,https://nces.ed.gov/ipeds/datacenter/data/IC2023_AY.zip,verified,2026-10-02,out_of_state,full_time_first_time_undergraduate,28450,1500,1000,14450,4550,,USD
costs,ipeds-191241,191241,2023-24,https://nces.ed.gov/ipeds/datacenter/data/IC2023_AY.zip,verified,2026-10-02,district,full_time_first_time_undergraduate,60335,1657,1088,23075,3420,,USD
costs,ipeds-191241,191241,2023-24,https://nces.ed.gov/ipeds/datacenter/data/IC2023_AY.zip,verified,2026-10-02,in_state,full_time_first_time_undergraduate,60335,1657,1088,23075,3420,,USD
costs,ipeds-191241,191241,2023-24,https://nces.ed.gov/ipeds/datacenter/data/IC2023_AY.zip,verified,2026-10-02,out_of_state,full_time_first_time_undergraduate,60335,1657,1088,23075,3420,,USD
costs,ipeds-191302,191302,2023-24,https://nces.ed.gov/ipeds/datacenter/data/IC2023_AY.zip,verified,2026-10-02,district,full_time_first_time_undergraduate,5376,678,900,,,,USD
costs,ipeds-191302,191302,2023-24,https://nces.ed.gov/ipeds/datacenter/data/IC2023_AY.zip,verified,2026-10-02,in_state,full_time_first_time_undergraduate,5376,678,900,,,,USD
costs,ipeds-191302,191302,2023-24,https://nces.ed.gov/ipeds/datacenter/data/IC2023_AY.zip,verified,2026-10-02,out_of_state,full_time_first_time_undergraduate,5976,678,900,,,,USD
costs,ipeds-191339,191339,2023-24,https://nces.ed.gov/ipeds/datacenter/data/IC2023_AY.zip,verified,2026-10-02,district,full_time_first_time_undergraduate,5150,650,1525,9400,2205,,USD
costs,ipeds-191339,191339,2023-24,https://nces.ed.gov/ipeds/datacenter/data/IC2023_AY.zip,verified,2026-10-02,in_state,full_time_first_time_undergraduate,5150,650,1525,9400,2205,,USD
costs,ipeds-191339,191339,2023-24,https://nces.ed.gov/ipeds/datacenter/data/IC2023_AY.zip,verified,2026-10-02,out_of_state,full_time_first_time_undergraduate,5750,650,1525,9400,2205,,USD
costs,ipeds-191515,191515,2023-24,https://nces.ed.gov/ipeds/datacenter/data/IC2023_AY.zip,verified,2026-10-02,district,full_time_first_time_undergraduate,65090,650,800,16690,1000,,USD
costs,ipeds-191515,191515,2023-24,https://nces.ed.gov/ipeds/datacenter/data/IC2023_AY.zip,verified,2026-10-02,in_state,full_time_first_time_undergraduate,65090,650,800,16690,1000,,USD
costs,ipeds-191515,191515,2023-24,https://nces.ed.gov/ipeds/datacenter/data/IC2023_AY.zip,verified,2026-10-02,out_of_state,full_time_first_time_undergraduate,65090,650,800,16690,1000,,USD
costs,ipeds-191533,191533,2023-24,https://nces.ed.gov/ipeds/datacenter/data/IC2023_AY.zip,verified,2026-10-02,district,full_time_first_time_undergraduate,51762,1087,700,14647,700,,USD
costs,ipeds-191533,191533,2023-24,https://nces.ed.gov/ipeds/datacenter/data/IC2023_AY.zip,verified,2026-10-02,in_state,full_time_first_time_undergraduate,51762,1087,700,14647,700,,USD
costs,ipeds-191533,191533,2023-24,https://nces.ed.gov/ipeds/datacenter/data/IC2023_AY.zip,verified,2026-10-02,out_of_state,full_time_first_time_undergraduate,51762,1087,700,14647,700,,USD
costs,ipeds-191597,191597,2023-24,https://nces.ed.gov/ipeds/datacenter/data/IC2023_AY.zip,verified,2026-10-02,district,full_time_first_time_undergraduate,22267,2381,2250,,,,USD
costs,ipeds-191597,191597,2023-24,https://nces.ed.gov/ipeds/datacenter/data/IC2023_AY.zip,verified,2026-10-02,in_state,full_time_first_time_undergraduate,22267,2381,2250,,,,USD
costs,ipeds-191597,191597,2023-24,https://nces.ed.gov/ipeds/datacenter/data/IC2023_AY.zip,verified,2026-10-02,out_of_state,full_time_first_time_undergraduate,22267,2381,2250,,,,USD
costs,ipeds-191612,191612,2023-24,https://nces.ed.gov/ipeds/datacenter/data/IC2023_AY.zip,verified,2026-10-02,district,full_time_first_time_undergraduate,5116,660,1250,13298,3248,,USD
costs,ipeds-191612,191612,2023-24,https://nces.ed.gov/ipeds/datacenter/data/IC2023_AY.zip,verified,2026-10-02,in_state,full_time_first_time_undergraduate,5116,660,1250,13298,3248,,USD
costs,ipeds-191612,191612,2023-24,https://nces.ed.gov/ipeds/datacenter/data/IC2023_AY.zip,verified,2026-10-02,out_of_state,full_time_first_time_undergraduate,5116,660,1250,13298,3248,,USD
costs,ipeds-191621,191621,2023-24,https://nces.ed.gov/ipeds/datacenter/data/IC2023_AY.zip,verified,2026-10-02,district,full_time_first_time_undergraduate,29300,2850,0,14200,1900,,USD
costs,ipeds-191621,191621,2023-24,https://nces.ed.gov/ipeds/datacenter/data/IC2023_AY.zip,verified,2026-10-02,in_state,full_time_first_time_undergraduate,29300,2850,0,14200,1900,,USD
costs,ipeds-191621,191621,2023-24,https://nces.ed.gov/ipeds/datacenter/data/IC2023_AY.zip,verified,2026-10-02,out_of_state,full_time_first_time_undergraduate,29300,2850,0,14200,1900,,USD
costs,ipeds-191630,191630,2023-24,https://nces.ed.gov/ipeds/datacenter/data/IC2023_AY.zip,verified,2026-10-02,district,full_time_first_time_undergraduate,61858,1410,1300,17334,700,,USD
costs,ipeds-191630,191630,2023-24,https://nces.ed.gov/ipeds/datacenter/data/IC2023_AY.zip,verified,2026-10-02,in_state,full_time_first_time_undergraduate,61858,1410,1300,17334,700,,USD
costs,ipeds-191630,191630,2023-24,https://nces.ed.gov/ipeds/datacenter/data/IC2023_AY.zip,verified,2026-10-02,out_of_state,full_time_first_time_undergraduate,61858,1410,1300,17334,700,,USD
costs,ipeds-191649,191649,2023-24,https://nces.ed.gov/ipeds/datacenter/data/IC2023_AY.zip,verified,2026-10-02,district,full_time_first_time_undergraduate,54335,1115,1000,17720,2050,,USD
costs,ipeds-191649,191649,2023-24,https://nces.ed.gov/ipeds/datacenter/data/IC2023_AY.zip,verified,2026-10-02,in_state,full_time_first_time_undergraduate,54335,1115,1000,17720,2050,,USD
costs,ipeds-191649,191649,2023-24,https://nces.ed.gov/ipeds/datacenter/data/IC2023_AY.zip,verified,2026-10-02,out_of_state,full_time_first_time_undergraduate,54335,1115,1000,17720,2050,,USD
costs,ipeds-191676,191676,2023-24,https://nces.ed.gov/ipeds/datacenter/data/IC2023_AY.zip,verified,2026-10-02,district,full_time_first_time_undergraduate,16690,600,1000,10810,2500,,USD
costs,ipeds-191676,191676,2023-24,https://nces.ed.gov/ipeds/datacenter/data/IC2023_AY.zip,verified,2026-10-02,in_state,full_time_first_time_undergraduate,16690,600,1000,10810,2500,,USD
costs,ipeds-191676,191676,2023-24,https://nces.ed.gov/ipeds/datacenter/data/IC2023_AY.zip,verified,2026-10-02,out_of_state,full_time_first_time_undergraduate,16690,600,1000,10810,2500,,USD
costs,ipeds-191719,191719,2023-24,https://nces.ed.gov/ipeds/datacenter/data/IC2023_AY.zip,verified,2026-10-02,district,full_time_first_time_undergraduate,5056,1638,1500,,,,USD
costs,ipeds-191719,191719,2023-24,https://nces.ed.gov/ipeds/datacenter/data/IC2023_AY.zip,verified,2026-10-02,in_state,full_time_first_time_undergraduate,5056,1638,1500,,,,USD
costs,ipeds-191719,191719,2023-24,https://nces.ed.gov/ipeds/datacenter/data/IC2023_AY.zip,verified,2026-10-02,out_of_state,full_time_first_time_undergraduate,10112,1638,1500,,,,USD
costs,ipeds-191931,191931,2023-24,https://nces.ed.gov/ipeds/datacenter/data/IC2023_AY.zip,verified,2026-10-02,district,full_time_first_time_undergraduate,43680,2200,1000,18270,1850,,USD
costs,ipeds-191931,191931,2023-24,https://nces.ed.gov/ipeds/datacenter/data/IC2023_AY.zip,verified,2026-10-02,in_state,full_time_first_time_undergraduate,43680,2200,1000,18270,1850,,USD
costs,ipeds-191931,191931,2023-24,https://nces.ed.gov/ipeds/datacenter/data/IC2023_AY.zip,verified,2026-10-02,out_of_state,full_time_first_time_undergraduate,43680,2200,1000,18270,1850,,USD
costs,ipeds-191959,191959,2023-24,https://nces.ed.gov/ipeds/datacenter/data/IC2023_AY.zip,verified,2026-10-02,district,full_time_first_time_undergraduate,18750,450,1450,,,,USD
costs,ipeds-191959,191959,2023-24,https://nces.ed.gov/ipeds/datacenter/data/IC2023_AY.zip,verified,2026-10-02,in_state,full_time_first_time_undergraduate,18750,450,1450,,,,USD
costs,ipeds-191959,191959,2023-24,https://nces.ed.gov/ipeds/datacenter/data/IC2023_AY.zip,verified,2026-10-02,out_of_state,full_time_first_time_undergraduate,18750,450,1450,,,,USD
costs,ipeds-191968,191968,2023-24,https://nces.ed.gov/ipeds/datacenter/data/IC2023_AY.zip,verified,2026-10-02,district,full_time_first_time_undergraduate,50510,0,850,16030,1326,,USD
costs,ipeds-191968,191968,2023-24,https://nces.ed.gov/ipeds/datacenter/data/IC2023_AY.zip,verified,2026-10-02,in_state,full_time_first_time_undergraduate,50510,0,850,16030,1326,,USD
costs,ipeds-191968,191968,2023-24,https://nces.ed.gov/ipeds/datacenter/data/IC2023_AY.zip,verified,2026-10-02,out_of_state,full_time_first_time_undergraduate,50510,0,850,16030,1326,,USD
costs,ipeds-191986,191986,2023-24,https://nces.ed.gov/ipeds/datacenter/data/IC2023_AY.zip,verified,2026-10-02,district,full_time_first_time_undergraduate,5440,1160,1200,11440,2200,,USD
costs,ipeds-191986,191986,2023-24,https://nces.ed.gov/ipeds/datacenter/data/IC2023_AY.zip,verified,2026-10-02,in_state,full_time_first_time_undergraduate,5440,1160,1200,11440,2200,,USD
costs,ipeds-191986,191986,2023-24,https://nces.ed.gov/ipeds/datacenter/data/IC2023_AY.zip,verified,2026-10-02,out_of_state,full_time_first_time_undergraduate,10880,1160,1200,11440,2200,,USD
costs,ipeds-192004,192004,2023-24,https://nces.ed.gov/ipeds/datacenter/data/IC2023_AY.zip,verified,2026-10-02,district,full_time_first_time_undergraduate,12000,945,700,,,,USD
costs,ipeds-192004,192004,2023-24,https://nces.ed.gov/ipeds/datacenter/data/IC2023_AY.zip,verified,2026-10-02,in_state,full_time_first_time_undergraduate,12000,945,700,,,,USD
costs,ipeds-192004,192004,2023-24,https://nces.ed.gov/ipeds/datacenter/data/IC2023_AY.zip,verified,2026-10-02,out_of_state,full_time_first_time_undergraduate,12000,945,700,,,,USD
costs,ipeds-192022,192022,2023-24,https://nces.ed.gov/ipeds/datacenter/data/IC2023_AY.zip,verified,2026-10-02,district,full_time_first_time_undergraduate,5304,744,1000,14024,2300,,USD
costs,ipeds-192022,192022,2023-24,https://nces.ed.gov/ipeds/datacenter/data/IC2023_AY.zip,verified,2026-10-02,in_state,full_time_first_time_undergraduate,5304,744,1000,14024,2300,,USD
costs,ipeds-192022,192022,2023-24,https://nces.ed.gov/ipeds/datacenter/data/IC2023_AY.zip,verified,2026-10-02,out_of_state,full_time_first_time_undergraduate,5304,744,1000,14024,2300,,USD
costs,ipeds-192040,192040,2023-24,https://nces.ed.gov/ipeds/datacenter/data/IC2023_AY.zip,verified,2026-10-02,district,full_time_first_time_undergraduate,57750,7795,500,18400,1500,,USD
costs,ipeds-192040,192040,2023-24,https://nces.ed.gov/ipeds/datacenter/data/IC2023_AY.zip,verified,2026-10-02,in_state,full_time_first_time_undergraduate,57750,7795,500,18400,1500,,USD
costs,ipeds-192040,192040,2023-24,https://nces.ed.gov/ipeds/datacenter/data/IC2023_AY.zip,verified,2026-10-02,out_of_state,full_time_first_time_undergraduate,57750,7795,500,18400,1500,,USD
costs,ipeds-192110,192110,2023-24,https://nces.ed.gov/ipeds/datacenter/data/IC2023_AY.zip,verified,2026-10-02,district,full_time_first_time_undergraduate,53300,3250,800,21340,5200,,USD
costs,ipeds-192110,192110,2023-24,https://nces.ed.gov/ipeds/datacenter/data/IC2023_AY.zip,verified,2026-10-02,in_state,full_time_first_time_undergraduate,53300,3250,800,21340,5200,,USD
costs,ipeds-192110,192110,2023-24,https://nces.ed.gov/ipeds/datacenter/data/IC2023_AY.zip,verified,2026-10-02,out_of_state,full_time_first_time_undergraduate,53300,3250,800,21340,5200,,USD
costs,ipeds-192165,192165,2023-24,https://nces.ed.gov/ipeds/datacenter/data/IC2023_AY.zip,verified,2026-10-02,district,full_time_first_time_undergraduate,12800,0,150,3400,1500,,USD
costs,ipeds-192165,192165,2023-24,https://nces.ed.gov/ipeds/datacenter/data/IC2023_AY.zip,verified,2026-10-02,in_state,full_time_first_time_undergraduate,12800,0,150,3400,1500,,USD
costs,ipeds-192165,192165,2023-24,https://nces.ed.gov/ipeds/datacenter/data/IC2023_AY.zip,verified,2026-10-02,out_of_state,full_time_first_time_undergraduate,12800,0,150,3400,1500,,USD
costs,ipeds-192192,192192,2023-24,https://nces.ed.gov/ipeds/datacenter/data/IC2023_AY.zip,verified,2026-10-02,district,full_time_first_time_undergraduate,36500,1500,1300,13556,2230,,USD
costs,ipeds-192192,192192,2023-24,https://nces.ed.gov/ipeds/datacenter/data/IC2023_AY.zip,verified,2026-10-02,in_state,full_time_first_time_undergraduate,36500,1500,1300,13556,2230,,USD
costs,ipeds-192192,192192,2023-24,https://nces.ed.gov/ipeds/datacenter/data/IC2023_AY.zip,verified,2026-10-02,out_of_state,full_time_first_time_undergraduate,36500,1500,1300,13556,2230,,USD
costs,ipeds-192271,192271,2023-24,https://nces.ed.gov/ipeds/datacenter/data/IC2023_AY.zip,verified,2026-10-02,district,full_time_first_time_undergraduate,31090,860,900,19656,2700,,USD
costs,ipeds-192271,192271,2023-24,https://nces.ed.gov/ipeds/datacenter/data/IC2023_AY.zip,verified,2026-10-02,in_state,full_time_first_time_undergraduate,31090,860,900,19656,2700,,USD
costs,ipeds-192271,192271,2023-24,https://nces.ed.gov/ipeds/datacenter/data/IC2023_AY.zip,verified,2026-10-02,out_of_state,full_time_first_time_undergraduate,31090,860,900,19656,2700,,USD
costs,ipeds-192323,192323,2023-24,https://nces.ed.gov/ipeds/datacenter/data/IC2023_AY.zip,verified,2026-10-02,district,full_time_first_time_undergraduate,37770,1200,1300,15660,1390,,USD
costs,ipeds-192323,192323,2023-24,https://nces.ed.gov/ipeds/datacenter/data/IC2023_AY.zip,verified,2026-10-02,in_state,full_time_first_time_undergraduate,37770,1200,1300,15660,1390,,USD
costs,ipeds-192323,192323,2023-24,https://nces.ed.gov/ipeds/datacenter/data/IC2023_AY.zip,verified,2026-10-02,out_of_state,full_time_first_time_undergraduate,37770,1200,1300,15660,1390,,USD
costs,ipeds-192448,192448,2023-24,https://nces.ed.gov/ipeds/datacenter/data/IC2023_AY.zip,verified,2026-10-02,district,full_time_first_time_undergraduate,39458,2184,2000,17354,2500,,USD
costs,ipeds-192448,192448,2023-24,https://nces.ed.gov/ipeds/datacenter/data/IC2023_AY.zip,verified,2026-10-02,in_state,full_time_first_time_undergraduate,39458,2184,2000,17354,2500,,USD
costs,ipeds-192448,192448,2023-24,https://nces.ed.gov/ipeds/datacenter/data/IC2023_AY.zip,verified,2026-10-02,out_of_state,full_time_first_time_undergraduate,39458,2184,2000,17354,2500,,USD
costs,ipeds-192509,192509,2023-24,https://nces.ed.gov/ipeds/datacenter/data/IC2023_AY.zip,verified,2026-10-02,district,full_time_first_time_undergraduate,9800,2200,800,,,,USD
costs,ipeds-192509,192509,2023-24,https://nces.ed.gov/ipeds/datacenter/data/IC2023_AY.zip,verified,2026-10-02,in_state,full_time_first_time_undergraduate,9800,2200,800,,,,USD
costs,ipeds-192509,192509,2023-24,https://nces.ed.gov/ipeds/datacenter/data/IC2023_AY.zip,verified,2026-10-02,out_of_state,full_time_first_time_undergraduate,9800,2200,800,,,,USD
costs,ipeds-192624,192624,2023-24,https://nces.ed.gov/ipeds/datacenter/data/IC2023_AY.zip,verified,2026-10-02,district,full_time_first_time_undergraduate,13500,0,300,1000,6000,,USD
costs,ipeds-192624,192624,2023-24,https://nces.ed.gov/ipeds/datacenter/data/IC2023_AY.zip,verified,2026-10-02,in_state,full_time_first_time_undergraduate,13500,0,300,1000,6000,,USD
costs,ipeds-192624,192624,2023-24,https://nces.ed.gov/ipeds/datacenter/data/IC2023_AY.zip,verified,2026-10-02,out_of_state,full_time_first_time_undergraduate,13500,0,300,1000,6000,,USD
costs,ipeds-192688,192688,2023-24,https://nces.ed.gov/ipeds/datacenter/data/IC2023_AY.zip,verified,2026-10-02,district,full_time_first_time_undergraduate,21000,200,1200,,,,USD
costs,ipeds-192688,192688,2023-24,https://nces.ed.gov/ipeds/datacenter/data/IC2023_AY.zip,verified,2026-10-02,in_state,full_time_first_time_undergraduate,21000,200,1200,,,,USD
costs,ipeds-192688,192688,2023-24,https://nces.ed.gov/ipeds/datacenter/data/IC2023_AY.zip,verified,2026-10-02,out_of_state,full_time_first_time_undergraduate,21000,200,1200,,,,USD
costs,ipeds-192703,192703,2023-24,https://nces.ed.gov/ipeds/datacenter/data/IC2023_AY.zip,verified,2026-10-02,district,full_time_first_time_undergraduate,46100,4750,1200,18440,2100,,USD
costs,ipeds-192703,192703,2023-24,https://nces.ed.gov/ipeds/datacenter/data/IC2023_AY.zip,verified,2026-10-02,in_state,full_time_first_time_undergraduate,46100,4750,1200,18440,2100,,USD
costs,ipeds-192703,192703,2023-24,https://nces.ed.gov/ipeds/datacenter/data/IC2023_AY.zip,verified,2026-10-02,out_of_state,full_time_first_time_undergraduate,46100,4750,1200,18440,2100,,USD
costs,ipeds-192712,192712,2023-24,https://nces.ed.gov/ipeds/datacenter/data/IC2023_AY.zip,verified,2026-10-02,district,full_time_first_time_undergraduate,53500,1100,1500,17350,4600,,USD
costs,ipeds-192712,192712,2023-24,https://nces.ed.gov/ipeds/datacenter/data/IC2023_AY.zip,verified,2026-10-02,in_state,full_time_first_time_undergraduate,53500,1100,1500,17350,4600,,USD
costs,ipeds-192712,192712,2023-24,https://nces.ed.gov/ipeds/datacenter/data/IC2023_AY.zip,verified,2026-10-02,out_of_state,full_time_first_time_undergraduate,53500,1100,1500,17350,4600,,USD
costs,ipeds-192749,192749,2023-24,https://nces.ed.gov/ipeds/datacenter/data/IC2023_AY.zip,verified,2026-10-02,district,full_time_first_time_undergraduate,40850,2100,800,15540,1670,,USD
costs,ipeds-192749,192749,2023-24,https://nces.ed.gov/ipeds/datacenter/data/IC2023_AY.zip,verified,2026-10-02,in_state,full_time_first_time_undergraduate,40850,2100,800,15540,1670,,USD
costs,ipeds-192749,192749,2023-24,https://nces.ed.gov/ipeds/datacenter/data/IC2023_AY.zip,verified,2026-10-02,out_of_state,full_time_first_time_undergraduate,40850,2100,800,15540,1670,,USD
costs,ipeds-192785,192785,2023-24,https://nces.ed.gov/ipeds/datacenter/data/IC2023_AY.zip,verified,2026-10-02,district,full_time_first_time_undergraduate,16980,700,1500,,,,USD
costs,ipeds-192785,192785,2023-24,https://nces.ed.gov/ipeds/datacenter/data/IC2023_AY.zip,verified,2026-10-02,in_state,full_time_first_time_undergraduate,16980,700,1500,,,,USD
costs,ipeds-192785,192785,2023-24,https://nces.ed.gov/ipeds/datacenter/data/IC2023_AY.zip,verified,2026-10-02,out_of_state,full_time_first_time_undergraduate,16980,700,1500,,,,USD
costs,ipeds-192800,192800,2023-24,https://nces.ed.gov/ipeds/datacenter/data/IC2023_AY.zip,verified,2026-10-02,district,full_time_first_time_undergraduate,8385,2635,2350,,,,USD
costs,ipeds-192800,192800,2023-24,https://nces.ed.gov/ipeds/datacenter/data/IC2023_AY.zip,verified,2026-10-02,in_state,full_time_first_time_undergraduate,8385,2635,2350,,,,USD
costs,ipeds-192800,192800,2023-24,https://nces.ed.gov/ipeds/datacenter/data/IC2023_AY.zip,verified,2026-10-02,out_of_state,full_time_first_time_undergraduate,8385,2635,2350,,,,USD
costs,ipeds-192819,192819,2023-24,https://nces.ed.gov/ipeds/datacenter/data/IC2023_AY.zip,verified,2026-10-02,district,full_time_first_time_undergraduate,45330,810,2425,17710,2135,,USD
costs,ipeds-192819,192819,2023-24,https://nces.ed.gov/ipeds/datacenter/data/IC2023_AY.zip,verified,2026-10-02,in_state,full_time_first_time_undergraduate,45330,810,2425,17710,2135,,USD
costs,ipeds-192819,192819,2023-24,https://nces.ed.gov/ipeds/datacenter/data/IC2023_AY.zip,verified,2026-10-02,out_of_state,full_time_first_time_undergraduate,45330,810,2425,17710,2135,,USD
costs,ipeds-192864,192864,2023-24,https://nces.ed.gov/ipeds/datacenter/data/IC2023_AY.zip,verified,2026-10-02,district,full_time_first_time_undergraduate,38400,1860,1000,20191,6500,,USD
costs,ipeds-192864,192864,2023-24,https://nces.ed.gov/ipeds/datacenter/data/IC2023_AY.zip,verified,2026-10-02,in_state,full_time_first_time_undergraduate,38400,1860,1000,20191,6500,,USD
costs,ipeds-192864,192864,2023-24,https://nces.ed.gov/ipeds/datacenter/data/IC2023_AY.zip,verified,2026-10-02,out_of_state,full_time_first_time_undergraduate,38400,1860,1000,20191,6500,,USD
costs,ipeds-192961,192961,2023-24,https://nces.ed.gov/ipeds/datacenter/data/IC2023_AY.zip,verified,2026-10-02,district,full_time_first_time_undergraduate,11456,3300,1800,,,,USD
costs,ipeds-192961,192961,2023-24,https://nces.ed.gov/ipeds/datacenter/data/IC2023_AY.zip,verified,2026-10-02,in_state,full_time_first_time_undergraduate,11456,3300,1800,,,,USD
costs,ipeds-192961,192961,2023-24,https://nces.ed.gov/ipeds/datacenter/data/IC2023_AY.zip,verified,2026-10-02,out_of_state,full_time_first_time_undergraduate,11456,3300,1800,,,,USD
costs,ipeds-193016,193016,2023-24,https://nces.ed.gov/ipeds/datacenter/data/IC2023_AY.zip,verified,2026-10-02,district,full_time_first_time_undergraduate,21236,870,1692,14700,3940,,USD
costs,ipeds-193016,193016,2023-24,https://nces.ed.gov/ipeds/datacenter/data/IC2023_AY.zip,verified,2026-10-02,in_state,full_time_first_time_undergraduate,21236,870,1692,14700,3940,,USD
costs,ipeds-193016,193016,2023-24,https://nces.ed.gov/ipeds/datacenter/data/IC2023_AY.zip,verified,2026-10-02,out_of_state,full_time_first_time_undergraduate,21236,870,1692,14700,3940,,USD
costs,ipeds-193052,193052,2023-24,https://nces.ed.gov/ipeds/datacenter/data/IC2023_AY.zip,verified,2026-10-02,district,full_time_first_time_undergraduate,12500,1450,200,5500,3200,,USD
costs,ipeds-193052,193052,2023-24,https://nces.ed.gov/ipeds/datacenter/data/IC2023_AY.zip,verified,2026-10-02,in_state,full_time_first_time_undergraduate,12500,1450,200,5500,3200,,USD
costs,ipeds-193052,193052,2023-24,https://nces.ed.gov/ipeds/datacenter/data/IC2023_AY.zip,verified,2026-10-02,out_of_state,full_time_first_time_undergraduate,12500,1450,200,5500,3200,,USD
costs,ipeds-193061,193061,2023-24,https://nces.ed.gov/ipeds/datacenter/data/IC2023_AY.zip,verified,2026-10-02,district,full_time_first_time_undergraduate,10100,0,300,4900,6000,,USD
costs,ipeds-193061,193061,2023-24,https://nces.ed.gov/ipeds/datacenter/data/IC2023_AY.zip,verified,2026-10-02,in_state,full_time_first_time_undergraduate,10100,0,300,4900,6000,,USD
costs,ipeds-193061,193061,2023-24,https://nces.ed.gov/ipeds/datacenter/data/IC2023_AY.zip,verified,2026-10-02,out_of_state,full_time_first_time_undergraduate,10100,0,300,4900,6000,,USD
costs,ipeds-193070,193070,2023-24,https://nces.ed.gov/ipeds/datacenter/data/IC2023_AY.zip,verified,2026-10-02,district,full_time_first_time_undergraduate,13560,0,200,4000,800,,USD
costs,ipeds-193070,193070,2023-24,https://nces.ed.gov/ipeds/datacenter/data/IC2023_AY.zip,verified,2026-10-02,in_state,full_time_first_time_undergraduate,13560,0,200,4000,800,,USD
costs,ipeds-193070,193070,2023-24,https://nces.ed.gov/ipeds/datacenter/data/IC2023_AY.zip,verified,2026-10-02,out_of_state,full_time_first_time_undergraduate,13560,0,200,4000,800,,USD
costs,ipeds-193201,193201,2023-24,https://nces.ed.gov/ipeds/datacenter/data/IC2023_AY.zip,verified,2026-10-02,district,full_time_first_time_undergraduate,13275,2590,3351,,,,USD
costs,ipeds-193201,193201,2023-24,https://nces.ed.gov/ipeds/datacenter/data/IC2023_AY.zip,verified,2026-10-02,in_state,full_time_first_time_undergraduate,13275,2590,3351,,,,USD
costs,ipeds-193201,193201,2023-24,https://nces.ed.gov/ipeds/datacenter/data/IC2023_AY.zip,verified,2026-10-02,out_of_state,full_time_first_time_undergraduate,13275,2590,3351,,,,USD
costs,ipeds-193247,193247,2023-24,https://nces.ed.gov/ipeds/datacenter/data/IC2023_AY.zip,verified,2026-10-02,district,full_time_first_time_undergraduate,12500,0,375,3300,4573,,USD
costs,ipeds-193247,193247,2023-24,https://nces.ed.gov/ipeds/datacenter/data/IC2023_AY.zip,verified,2026-10-02,in_state,full_time_first_time_undergraduate,12500,0,375,3300,4573,,USD
costs,ipeds-193247,193247,2023-24,https://nces.ed.gov/ipeds/datacenter/data/IC2023_AY.zip,verified,2026-10-02,out_of_state,full_time_first_time_undergraduate,12500,0,375,3300,4573,,USD
costs,ipeds-193283,193283,2023-24,https://nces.ed.gov/ipeds/datacenter/data/IC2023_AY.zip,verified,2026-10-02,district,full_time_first_time_undergraduate,5162,952,1616,12390,2242,,USD
costs,ipeds-193283,193283,2023-24,https://nces.ed.gov/ipeds/datacenter/data/IC2023_AY.zip,verified,2026-10-02,in_state,full_time_first_time_undergraduate,5162,952,1616,12390,2242,,USD
costs,ipeds-193283,193283,2023-24,https://nces.ed.gov/ipeds/datacenter/data/IC2023_AY.zip,verified,2026-10-02,out_of_state,full_time_first_time_undergraduate,7743,952,1616,12390,2242,,USD
costs,ipeds-193292,193292,2023-24,https://nces.ed.gov/ipeds/datacenter/data/IC2023_AY.zip,verified,2026-10-02,district,full_time_first_time_undergraduate,36280,1560,1000,17760,2680,,USD
costs,ipeds-193292,193292,2023-24,https://nces.ed.gov/ipeds/datacenter/data/IC2023_AY.zip,verified,2026-10-02,in_state,full_time_first_time_undergraduate,36280,1560,1000,17760,2680,,USD
costs,ipeds-193292,193292,2023-24,https://nces.ed.gov/ipeds/datacenter/data/IC2023_AY.zip,verified,2026-10-02,out_of_state,full_time_first_time_undergraduate,36280,1560,1000,17760,2680,,USD
costs,ipeds-193308,193308,2023-24,https://nces.ed.gov/ipeds/datacenter/data/IC2023_AY.zip,verified,2026-10-02,district,full_time_first_time_undergraduate,15912,2010,200,11500,5200,,USD
costs,ipeds-193308,193308,2023-24,https://nces.ed.gov/ipeds/datacenter/data/IC2023_AY.zip,verified,2026-10-02,in_state,full_time_first_time_undergraduate,15912,2010,200,11500,5200,,USD
costs,ipeds-193308,193308,2023-24,https://nces.ed.gov/ipeds/datacenter/data/IC2023_AY.zip,verified,2026-10-02,out_of_state,full_time_first_time_undergraduate,15912,2010,200,11500,5200,,USD
costs,ipeds-193326,193326,2023-24,https://nces.ed.gov/ipeds/datacenter/data/IC2023_AY.zip,verified,2026-10-02,district,full_time_first_time_undergraduate,4900,956,1200,8980,2700,,USD
costs,ipeds-193326,193326,2023-24,https://nces.ed.gov/ipeds/datacenter/data/IC2023_AY.zip,verified,2026-10-02,in_state,full_time_first_time_undergraduate,4900,956,1200,8980,2700,,USD
costs,ipeds-193326,193326,2023-24,https://nces.ed.gov/ipeds/datacenter/data/IC2023_AY.zip,verified,2026-10-02,out_of_state,full_time_first_time_undergraduate,9800,956,1200,8980,2700,,USD
costs,ipeds-193353,193353,2023-24,https://nces.ed.gov/ipeds/datacenter/data/IC2023_AY.zip,verified,2026-10-02,district,full_time_first_time_undergraduate,39820,1550,1522,18820,1684,,USD
costs,ipeds-193353,193353,2023-24,https://nces.ed.gov/ipeds/datacenter/data/IC2023_AY.zip,verified,2026-10-02,in_state,full_time_first_time_undergraduate,39820,1550,1522,18820,1684,,USD
costs,ipeds-193353,193353,2023-24,https://nces.ed.gov/ipeds/datacenter/data/IC2023_AY.zip,verified,2026-10-02,out_of_state,full_time_first_time_undergraduate,39820,1550,1522,18820,1684,,USD
costs,ipeds-193399,193399,2023-24,https://nces.ed.gov/ipeds/datacenter/data/IC2023_AY.zip,verified,2026-10-02,district,full_time_first_time_undergraduate,41200,1540,900,14300,3670,,USD
costs,ipeds-193399,193399,2023-24,https://nces.ed.gov/ipeds/datacenter/data/IC2023_AY.zip,verified,2026-10-02,in_state,full_time_first_time_undergraduate,41200,1540,900,14300,3670,,USD
costs,ipeds-193399,193399,2023-24,https://nces.ed.gov/ipeds/datacenter/data/IC2023_AY.zip,verified,2026-10-02,out_of_state,full_time_first_time_undergraduate,41200,1540,900,14300,3670,,USD
costs,ipeds-193478,193478,2023-24,https://nces.ed.gov/ipeds/datacenter/data/IC2023_AY.zip,verified,2026-10-02,district,full_time_first_time_undergraduate,5800,530,2100,,,,USD
costs,ipeds-193478,193478,2023-24,https://nces.ed.gov/ipeds/datacenter/data/IC2023_AY.zip,verified,2026-10-02,in_state,full_time_first_time_undergraduate,5800,530,2100,,,,USD
costs,ipeds-193478,193478,2023-24,https://nces.ed.gov/ipeds/datacenter/data/IC2023_AY.zip,verified,2026-10-02,out_of_state,full_time_first_time_undergraduate,11600,530,2100,,,,USD
costs,ipeds-193584,193584,2023-24,https://nces.ed.gov/ipeds/datacenter/data/IC2023_AY.zip,verified,2026-10-02,district,full_time_first_time_undergraduate,38790,2090,1000,15620,2000,,USD
costs,ipeds-193584,193584,2023-24,https://nces.ed.gov/ipeds/datacenter/data/IC2023_AY.zip,verified,2026-10-02,in_state,full_time_first_time_undergraduate,38790,2090,1000,15620,2000,,USD
costs,ipeds-193584,193584,2023-24,https://nces.ed.gov/ipeds/datacenter/data/IC2023_AY.zip,verified,2026-10-02,out_of_state,full_time_first_time_undergraduate,38790,2090,1000,15620,2000,,USD
costs,ipeds-193609,193609,2023-24,https://nces.ed.gov/ipeds/datacenter/data/IC2023_AY.zip,verified,2026-10-02,district,full_time_first_time_undergraduate,17900,500,400,,,,USD
costs,ipeds-193609,193609,2023-24,https://nces.ed.gov/ipeds/datacenter/data/IC2023_AY.zip,verified,2026-10-02,in_state,full_time_first_time_undergraduate,17900,500,400,,,,USD
costs,ipeds-193609,193609,2023-24,https://nces.ed.gov/ipeds/datacenter/data/IC2023_AY.zip,verified,2026-10-02,out_of_state,full_time_first_time_undergraduate,17900,500,400,,,,USD
costs,ipeds-193654,193654,2023-24,https://nces.ed.gov/ipeds/datacenter/data/IC2023_AY.zip,verified,2026-10-02,district,full_time_first_time_undergraduate,54910,1476,1300,29874,2840,,USD
costs,ipeds-193654,193654,2023-24,https://nces.ed.gov/ipeds/datacenter/data/IC2023_AY.zip,verified,2026-10-02,in_state,full_time_first_time_undergraduate,54910,1476,1300,29874,2840,,USD
costs,ipeds-193654,193654,2023-24,https://nces.ed.gov/ipeds/datacenter/data/IC2023_AY.zip,verified,2026-10-02,out_of_state,full_time_first_time_undergraduate,54910,1476,1300,29874,2840,,USD
costs,ipeds-193900,193900,2023-24,https://nces.ed.gov/ipeds/datacenter/data/IC2023_AY.zip,verified,2026-10-02,district,full_time_first_time_undergraduate,60438,0,1494,22786,3034,,USD
costs,ipeds-193900,193900,2023-24,https://nces.ed.gov/ipeds/datacenter/data/IC2023_AY.zip,verified,2026-10-02,in_state,full_time_first_time_undergraduate,60438,0,1494,22786,3034,,USD
costs,ipeds-193900,193900,2023-24,https://nces.ed.gov/ipeds/datacenter/data/IC2023_AY.zip,verified,2026-10-02,out_of_state,full_time_first_time_undergraduate,60438,0,1494,22786,3034,,USD
costs,ipeds-193946,193946,2023-24,https://nces.ed.gov/ipeds/datacenter/data/IC2023_AY.zip,verified,2026-10-02,district,full_time_first_time_undergraduate,5136,1590,884,13120,1650,,USD
costs,ipeds-193946,193946,2023-24,https://nces.ed.gov/ipeds/datacenter/data/IC2023_AY.zip,verified,2026-10-02,in_state,full_time_first_time_undergraduate,5136,1590,884,13120,1650,,USD
costs,ipeds-193946,193946,2023-24,https://nces.ed.gov/ipeds/datacenter/data/IC2023_AY.zip,verified,2026-10-02,out_of_state,full_time_first_time_undergraduate,10272,1590,884,13120,1650,,USD
costs,ipeds-193973,193973,2023-24,https://nces.ed.gov/ipeds/datacenter/data/IC2023_AY.zip,verified,2026-10-02,district,full_time_first_time_undergraduate,36100,2035,420,12980,2550,,USD
costs,ipeds-193973,193973,2023-24,https://nces.ed.gov/ipeds/datacenter/data/IC2023_AY.zip,verified,2026-10-02,in_state,full_time_first_time_undergraduate,36100,2035,420,12980,2550,,USD
costs,ipeds-193973,193973,2023-24,https://nces.ed.gov/ipeds/datacenter/data/IC2023_AY.zip,verified,2026-10-02,out_of_state,full_time_first_time_undergraduate,36100,2035,420,12980,2550,,USD
costs,ipeds-194028,194028,2023-24,https://nces.ed.gov/ipeds/datacenter/data/IC2023_AY.zip,verified,2026-10-02,district,full_time_first_time_undergraduate,5280,1282,2000,8796,3000,,USD
costs,ipeds-194028,194028,2023-24,https://nces.ed.gov/ipeds/datacenter/data/IC2023_AY.zip,verified,2026-10-02,in_state,full_time_first_time_undergraduate,5280,1282,2000,8796,3000,,USD
costs,ipeds-194028,194028,2023-24,https://nces.ed.gov/ipeds/datacenter/data/IC2023_AY.zip,verified,2026-10-02,out_of_state,full_time_first_time_undergraduate,12452,1282,2000,8796,3000,,USD
costs,ipeds-194091,194091,2023-24,https://nces.ed.gov/ipeds/datacenter/data/IC2023_AY.zip,verified,2026-10-02,district,full_time_first_time_undergraduate,41960,2400,1500,21836,3540,,USD
costs,ipeds-194091,194091,2023-24,https://nces.ed.gov/ipeds/datacenter/data/IC2023_AY.zip,verified,2026-10-02,in_state,full_time_first_time_undergraduate,41960,2400,1500,21836,3540,,USD
costs,ipeds-194091,194091,2023-24,https://nces.ed.gov/ipeds/datacenter/data/IC2023_AY.zip,verified,2026-10-02,out_of_state,full_time_first_time_undergraduate,41960,2400,1500,21836,3540,,USD
costs,ipeds-194116,194116,2023-24,https://nces.ed.gov/ipeds/datacenter/data/IC2023_AY.zip,verified,2026-10-02,district,full_time_first_time_undergraduate,29280,1050,1600,,,,USD
costs,ipeds-194116,194116,2023-24,https://nces.ed.gov/ipeds/datacenter/data/IC2023_AY.zip,verified,2026-10-02,in_state,full_time_first_time_undergraduate,29280,1050,1600,,,,USD
costs,ipeds-194116,194116,2023-24,https://nces.ed.gov/ipeds/datacenter/data/IC2023_AY.zip,verified,2026-10-02,out_of_state,full_time_first_time_undergraduate,29280,1050,1600,,,,USD
costs,ipeds-194189,194189,2023-24,https://nces.ed.gov/ipeds/datacenter/data/IC2023_AY.zip,verified,2026-10-02,district,full_time_first_time_undergraduate,10050,100,300,4350,6000,,USD
costs,ipeds-194189,194189,2023-24,https://nces.ed.gov/ipeds/datacenter/data/IC2023_AY.zip,verified,2026-10-02,in_state,full_time_first_time_undergraduate,10050,100,300,4350,6000,,USD
costs,ipeds-194189,194189,2023-24,https://nces.ed.gov/ipeds/datacenter/data/IC2023_AY.zip,verified,2026-10-02,out_of_state,full_time_first_time_undergraduate,10050,100,300,4350,6000,,USD
costs,ipeds-194222,194222,2023-24,https://nces.ed.gov/ipeds/datacenter/data/IC2023_AY.zip,verified,2026-10-02,district,full_time_first_time_undergraduate,5290,752,700,11258,3200,,USD
costs,ipeds-194222,194222,2023-24,https://nces.ed.gov/ipeds/datacenter/data/IC2023_AY.zip,verified,2026-10-02,in_state,full_time_first_time_undergraduate,5290,752,700,11258,3200,,USD
costs,ipeds-194222,194222,2023-24,https://nces.ed.gov/ipeds/datacenter/data/IC2023_AY.zip,verified,2026-10-02,out_of_state,full_time_first_time_undergraduate,10580,752,700,11258,3200,,USD
costs,ipeds-194240,194240,2023-24,https://nces.ed.gov/ipeds/datacenter/data/IC2023_AY.zip,verified,2026-10-02,district,full_time_first_time_undergraduate,5664,718,1500,,,,USD
costs,ipeds-194240,194240,2023-24,https://nces.ed.gov/ipeds/datacenter/data/IC2023_AY.zip,verified,2026-10-02,in_state,full_time_first_time_undergraduate,5664,718,1500,,,,USD
costs,ipeds-194240,194240,2023-24,https://nces.ed.gov/ipeds/datacenter/data/IC2023_AY.zip,verified,2026-10-02,out_of_state,full_time_first_time_undergraduate,11328,718,1500,,,,USD
costs,ipeds-194310,194310,2023-24,https://nces.ed.gov/ipeds/datacenter/data/IC2023_AY.zip,verified,2026-10-02,district,full_time_first_time_undergraduate,49550,1874,800,21790,2052,,USD
costs,ipeds-194310,194310,2023-24,https://nces.ed.gov/ipeds/datacenter/data/IC2023_AY.zip,verified,2026-10-02,in_state,full_time_first_time_undergraduate,49550,1874,800,21790,2052,,USD
costs,ipeds-194310,194310,2023-24,https://nces.ed.gov/ipeds/datacenter/data/IC2023_AY.zip,verified,2026-10-02,out_of_state,full_time_first_time_undergraduate,49550,1874,800,21790,2052,,USD
costs,ipeds-194392,194392,2023-24,https://nces.ed.gov/ipeds/datacenter/data/IC2023_AY.zip,verified,2026-10-02,district,full_time_first_time_undergraduate,32012,37,1000,16106,2500,,USD
costs,ipeds-194392,194392,2023-24,https://nces.ed.gov/ipeds/datacenter/data/IC2023_AY.zip,verified,2026-10-02,in_state,full_time_first_time_undergraduate,32012,37,1000,16106,2500,,USD
costs,ipeds-194392,194392,2023-24,https://nces.ed.gov/ipeds/datacenter/data/IC2023_AY.zip,verified,2026-10-02,out_of_state,full_time_first_time_undergraduate,32012,37,1000,16106,2500,,USD
costs,ipeds-194499,194499,2023-24,https://nces.ed.gov/ipeds/datacenter/data/IC2023_AY.zip,verified,2026-10-02,district,full_time_first_time_undergraduate,14000,1450,1700,,,,USD
costs,ipeds-194499,194499,2023-24,https://nces.ed.gov/ipeds/datacenter/data/IC2023_AY.zip,verified,2026-10-02,in_state,full_time_first_time_undergraduate,14000,1450,1700,,,,USD
costs,ipeds-194499,194499,2023-24,https://nces.ed.gov/ipeds/datacenter/data/IC2023_AY.zip,verified,2026-10-02,out_of_state,full_time_first_time_undergraduate,14000,1450,1700,,,,USD
costs,ipeds-194569,194569,2023-24,https://nces.ed.gov/ipeds/datacenter/data/IC2023_AY.zip,verified,2026-10-02,district,full_time_first_time_undergraduate,16800,700,600,7600,1800,,USD
costs,ipeds-194569,194569,2023-24,https://nces.ed.gov/ipeds/datacenter/data/IC2023_AY.zip,verified,2026-10-02,in_state,full_time_first_time_undergraduate,16800,700,600,7600,1800,,USD
costs,ipeds-194569,194569,2023-24,https://nces.ed.gov/ipeds/datacenter/data/IC2023_AY.zip,verified,2026-10-02,out_of_state,full_time_first_time_undergraduate,16800,700,600,7600,1800,,USD
costs,ipeds-194578,194578,2023-24,https://nces.ed.gov/ipeds/datacenter/data/IC2023_AY.zip,verified,2026-10-02,district,full_time_first_time_undergraduate,57659,2024,2100,16710,2500,,USD
costs,ipeds-194578,194578,2023-24,https://nces.ed.gov/ipeds/datacenter/data/IC2023_AY.zip,verified,2026-10-02,in_state,full_time_first_time_undergraduate,57659,2024,2100,16710,2500,,USD
costs,ipeds-194578,194578,2023-24,https://nces.ed.gov/ipeds/datacenter/data/IC2023_AY.zip,verified,2026-10-02,out_of_state,full_time_first_time_undergraduate,57659,2024,2100,16710,2500,,USD
costs,ipeds-194657,194657,2023-24,https://nces.ed.gov/ipeds/datacenter/data/IC2023_AY.zip,verified,2026-10-02,district,full_time_first_time_undergraduate,10800,0,300,3300,6000,,USD
costs,ipeds-194657,194657,2023-24,https://nces.ed.gov/ipeds/datacenter/data/IC2023_AY.zip,verified,2026-10-02,in_state,full_time_first_time_undergraduate,10800,0,300,3300,6000,,USD
costs,ipeds-194657,194657,2023-24,https://nces.ed.gov/ipeds/datacenter/data/IC2023_AY.zip,verified,2026-10-02,out_of_state,full_time_first_time_undergraduate,10800,0,300,3300,6000,,USD
costs,ipeds-194666,194666,2023-24,https://nces.ed.gov/ipeds/datacenter/data/IC2023_AY.zip,verified,2026-10-02,district,full_time_first_time_undergraduate,10000,0,480,5800,4500,,USD
costs,ipeds-194666,194666,2023-24,https://nces.ed.gov/ipeds/datacenter/data/IC2023_AY.zip,verified,2026-10-02,in_state,full_time_first_time_undergraduate,10000,0,480,5800,4500,,USD
costs,ipeds-194666,194666,2023-24,https://nces.ed.gov/ipeds/datacenter/data/IC2023_AY.zip,verified,2026-10-02,out_of_state,full_time_first_time_undergraduate,10000,0,480,5800,4500,,USD
costs,ipeds-194693,194693,2023-24,https://nces.ed.gov/ipeds/datacenter/data/IC2023_AY.zip,verified,2026-10-02,district,full_time_first_time_undergraduate,15800,350,300,6700,6000,,USD
costs,ipeds-194693,194693,2023-24,https://nces.ed.gov/ipeds/datacenter/data/IC2023_AY.zip,verified,2026-10-02,in_state,full_time_first_time_undergraduate,15800,350,300,6700,6000,,USD
costs,ipeds-194693,194693,2023-24,https://nces.ed.gov/ipeds/datacenter/data/IC2023_AY.zip,verified,2026-10-02,out_of_state,full_time_first_time_undergraduate,15800,350,300,6700,6000,,USD
costs,ipeds-194736,194736,2023-24,https://nces.ed.gov/ipeds/datacenter/data/IC2023_AY.zip,verified,2026-10-02,district,full_time_first_time_undergraduate,9790,500,300,5010,6000,,USD
costs,ipeds-194736,194736,2023-24,https://nces.ed.gov/ipeds/datacenter/data/IC2023_AY.zip,verified,2026-10-02,in_state,full_time_first_time_undergraduate,9790,500,300,5010,6000,,USD
costs,ipeds-194736,194736,2023-24,https://nces.ed.gov/ipeds/datacenter/data/IC2023_AY.zip,verified,2026-10-02,out_of_state,full_time_first_time_undergraduate,9790,500,300,5010,6000,,USD
costs,ipeds-194763,194763,2023-24,https://nces.ed.gov/ipeds/datacenter/data/IC2023_AY.zip,verified,2026-10-02,district,full_time_first_time_undergraduate,10000,0,300,6400,3000,,USD
costs,ipeds-194763,194763,2023-24,https://nces.ed.gov/ipeds/datacenter/data/IC2023_AY.zip,verified,2026-10-02,in_state,full_time_first_time_undergraduate,10000,0,300,6400,3000,,USD
costs,ipeds-194763,194763,2023-24,https://nces.ed.gov/ipeds/datacenter/data/IC2023_AY.zip,verified,2026-10-02,out_of_state,full_time_first_time_undergraduate,10000,0,300,6400,3000,,USD
costs,ipeds-194824,194824,2023-24,https://nces.ed.gov/ipeds/datacenter/data/IC2023_AY.zip,verified,2026-10-02,district,full_time_first_time_undergraduate,60360,1524,1310,17530,1680,,USD
costs,ipeds-194824,194824,2023-24,https://nces.ed.gov/ipeds/datacenter/data/IC2023_AY.zip,verified,2026-10-02,in_state,full_time_first_time_undergraduate,60360,1524,1310,17530,1680,,USD
costs,ipeds-194824,194824,2023-24,https://nces.ed.gov/ipeds/datacenter/data/IC2023_AY.zip,verified,2026-10-02,out_of_state,full_time_first_time_undergraduate,60360,1524,1310,17530,1680,,USD
costs,ipeds-194958,194958,2023-24,https://nces.ed.gov/ipeds/datacenter/data/IC2023_AY.zip,verified,2026-10-02,district,full_time_first_time_undergraduate,36004,1500,1200,12996,2720,,USD
costs,ipeds-194958,194958,2023-24,https://nces.ed.gov/ipeds/datacenter/data/IC2023_AY.zip,verified,2026-10-02,in_state,full_time_first_time_undergraduate,36004,1500,1200,12996,2720,,USD
costs,ipeds-194958,194958,2023-24,https://nces.ed.gov/ipeds/datacenter/data/IC2023_AY.zip,verified,2026-10-02,out_of_state,full_time_first_time_undergraduate,36004,1500,1200,12996,2720,,USD
costs,ipeds-195003,195003,2023-24,https://nces.ed.gov/ipeds/datacenter/data/IC2023_AY.zip,verified,2026-10-02,district,full_time_first_time_undergraduate,56136,880,1100,15516,1700,,USD
costs,ipeds-195003,195003,2023-24,https://nces.ed.gov/ipeds/datacenter/data/IC2023_AY.zip,verified,2026-10-02,in_state,full_time_first_time_undergraduate,56136,880,1100,15516,1700,,USD
costs,ipeds-195003,195003,2023-24,https://nces.ed.gov/ipeds/datacenter/data/IC2023_AY.zip,verified,2026-10-02,out_of_state,full_time_first_time_undergraduate,56136,880,1100,15516,1700,,USD
costs,ipeds-195030,195030,2023-24,https://nces.ed.gov/ipeds/datacenter/data/IC2023_AY.zip,verified,2026-10-02,district,full_time_first_time_undergraduate,63150,1198,1310,18924,1380,,USD
costs,ipeds-195030,195030,2023-24,https://nces.ed.gov/ipeds/datacenter/data/IC2023_AY.zip,verified,2026-10-02,in_state,full_time_first_time_undergraduate,63150,1198,1310,18924,1380,,USD
costs,ipeds-195030,195030,2023-24,https://nces.ed.gov/ipeds/datacenter/data/IC2023_AY.zip,verified,2026-10-02,out_of_state,full_time_first_time_undergraduate,63150,1198,1310,18924,1380,,USD
costs,ipeds-195058,195058,2023-24,https://nces.ed.gov/ipeds/datacenter/data/IC2023_AY.zip,verified,2026-10-02,district,full_time_first_time_undergraduate,5472,926,1570,,,,USD
costs,ipeds-195058,195058,2023-24,https://nces.ed.gov/ipeds/datacenter/data/IC2023_AY.zip,verified,2026-10-02,in_state,full_time_first_time_undergraduate,5472,926,1570,,,,USD
costs,ipeds-195058,195058,2023-24,https://nces.ed.gov/ipeds/datacenter/data/IC2023_AY.zip,verified,2026-10-02,out_of_state,full_time_first_time_undergraduate,10994,926,1570,,,,USD
costs,ipeds-195128,195128,2023-24,https://nces.ed.gov/ipeds/datacenter/data/IC2023_AY.zip,verified,2026-10-02,district,full_time_first_time_undergraduate,35206,1550,1200,13791,2575,,USD
costs,ipeds-195128,195128,2023-24,https://nces.ed.gov/ipeds/datacenter/data/IC2023_AY.zip,verified,2026-10-02,in_state,full_time_first_time_undergraduate,35206,1550,1200,13791,2575,,USD
costs,ipeds-195128,195128,2023-24,https://nces.ed.gov/ipeds/datacenter/data/IC2023_AY.zip,verified,2026-10-02,out_of_state,full_time_first_time_undergraduate,35206,1550,1200,13791,2575,,USD
costs,ipeds-195164,195164,2023-24,https://nces.ed.gov/ipeds/datacenter/data/IC2023_AY.zip,verified,2026-10-02,district,full_time_first_time_undergraduate,38950,1200,800,15000,1400,,USD
costs,ipeds-195164,195164,2023-24,https://nces.ed.gov/ipeds/datacenter/data/IC2023_AY.zip,verified,2026-10-02,in_state,full_time_first_time_undergraduate,38950,1200,800,15000,1400,,USD
costs,ipeds-195164,195164,2023-24,https://nces.ed.gov/ipeds/datacenter/data/IC2023_AY.zip,verified,2026-10-02,out_of_state,full_time_first_time_undergraduate,38950,1200,800,15000,1400,,USD
costs,ipeds-195173,195173,2023-24,https://nces.ed.gov/ipeds/datacenter/data/IC2023_AY.zip,verified,2026-10-02,district,full_time_first_time_undergraduate,27460,110,3000,18000,3500,,USD
costs,ipeds-195173,195173,2023-24,https://nces.ed.gov/ipeds/datacenter/data/IC2023_AY.zip,verified,2026-10-02,in_state,full_time_first_time_undergraduate,27460,110,3000,18000,3500,,USD
costs,ipeds-195173,195173,2023-24,https://nces.ed.gov/ipeds/datacenter/data/IC2023_AY.zip,verified,2026-10-02,out_of_state,full_time_first_time_undergraduate,27460,110,3000,18000,3500,,USD
costs,ipeds-195191,195191,2023-24,https://nces.ed.gov/ipeds/datacenter/data/IC2023_AY.zip,verified,2026-10-02,district,full_time_first_time_undergraduate,21816,1390,1355,6600,2560,,USD
costs,ipeds-195191,195191,2023-24,https://nces.ed.gov/ipeds/datacenter/data/IC2023_AY.zip,verified,2026-10-02,in_state,full_time_first_time_undergraduate,21816,1390,1355,6600,2560,,USD
costs,ipeds-195191,195191,2023-24,https://nces.ed.gov/ipeds/datacenter/data/IC2023_AY.zip,verified,2026-10-02,out_of_state,full_time_first_time_undergraduate,21816,1390,1355,6600,2560,,USD
costs,ipeds-195216,195216,2023-24,https://nces.ed.gov/ipeds/datacenter/data/IC2023_AY.zip,verified,2026-10-02,district,full_time_first_time_undergraduate,63450,420,750,16480,900,,USD
costs,ipeds-195216,195216,2023-24,https://nces.ed.gov/ipeds/datacenter/data/IC2023_AY.zip,verified,2026-10-02,in_state,full_time_first_time_undergraduate,63450,420,750,16480,900,,USD
costs,ipeds-195216,195216,2023-24,https://nces.ed.gov/ipeds/datacenter/data/IC2023_AY.zip,verified,2026-10-02,out_of_state,full_time_first_time_undergraduate,63450,420,750,16480,900,,USD
costs,ipeds-195234,195234,2023-24,https://nces.ed.gov/ipeds/datacenter/data/IC2023_AY.zip,verified,2026-10-02,district,full_time_first_time_undergraduate,36122,1330,1200,14394,2100,,USD
costs,ipeds-195234,195234,2023-24,https://nces.ed.gov/ipeds/datacenter/data/IC2023_AY.zip,verified,2026-10-02,in_state,full_time_first_time_undergraduate,36122,1330,1200,14394,2100,,USD
costs,ipeds-195234,195234,2023-24,https://nces.ed.gov/ipeds/datacenter/data/IC2023_AY.zip,verified,2026-10-02,out_of_state,full_time_first_time_undergraduate,36122,1330,1200,14394,2100,,USD
costs,ipeds-195243,195243,2023-24,https://nces.ed.gov/ipeds/datacenter/data/IC2023_AY.zip,verified,2026-10-02,district,full_time_first_time_undergraduate,36920,800,1250,16280,2860,,USD
costs,ipeds-195243,195243,2023-24,https://nces.ed.gov/ipeds/datacenter/data/IC2023_AY.zip,verified,2026-10-02,in_state,full_time_first_time_undergraduate,36920,800,1250,16280,2860,,USD
costs,ipeds-195243,195243,2023-24,https://nces.ed.gov/ipeds/datacenter/data/IC2023_AY.zip,verified,2026-10-02,out_of_state,full_time_first_time_undergraduate,36920,800,1250,16280,2860,,USD
costs,ipeds-195289,195289,2023-24,https://nces.ed.gov/ipeds/datacenter/data/IC2023_AY.zip,verified,2026-10-02,district,full_time_first_time_undergraduate,11456,3215,1800,,,,USD
costs,ipeds-195289,195289,2023-24,https://nces.ed.gov/ipeds/datacenter/data/IC2023_AY.zip,verified,2026-10-02,in_state,full_time_first_time_undergraduate,11456,3215,1800,,,,USD
costs,ipeds-195289,195289,2023-24,https://nces.ed.gov/ipeds/datacenter/data/IC2023_AY.zip,verified,2026-10-02,out_of_state,full_time_first_time_undergraduate,11456,3215,1800,,,,USD
costs,ipeds-195304,195304,2023-24,https://nces.ed.gov/ipeds/datacenter/data/IC2023_AY.zip,verified,2026-10-02,district,full_time_first_time_undergraduate,63128,550,600,17546,800,,USD
costs,ipeds-195304,195304,2023-24,https://nces.ed.gov/ipeds/datacenter/data/IC2023_AY.zip,verified,2026-10-02,in_state,full_time_first_time_undergraduate,63128,550,600,17546,800,,USD
costs,ipeds-195304,195304,2023-24,https://nces.ed.gov/ipeds/datacenter/data/IC2023_AY.zip,verified,2026-10-02,out_of_state,full_time_first_time_undergraduate,63128,550,600,17546,800,,USD
costs,ipeds-195322,195322,2023-24,https://nces.ed.gov/ipeds/datacenter/data/IC2023_AY.zip,verified,2026-10-02,district,full_time_first_time_undergraduate,4824,1100,2000,,,,USD
costs,ipeds-195322,195322,2023-24,https://nces.ed.gov/ipeds/datacenter/data/IC2023_AY.zip,verified,2026-10-02,in_state,full_time_first_time_undergraduate,4824,1100,2000,,,,USD
costs,ipeds-195322,195322,2023-24,https://nces.ed.gov/ipeds/datacenter/data/IC2023_AY.zip,verified,2026-10-02,out_of_state,full_time_first_time_undergraduate,7236,1400,2000,,,,USD
costs,ipeds-195438,195438,2023-24,https://nces.ed.gov/ipeds/datacenter/data/IC2023_AY.zip,verified,2026-10-02,district,full_time_first_time_undergraduate,11000,700,300,8500,6000,,USD
costs,ipeds-195438,195438,2023-24,https://nces.ed.gov/ipeds/datacenter/data/IC2023_AY.zip,verified,2026-10-02,in_state,full_time_first_time_undergraduate,11000,700,300,8500,6000,,USD
costs,ipeds-195438,195438,2023-24,https://nces.ed.gov/ipeds/datacenter/data/IC2023_AY.zip,verified,2026-10-02,out_of_state,full_time_first_time_undergraduate,11000,700,300,8500,6000,,USD
costs,ipeds-195474,195474,2023-24,https://nces.ed.gov/ipeds/datacenter/data/IC2023_AY.zip,verified,2026-10-02,district,full_time_first_time_undergraduate,42580,1825,1293,16700,2472,,USD
costs,ipeds-195474,195474,2023-24,https://nces.ed.gov/ipeds/datacenter/data/IC2023_AY.zip,verified,2026-10-02,in_state,full_time_first_time_undergraduate,42580,1825,1293,16700,2472,,USD
costs,ipeds-195474,195474,2023-24,https://nces.ed.gov/ipeds/datacenter/data/IC2023_AY.zip,verified,2026-10-02,out_of_state,full_time_first_time_undergraduate,42580,1825,1293,16700,2472,,USD
costs,ipeds-195526,195526,2023-24,https://nces.ed.gov/ipeds/datacenter/data/IC2023_AY.zip,verified,2026-10-02,district,full_time_first_time_undergraduate,63730,1300,1300,17340,1600,,USD
costs,ipeds-195526,195526,2023-24,https://nces.ed.gov/ipeds/datacenter/data/IC2023_AY.zip,verified,2026-10-02,in_state,full_time_first_time_undergraduate,63730,1300,1300,17340,1600,,USD
costs,ipeds-195526,195526,2023-24,https://nces.ed.gov/ipeds/datacenter/data/IC2023_AY.zip,verified,2026-10-02,out_of_state,full_time_first_time_undergraduate,63730,1300,1300,17340,1600,,USD
costs,ipeds-195544,195544,2023-24,https://nces.ed.gov/ipeds/datacenter/data/IC2023_AY.zip,verified,2026-10-02,district,full_time_first_time_undergraduate,33825,710,1000,,,,USD
costs,ipeds-195544,195544,2023-24,https://nces.ed.gov/ipeds/datacenter/data/IC2023_AY.zip,verified,2026-10-02,in_state,full_time_first_time_undergraduate,33825,710,1000,,,,USD
costs,ipeds-195544,195544,2023-24,https://nces.ed.gov/ipeds/datacenter/data/IC2023_AY.zip,verified,2026-10-02,out_of_state,full_time_first_time_undergraduate,33825,710,1000,,,,USD
costs,ipeds-195702,195702,2023-24,https://nces.ed.gov/ipeds/datacenter/data/IC2023_AY.zip,verified,2026-10-02,district,full_time_first_time_undergraduate,18100,1200,2000,,,,USD
costs,ipeds-195702,195702,2023-24,https://nces.ed.gov/ipeds/datacenter/data/IC2023_AY.zip,verified,2026-10-02,in_state,full_time_first_time_undergraduate,18100,1200,2000,,,,USD
costs,ipeds-195702,195702,2023-24,https://nces.ed.gov/ipeds/datacenter/data/IC2023_AY.zip,verified,2026-10-02,out_of_state,full_time_first_time_undergraduate,28800,1200,2000,,,,USD
costs,ipeds-195720,195720,2023-24,https://nces.ed.gov/ipeds/datacenter/data/IC2023_AY.zip,verified,2026-10-02,district,full_time_first_time_undergraduate,38566,1100,1100,14342,1400,,USD
costs,ipeds-195720,195720,2023-24,https://nces.ed.gov/ipeds/datacenter/data/IC2023_AY.zip,verified,2026-10-02,in_state,full_time_first_time_undergraduate,38566,1100,1100,14342,1400,,USD
costs,ipeds-195720,195720,2023-24,https://nces.ed.gov/ipeds/datacenter/data/IC2023_AY.zip,verified,2026-10-02,out_of_state,full_time_first_time_undergraduate,38566,1100,1100,14342,1400,,USD
costs,ipeds-195784,195784,2023-24,https://nces.ed.gov/ipeds/datacenter/data/IC2023_AY.zip,verified,2026-10-02,district,full_time_first_time_undergraduate,16872,653,1102,,,,USD
costs,ipeds-195784,195784,2023-24,https://nces.ed.gov/ipeds/datacenter/data/IC2023_AY.zip,verified,2026-10-02,in_state,full_time_first_time_undergraduate,16872,653,1102,,,,USD
costs,ipeds-195784,195784,2023-24,https://nces.ed.gov/ipeds/datacenter/data/IC2023_AY.zip,verified,2026-10-02,out_of_state,full_time_first_time_undergraduate,16872,653,1102,,,,USD
costs,ipeds-195809,195809,2023-24,https://nces.ed.gov/ipeds/datacenter/data/IC2023_AY.zip,verified,2026-10-02,district,full_time_first_time_undergraduate,48500,1610,775,19926,2976,,USD
costs,ipeds-195809,195809,2023-24,https://nces.ed.gov/ipeds/datacenter/data/IC2023_AY.zip,verified,2026-10-02,in_state,full_time_first_time_undergraduate,48500,1610,775,19926,2976,,USD
costs,ipeds-195809,195809,2023-24,https://nces.ed.gov/ipeds/datacenter/data/IC2023_AY.zip,verified,2026-10-02,out_of_state,full_time_first_time_undergraduate,48500,1610,775,19926,2976,,USD
costs,ipeds-195988,195988,2023-24,https://nces.ed.gov/ipeds/datacenter/data/IC2023_AY.zip,verified,2026-10-02,district,full_time_first_time_undergraduate,5472,816,1000,12000,2000,,USD
costs,ipeds-195988,195988,2023-24,https://nces.ed.gov/ipeds/datacenter/data/IC2023_AY.zip,verified,2026-10-02,in_state,full_time_first_time_undergraduate,5472,816,1000,12000,2000,,USD
costs,ipeds-195988,195988,2023-24,https://nces.ed.gov/ipeds/datacenter/data/IC2023_AY.zip,verified,2026-10-02,out_of_state,full_time_first_time_undergraduate,10944,816,1000,12000,2000,,USD
costs,ipeds-196006,196006,2023-24,https://nces.ed.gov/ipeds/datacenter/data/IC2023_AY.zip,verified,2026-10-02,district,full_time_first_time_undergraduate,7070,1792,1200,14180,2346,,USD
costs,ipeds-196006,196006,2023-24,https://nces.ed.gov/ipeds/datacenter/data/IC2023_AY.zip,verified,2026-10-02,in_state,full_time_first_time_undergraduate,7070,1792,1200,14180,2346,,USD
costs,ipeds-196006,196006,2023-24,https://nces.ed.gov/ipeds/datacenter/data/IC2023_AY.zip,verified,2026-10-02,out_of_state,full_time_first_time_undergraduate,14575,1792,1200,14180,2346,,USD
costs,ipeds-196015,196015,2023-24,https://nces.ed.gov/ipeds/datacenter/data/IC2023_AY.zip,verified,2026-10-02,district,full_time_first_time_undergraduate,7070,1619,1300,16700,2278,,USD
costs,ipeds-196015,196015,2023-24,https://nces.ed.gov/ipeds/datacenter/data/IC2023_AY.zip,verified,2026-10-02,in_state,full_time_first_time_undergraduate,7070,1619,1300,16700,2278,,USD
costs,ipeds-196015,196015,2023-24,https://nces.ed.gov/ipeds/datacenter/data/IC2023_AY.zip,verified,2026-10-02,out_of_state,full_time_first_time_undergraduate,11900,1619,1300,16700,2278,,USD
costs,ipeds-196024,196024,2023-24,https://nces.ed.gov/ipeds/datacenter/data/IC2023_AY.zip,verified,2026-10-02,district,full_time_first_time_undergraduate,7070,1640,1300,14590,2856,,USD
costs,ipeds-196024,196024,2023-24,https://nces.ed.gov/ipeds/datacenter/data/IC2023_AY.zip,verified,2026-10-02,in_state,full_time_first_time_undergraduate,7070,1640,1300,14590,2856,,USD
costs,ipeds-196024,196024,2023-24,https://nces.ed.gov/ipeds/datacenter/data/IC2023_AY.zip,verified,2026-10-02,out_of_state,full_time_first_time_undergraduate,10840,1640,1300,14590,2856,,USD
costs,ipeds-196033,196033,2023-24,https://nces.ed.gov/ipeds/datacenter/data/IC2023_AY.zip,verified,2026-10-02,district,full_time_first_time_undergraduate,7070,1606,1200,16250,2868,,USD
costs,ipeds-196033,196033,2023-24,https://nces.ed.gov/ipeds/datacenter/data/IC2023_AY.zip,verified,2026-10-02,in_state,full_time_first_time_undergraduate,7070,1606,1200,16250,2868,,USD
costs,ipeds-196033,196033,2023-24,https://nces.ed.gov/ipeds/datacenter/data/IC2023_AY.zip,verified,2026-10-02,out_of_state,full_time_first_time_undergraduate,16980,1606,1200,16250,2868,,USD
costs,ipeds-196042,196042,2023-24,https://nces.ed.gov/ipeds/datacenter/data/IC2023_AY.zip,verified,2026-10-02,district,full_time_first_time_undergraduate,7070,1506,1300,14546,2000,,USD
costs,ipeds-196042,196042,2023-24,https://nces.ed.gov/ipeds/datacenter/data/IC2023_AY.zip,verified,2026-10-02,in_state,full_time_first_time_undergraduate,7070,1506,1300,14546,2000,,USD
costs,ipeds-196042,196042,2023-24,https://nces.ed.gov/ipeds/datacenter/data/IC2023_AY.zip,verified,2026-10-02,out_of_state,full_time_first_time_undergraduate,16980,1506,1300,14546,2000,,USD
costs,ipeds-196051,196051,2023-24,https://nces.ed.gov/ipeds/datacenter/data/IC2023_AY.zip,verified,2026-10-02,district,full_time_first_time_undergraduate,7070,1699,1400,16040,1330,,USD
costs,ipeds-196051,196051,2023-24,https://nces.ed.gov/ipeds/datacenter/data/IC2023_AY.zip,verified,2026-10-02,in_state,full_time_first_time_undergraduate,7070,1699,1400,16040,1330,,USD
costs,ipeds-196051,196051,2023-24,https://nces.ed.gov/ipeds/datacenter/data/IC2023_AY.zip,verified,2026-10-02,out_of_state,full_time_first_time_undergraduate,17490,1699,1400,16040,1330,,USD
costs,ipeds-196060,196060,2023-24,https://nces.ed.gov/ipeds/datacenter/data/IC2023_AY.zip,verified,2026-10-02,district,full_time_first_time_undergraduate,7070,3338,1000,16182,2200,,USD
costs,ipeds-196060,196060,2023-24,https://nces.ed.gov/ipeds/datacenter/data/IC2023_AY.zip,verified,2026-10-02,in_state,full_time_first_time_undergraduate,7070,3338,1000,16182,2200,,USD
costs,ipeds-196060,196060,2023-24,https://nces.ed.gov/ipeds/datacenter/data/IC2023_AY.zip,verified,2026-10-02,out_of_state,full_time_first_time_undergraduate,25660,3338,1000,16182,2200,,USD
costs,ipeds-196079,196079,2023-24,https://nces.ed.gov/ipeds/datacenter/data/IC2023_AY.zip,verified,2026-10-02,district,full_time_first_time_undergraduate,7070,3293,1000,18294,1000,,USD
costs,ipeds-196079,196079,2023-24,https://nces.ed.gov/ipeds/datacenter/data/IC2023_AY.zip,verified,2026-10-02,in_state,full_time_first_time_undergraduate,7070,3293,1000,18294,1000,,USD
costs,ipeds-196079,196079,2023-24,https://nces.ed.gov/ipeds/datacenter/data/IC2023_AY.zip,verified,2026-10-02,out_of_state,full_time_first_time_undergraduate,26160,3293,1000,18294,1000,,USD
costs,ipeds-196088,196088,2023-24,https://nces.ed.gov/ipeds/datacenter/data/IC2023_AY.zip,verified,2026-10-02,district,full_time_first_time_undergraduate,7070,3712,1500,16754,4752,,USD
costs,ipeds-196088,196088,2023-24,https://nces.ed.gov/ipeds/datacenter/data/IC2023_AY.zip,verified,2026-10-02,in_state,full_time_first_time_undergraduate,7070,3712,1500,16754,4752,,USD
costs,ipeds-196088,196088,2023-24,https://nces.ed.gov/ipeds/datacenter/data/IC2023_AY.zip,verified,2026-10-02,out_of_state,full_time_first_time_undergraduate,26860,3712,1500,16754,4752,,USD
costs,ipeds-196097,196097,2023-24,https://nces.ed.gov/ipeds/datacenter/data/IC2023_AY.zip,verified,2026-10-02,district,full_time_first_time_undergraduate,7070,3490,900,17662,3248,,USD
costs,ipeds-196097,196097,2023-24,https://nces.ed.gov/ipeds/datacenter/data/IC2023_AY.zip,verified,2026-10-02,in_state,full_time_first_time_undergraduate,7070,3490,900,17662,3248,,USD
costs,ipeds-196097,196097,2023-24,https://nces.ed.gov/ipeds/datacenter/data/IC2023_AY.zip,verified,2026-10-02,out_of_state,full_time_first_time_undergraduate,26860,3490,900,17662,3248,,USD
costs,ipeds-196103,196103,2023-24,https://nces.ed.gov/ipeds/datacenter/data/IC2023_AY.zip,verified,2026-10-02,district,full_time_first_time_undergraduate,7070,2136,1240,17780,1050,,USD
costs,ipeds-196103,196103,2023-24,https://nces.ed.gov/ipeds/datacenter/data/IC2023_AY.zip,verified,2026-10-02,in_state,full_time_first_time_undergraduate,7070,2136,1240,17780,1050,,USD
costs,ipeds-196103,196103,2023-24,https://nces.ed.gov/ipeds/datacenter/data/IC2023_AY.zip,verified,2026-10-02,out_of_state,full_time_first_time_undergraduate,18900,2136,1240,17780,1050,,USD
costs,ipeds-196112,196112,2023-24,https://nces.ed.gov/ipeds/datacenter/data/IC2023_AY.zip,verified,2026-10-02,district,full_time_first_time_undergraduate,7070,1508,1400,14750,2200,,USD
costs,ipeds-196112,196112,2023-24,https://nces.ed.gov/ipeds/datacenter/data/IC2023_AY.zip,verified,2026-10-02,in_state,full_time_first_time_undergraduate,7070,1508,1400,14750,2200,,USD
costs,ipeds-196112,196112,2023-24,https://nces.ed.gov/ipeds/datacenter/data/IC2023_AY.zip,verified,2026-10-02,out_of_state,full_time_first_time_undergraduate,18720,1508,1400,14750,2200,,USD
costs,ipeds-196121,196121,2023-24,https://nces.ed.gov/ipeds/datacenter/data/IC2023_AY.zip,verified,2026-10-02,district,full_time_first_time_undergraduate,7070,1608,980,15960,2040,,USD
costs,ipeds-196121,196121,2023-24,https://nces.ed.gov/ipeds/datacenter/data/IC2023_AY.zip,verified,2026-10-02,in_state,full_time_first_time_undergraduate,7070,1608,980,15960,2040,,USD
costs,ipeds-196121,196121,2023-24,https://nces.ed.gov/ipeds/datacenter/data/IC2023_AY.zip,verified,2026-10-02,out_of_state,full_time_first_time_undergraduate,14140,1608,980,15960,2040,,USD
costs,ipeds-196130,196130,2023-24,https://nces.ed.gov/ipeds/datacenter/data/IC2023_AY.zip,verified,2026-10-02,district,full_time_first_time_undergraduate,7070,1416,1052,16716,2814,,USD
costs,ipeds-196130,196130,2023-24,https://nces.ed.gov/ipeds/datacenter/data/IC2023_AY.zip,verified,2026-10-02,in_state,full_time_first_time_undergraduate,7070,1416,1052,16716,2814,,USD
costs,ipeds-196130,196130,2023-24,https://nces.ed.gov/ipeds/datacenter/data/IC2023_AY.zip,verified,2026-10-02,out_of_state,full_time_first_time_undergraduate,17490,1416,1052,16716,2814,,USD
costs,ipeds-196149,196149,2023-24,https://nces.ed.gov/ipeds/datacenter/data/IC2023_AY.zip,verified,2026-10-02,district,full_time_first_time_undergraduate,7070,1745,1200,15210,3050,,USD
costs,ipeds-196149,196149,2023-24,https://nces.ed.gov/ipeds/datacenter/data/IC2023_AY.zip,verified,2026-10-02,in_state,full_time_first_time_undergraduate,7070,1745,1200,15210,3050,,USD
costs,ipeds-196149,196149,2023-24,https://nces.ed.gov/ipeds/datacenter/data/IC2023_AY.zip,verified,2026-10-02,out_of_state,full_time_first_time_undergraduate,16980,1745,1200,15210,3050,,USD
costs,ipeds-196158,196158,2023-24,https://nces.ed.gov/ipeds/datacenter/data/IC2023_AY.zip,verified,2026-10-02,district,full_time_first_time_undergraduate,7070,1701,1150,14830,1950,,USD
costs,ipeds-196158,196158,2023-24,https://nces.ed.gov/ipeds/datacenter/data/IC2023_AY.zip,verified,2026-10-02,in_state,full_time_first_time_undergraduate,7070,1701,1150,14830,1950,,USD
costs,ipeds-196158,196158,2023-24,https://nces.ed.gov/ipeds/datacenter/data/IC2023_AY.zip,verified,2026-10-02,out_of_state,full_time_first_time_undergraduate,17490,1701,1150,14830,1950,,USD
costs,ipeds-196167,196167,2023-24,https://nces.ed.gov/ipeds/datacenter/data/IC2023_AY.zip,verified,2026-10-02,district,full_time_first_time_undergraduate,7070,1896,1000,15380,2500,,USD
costs,ipeds-196167,196167,2023-24,https://nces.ed.gov/ipeds/datacenter/data/IC2023_AY.zip,verified,2026-10-02,in_state,full_time_first_time_undergraduate,7070,1896,1000,15380,2500,,USD
costs,ipeds-196167,196167,2023-24,https://nces.ed.gov/ipeds/datacenter/data/IC2023_AY.zip,verified,2026-10-02,out_of_state,full_time_first_time_undergraduate,17310,1896,1000,15380,2500,,USD
costs,ipeds-196176,196176,2023-24,https://nces.ed.gov/ipeds/datacenter/data/IC2023_AY.zip,verified,2026-10-02,district,full_time_first_time_undergraduate,7070,1454,1240,15896,3700,,USD
costs,ipeds-196176,196176,2023-24,https://nces.ed.gov/ipeds/datacenter/data/IC2023_AY.zip,verified,2026-10-02,in_state,full_time_first_time_undergraduate,7070,1454,1240,15896,3700,,USD
costs,ipeds-196176,196176,2023-24,https://nces.ed.gov/ipeds/datacenter/data/IC2023_AY.zip,verified,2026-10-02,out_of_state,full_time_first_time_undergraduate,16980,1454,1240,15896,3700,,USD
costs,ipeds-196185,196185,2023-24,https://nces.ed.gov/ipeds/datacenter/data/IC2023_AY.zip,verified,2026-10-02,district,full_time_first_time_undergraduate,7070,1742,1400,15810,2900,,USD
costs,ipeds-196185,196185,2023-24,https://nces.ed.gov/ipeds/datacenter/data/IC2023_AY.zip,verified,2026-10-02,in_state,full_time_first_time_undergraduate,7070,1742,1400,15810,2900,,USD
costs,ipeds-196185,196185,2023-24,https://nces.ed.gov/ipeds/datacenter/data/IC2023_AY.zip,verified,2026-10-02,out_of_state,full_time_first_time_undergraduate,17490,1742,1400,15810,2900,,USD
costs,ipeds-196194,196194,2023-24,https://nces.ed.gov/ipeds/datacenter/data/IC2023_AY.zip,verified,2026-10-02,district,full_time_first_time_undergraduate,7070,1699,1000,15440,2300,,USD
costs,ipeds-196194,196194,2023-24,https://nces.ed.gov/ipeds/datacenter/data/IC2023_AY.zip,verified,2026-10-02,in_state,full_time_first_time_undergraduate,7070,1699,1000,15440,2300,,USD
costs,ipeds-196194,196194,2023-24,https://nces.ed.gov/ipeds/datacenter/data/IC2023_AY.zip,verified,2026-10-02,out_of_state,full_time_first_time_undergraduate,16980,1699,1000,15440,2300,,USD
costs,ipeds-196200,196200,2023-24,https://nces.ed.gov/ipeds/datacenter/data/IC2023_AY.zip,verified,2026-10-02,district,full_time_first_time_undergraduate,7070,1642,950,15084,1896,,USD
costs,ipeds-196200,196200,2023-24,https://nces.ed.gov/ipeds/datacenter/data/IC2023_AY.zip,verified,2026-10-02,in_state,full_time_first_time_undergraduate,7070,1642,950,15084,1896,,USD
costs,ipeds-196200,196200,2023-24,https://nces.ed.gov/ipeds/datacenter/data/IC2023_AY.zip,verified,2026-10-02,out_of_state,full_time_first_time_undergraduate,16980,1642,950,15084,1896,,USD
costs,ipeds-196219,196219,2023-24,https://nces.ed.gov/ipeds/datacenter/data/IC2023_AY.zip,verified,2026-10-02,district,full_time_first_time_undergraduate,7070,1883,1240,15400,3450,,USD
costs,ipeds-196219,196219,2023-24,https://nces.ed.gov/ipeds/datacenter/data/IC2023_AY.zip,verified,2026-10-02,in_state,full_time_first_time_undergraduate,7070,1883,1240,15400,3450,,USD
costs,ipeds-196219,196219,2023-24,https://nces.ed.gov/ipeds/datacenter/data/IC2023_AY.zip,verified,2026-10-02,out_of_state,full_time_first_time_undergraduate,16980,1883,1240,15400,3450,,USD
costs,ipeds-196237,196237,2023-24,https://nces.ed.gov/ipeds/datacenter/data/IC2023_AY.zip,verified,2026-10-02,district,full_time_first_time_undergraduate,7070,1309,2500,13440,1960,,USD
costs,ipeds-196237,196237,2023-24,https://nces.ed.gov/ipeds/datacenter/data/IC2023_AY.zip,verified,2026-10-02,in_state,full_time_first_time_undergraduate,7070,1309,2500,13440,1960,,USD
costs,ipeds-196237,196237,2023-24,https://nces.ed.gov/ipeds/datacenter/data/IC2023_AY.zip,verified,2026-10-02,out_of_state,full_time_first_time_undergraduate,16980,1309,2500,13440,1960,,USD
costs,ipeds-196246,196246,2023-24,https://nces.ed.gov/ipeds/datacenter/data/IC2023_AY.zip,verified,2026-10-02,district,full_time_first_time_undergraduate,7070,1811,1320,16570,2750,,USD
costs,ipeds-196246,196246,2023-24,https://nces.ed.gov/ipeds/datacenter/data/IC2023_AY.zip,verified,2026-10-02,in_state,full_time_first_time_undergraduate,7070,1811,1320,16570,2750,,USD
costs,ipeds-196246,196246,2023-24,https://nces.ed.gov/ipeds/datacenter/data/IC2023_AY.zip,verified,2026-10-02,out_of_state,full_time_first_time_undergraduate,16980,1811,1320,16570,2750,,USD
costs,ipeds-196264,196264,2023-24,https://nces.ed.gov/ipeds/datacenter/data/IC2023_AY.zip,verified,2026-10-02,district,full_time_first_time_undergraduate,7070,560,1528,,,,USD
costs,ipeds-196264,196264,2023-24,https://nces.ed.gov/ipeds/datacenter/data/IC2023_AY.zip,verified,2026-10-02,in_state,full_time_first_time_undergraduate,7070,560,1528,,,,USD
costs,ipeds-196264,196264,2023-24,https://nces.ed.gov/ipeds/datacenter/data/IC2023_AY.zip,verified,2026-10-02,out_of_state,full_time_first_time_undergraduate,16980,560,1528,,,,USD
costs,ipeds-196291,196291,2023-24,https://nces.ed.gov/ipeds/datacenter/data/IC2023_AY.zip,verified,2026-10-02,district,full_time_first_time_undergraduate,7070,1470,1500,16146,3600,,USD
costs,ipeds-196291,196291,2023-24,https://nces.ed.gov/ipeds/datacenter/data/IC2023_AY.zip,verified,2026-10-02,in_state,full_time_first_time_undergraduate,7070,1470,1500,16146,3600,,USD
costs,ipeds-196291,196291,2023-24,https://nces.ed.gov/ipeds/datacenter/data/IC2023_AY.zip,verified,2026-10-02,out_of_state,full_time_first_time_undergraduate,16980,1470,1500,16146,3600,,USD
costs,ipeds-196389,196389,2023-24,https://nces.ed.gov/ipeds/datacenter/data/IC2023_AY.zip,verified,2026-10-02,district,full_time_first_time_undergraduate,22725,3316,2100,,,,USD
costs,ipeds-196389,196389,2023-24,https://nces.ed.gov/ipeds/datacenter/data/IC2023_AY.zip,verified,2026-10-02,in_state,full_time_first_time_undergraduate,22725,3316,2100,,,,USD
costs,ipeds-196389,196389,2023-24,https://nces.ed.gov/ipeds/datacenter/data/IC2023_AY.zip,verified,2026-10-02,out_of_state,full_time_first_time_undergraduate,22725,3316,2100,,,,USD
costs,ipeds-196413,196413,2023-24,https://nces.ed.gov/ipeds/datacenter/data/IC2023_AY.zip,verified,2026-10-02,district,full_time_first_time_undergraduate,61310,1751,1690,18444,1952,,USD
costs,ipeds-196413,196413,2023-24,https://nces.ed.gov/ipeds/datacenter/data/IC2023_AY.zip,verified,2026-10-02,in_state,full_time_first_time_undergraduate,61310,1751,1690,18444,1952,,USD
costs,ipeds-196413,196413,2023-24,https://nces.ed.gov/ipeds/datacenter/data/IC2023_AY.zip,verified,2026-10-02,out_of_state,full_time_first_time_undergraduate,61310,1751,1690,18444,1952,,USD
costs,ipeds-196431,196431,2023-24,https://nces.ed.gov/ipeds/datacenter/data/IC2023_AY.zip,verified,2026-10-02,district,full_time_first_time_undergraduate,8000,0,300,6000,6000,,USD
costs,ipeds-196431,196431,2023-24,https://nces.ed.gov/ipeds/datacenter/data/IC2023_AY.zip,verified,2026-10-02,in_state,full_time_first_time_undergraduate,8000,0,300,6000,6000,,USD
costs,ipeds-196431,196431,2023-24,https://nces.ed.gov/ipeds/datacenter/data/IC2023_AY.zip,verified,2026-10-02,out_of_state,full_time_first_time_undergraduate,8000,0,300,6000,6000,,USD
costs,ipeds-196440,196440,2023-24,https://nces.ed.gov/ipeds/datacenter/data/IC2023_AY.zip,verified,2026-10-02,district,full_time_first_time_undergraduate,6150,0,300,4400,6000,,USD
costs,ipeds-196440,196440,2023-24,https://nces.ed.gov/ipeds/datacenter/data/IC2023_AY.zip,verified,2026-10-02,in_state,full_time_first_time_undergraduate,6150,0,300,4400,6000,,USD
costs,ipeds-196440,196440,2023-24,https://nces.ed.gov/ipeds/datacenter/data/IC2023_AY.zip,verified,2026-10-02,out_of_state,full_time_first_time_undergraduate,6150,0,300,4400,6000,,USD
costs,ipeds-196565,196565,2023-24,https://nces.ed.gov/ipeds/datacenter/data/IC2023_AY.zip,verified,2026-10-02,district,full_time_first_time_undergraduate,5570,1376,1400,11530,3537,,USD
costs,ipeds-196565,196565,2023-24,https://nces.ed.gov/ipeds/datacenter/data/IC2023_AY.zip,verified,2026-10-02,in_state,full_time_first_time_undergraduate,5570,1376,1400,11530,3537,,USD
costs,ipeds-196565,196565,2023-24,https://nces.ed.gov/ipeds/datacenter/data/IC2023_AY.zip,verified,2026-10-02,out_of_state,full_time_first_time_undergraduate,11455,1376,1400,11530,3537,,USD
costs,ipeds-196583,196583,2023-24,https://nces.ed.gov/ipeds/datacenter/data/IC2023_AY.zip,verified,2026-10-02,district,full_time_first_time_undergraduate,9600,0,300,4200,6000,,USD
costs,ipeds-196583,196583,2023-24,https://nces.ed.gov/ipeds/datacenter/data/IC2023_AY.zip,verified,2026-10-02,in_state,full_time_first_time_undergraduate,9600,0,300,4200,6000,,USD
costs,ipeds-196583,196583,2023-24,https://nces.ed.gov/ipeds/datacenter/data/IC2023_AY.zip,verified,2026-10-02,out_of_state,full_time_first_time_undergraduate,9600,0,300,4200,6000,,USD
costs,ipeds-196592,196592,2023-24,https://nces.ed.gov/ipeds/datacenter/data/IC2023_AY.zip,verified,2026-10-02,district,full_time_first_time_undergraduate,21000,810,1200,15920,6426,,USD
costs,ipeds-196592,196592,2023-24,https://nces.ed.gov/ipeds/datacenter/data/IC2023_AY.zip,verified,2026-10-02,in_state,full_time_first_time_undergraduate,21000,810,1200,15920,6426,,USD
costs,ipeds-196592,196592,2023-24,https://nces.ed.gov/ipeds/datacenter/data/IC2023_AY.zip,verified,2026-10-02,out_of_state,full_time_first_time_undergraduate,21000,810,1200,15920,6426,,USD
costs,ipeds-196653,196653,2023-24,https://nces.ed.gov/ipeds/datacenter/data/IC2023_AY.zip,verified,2026-10-02,district,full_time_first_time_undergraduate,19460,360,2000,,,,USD
costs,ipeds-196653,196653,2023-24,https://nces.ed.gov/ipeds/datacenter/data/IC2023_AY.zip,verified,2026-10-02,in_state,full_time_first_time_undergraduate,19460,360,2000,,,,USD
costs,ipeds-196653,196653,2023-24,https://nces.ed.gov/ipeds/datacenter/data/IC2023_AY.zip,verified,2026-10-02,out_of_state,full_time_first_time_undergraduate,19460,360,2000,,,,USD
costs,ipeds-196699,196699,2023-24,https://nces.ed.gov/ipeds/datacenter/data/IC2023_AY.zip,verified,2026-10-02,district,full_time_first_time_undergraduate,5280,1096,1500,,,,USD
costs,ipeds-196699,196699,2023-24,https://nces.ed.gov/ipeds/datacenter/data/IC2023_AY.zip,verified,2026-10-02,in_state,full_time_first_time_undergraduate,5280,1096,1500,,,,USD
costs,ipeds-196699,196699,2023-24,https://nces.ed.gov/ipeds/datacenter/data/IC2023_AY.zip,verified,2026-10-02,out_of_state,full_time_first_time_undergraduate,10560,1096,1500,,,,USD
costs,ipeds-196866,196866,2023-24,https://nces.ed.gov/ipeds/datacenter/data/IC2023_AY.zip,verified,2026-10-02,district,full_time_first_time_undergraduate,66105,351,1500,16389,525,,USD
costs,ipeds-196866,196866,2023-24,https://nces.ed.gov/ipeds/datacenter/data/IC2023_AY.zip,verified,2026-10-02,in_state,full_time_first_time_undergraduate,66105,351,1500,16389,525,,USD
costs,ipeds-196866,196866,2023-24,https://nces.ed.gov/ipeds/datacenter/data/IC2023_AY.zip,verified,2026-10-02,out_of_state,full_time_first_time_undergraduate,66105,351,1500,16389,525,,USD
costs,ipeds-197018,197018,2023-24,https://nces.ed.gov/ipeds/datacenter/data/IC2023_AY.zip,verified,2026-10-02,district,full_time_first_time_undergraduate,14133,0,550,4000,3500,,USD
costs,ipeds-197018,197018,2023-24,https://nces.ed.gov/ipeds/datacenter/data/IC2023_AY.zip,verified,2026-10-02,in_state,full_time_first_time_undergraduate,14133,0,550,4000,3500,,USD
costs,ipeds-197018,197018,2023-24,https://nces.ed.gov/ipeds/datacenter/data/IC2023_AY.zip,verified,2026-10-02,out_of_state,full_time_first_time_undergraduate,14133,0,550,4000,3500,,USD
costs,ipeds-197027,197027,2023-24,https://nces.ed.gov/ipeds/datacenter/data/IC2023_AY.zip,verified,2026-10-02,district,full_time_first_time_undergraduate,0,945,4591,,3632,,USD
costs,ipeds-197027,197027,2023-24,https://nces.ed.gov/ipeds/datacenter/data/IC2023_AY.zip,verified,2026-10-02,in_state,full_time_first_time_undergraduate,0,945,4591,,3632,,USD
costs,ipeds-197027,197027,2023-24,https://nces.ed.gov/ipeds/datacenter/data/IC2023_AY.zip,verified,2026-10-02,out_of_state,full_time_first_time_undergraduate,0,945,4591,,3632,,USD
costs,ipeds-197045,197045,2023-24,https://nces.ed.gov/ipeds/datacenter/data/IC2023_AY.zip,verified,2026-10-02,district,full_time_first_time_undergraduate,23208,1100,870,13080,1933,,USD
costs,ipeds-197045,197045,2023-24,https://nces.ed.gov/ipeds/datacenter/data/IC2023_AY.zip,verified,2026-10-02,in_state,full_time_first_time_undergraduate,23208,1100,870,13080,1933,,USD
costs,ipeds-197045,197045,2023-24,https://nces.ed.gov/ipeds/datacenter/data/IC2023_AY.zip,verified,2026-10-02,out_of_state,full_time_first_time_undergraduate,23208,1100,870,13080,1933,,USD
costs,ipeds-197133,197133,2023-24,https://nces.ed.gov/ipeds/datacenter/data/IC2023_AY.zip,verified,2026-10-02,district,full_time_first_time_undergraduate,66870,935,900,17415,1350,,USD
costs,ipeds-197133,197133,2023-24,https://nces.ed.gov/ipeds/datacenter/data/IC2023_AY.zip,verified,2026-10-02,in_state,full_time_first_time_undergraduate,66870,935,900,17415,1350,,USD
costs,ipeds-197133,197133,2023-24,https://nces.ed.gov/ipeds/datacenter/data/IC2023_AY.zip,verified,2026-10-02,out_of_state,full_time_first_time_undergraduate,66870,935,900,17415,1350,,USD
costs,ipeds-197142,197142,2023-24,https://nces.ed.gov/ipeds/datacenter/data/IC2023_AY.zip,verified,2026-10-02,district,full_time_first_time_undergraduate,27530,1140,,,,,USD
costs,ipeds-197142,197142,2023-24,https://nces.ed.gov/ipeds/datacenter/data/IC2023_AY.zip,verified,2026-10-02,in_state,full_time_first_time_undergraduate,27530,1140,,,,,USD
costs,ipeds-197142,197142,2023-24,https://nces.ed.gov/ipeds/datacenter/data/IC2023_AY.zip,verified,2026-10-02,out_of_state,full_time_first_time_undergraduate,27530,1140,,,,,USD
costs,ipeds-197151,197151,2023-24,https://nces.ed.gov/ipeds/datacenter/data/IC2023_AY.zip,verified,2026-10-02,district,full_time_first_time_undergraduate,49140,0,1868,24200,5700,,USD
costs,ipeds-197151,197151,2023-24,https://nces.ed.gov/ipeds/datacenter/data/IC2023_AY.zip,verified,2026-10-02,in_state,full_time_first_time_undergraduate,49140,0,1868,24200,5700,,USD
costs,ipeds-197151,197151,2023-24,https://nces.ed.gov/ipeds/datacenter/data/IC2023_AY.zip,verified,2026-10-02,out_of_state,full_time_first_time_undergraduate,49140,0,1868,24200,5700,,USD
costs,ipeds-197197,197197,2023-24,https://nces.ed.gov/ipeds/datacenter/data/IC2023_AY.zip,verified,2026-10-02,district,full_time_first_time_undergraduate,50200,1800,1034,15600,2940,,USD
costs,ipeds-197197,197197,2023-24,https://nces.ed.gov/ipeds/datacenter/data/IC2023_AY.zip,verified,2026-10-02,in_state,full_time_first_time_undergraduate,50200,1800,1034,15600,2940,,USD
costs,ipeds-197197,197197,2023-24,https://nces.ed.gov/ipeds/datacenter/data/IC2023_AY.zip,verified,2026-10-02,out_of_state,full_time_first_time_undergraduate,50200,1800,1034,15600,2940,,USD
costs,ipeds-197221,197221,2023-24,https://nces.ed.gov/ipeds/datacenter/data/IC2023_AY.zip,verified,2026-10-02,district,full_time_first_time_undergraduate,57830,3230,4700,14690,1500,,USD
costs,ipeds-197221,197221,2023-24,https://nces.ed.gov/ipeds/datacenter/data/IC2023_AY.zip,verified,2026-10-02,in_state,full_time_first_time_undergraduate,57830,3230,4700,14690,1500,,USD
costs,ipeds-197221,197221,2023-24,https://nces.ed.gov/ipeds/datacenter/data/IC2023_AY.zip,verified,2026-10-02,out_of_state,full_time_first_time_undergraduate,57830,3230,4700,14690,1500,,USD
costs,ipeds-197230,197230,2023-24,https://nces.ed.gov/ipeds/datacenter/data/IC2023_AY.zip,verified,2026-10-02,district,full_time_first_time_undergraduate,33666,1500,1050,14950,1300,,USD
costs,ipeds-197230,197230,2023-24,https://nces.ed.gov/ipeds/datacenter/data/IC2023_AY.zip,verified,2026-10-02,in_state,full_time_first_time_undergraduate,33666,1500,1050,14950,1300,,USD
costs,ipeds-197230,197230,2023-24,https://nces.ed.gov/ipeds/datacenter/data/IC2023_AY.zip,verified,2026-10-02,out_of_state,full_time_first_time_undergraduate,33666,1500,1050,14950,1300,,USD
costs,ipeds-197285,197285,2023-24,https://nces.ed.gov/ipeds/datacenter/data/IC2023_AY.zip,verified,2026-10-02,district,full_time_first_time_undergraduate,23220,1485,1000,,,,USD
costs,ipeds-197285,197285,2023-24,https://nces.ed.gov/ipeds/datacenter/data/IC2023_AY.zip,verified,2026-10-02,in_state,full_time_first_time_undergraduate,23220,1485,1000,,,,USD
costs,ipeds-197285,197285,2023-24,https://nces.ed.gov/ipeds/datacenter/data/IC2023_AY.zip,verified,2026-10-02,out_of_state,full_time_first_time_undergraduate,23220,1485,1000,,,,USD
costs,ipeds-197294,197294,2023-24,https://nces.ed.gov/ipeds/datacenter/data/IC2023_AY.zip,verified,2026-10-02,district,full_time_first_time_undergraduate,4980,716,2400,,,,USD
costs,ipeds-197294,197294,2023-24,https://nces.ed.gov/ipeds/datacenter/data/IC2023_AY.zip,verified,2026-10-02,in_state,full_time_first_time_undergraduate,4980,716,2400,,,,USD
costs,ipeds-197294,197294,2023-24,https://nces.ed.gov/ipeds/datacenter/data/IC2023_AY.zip,verified,2026-10-02,out_of_state,full_time_first_time_undergraduate,11770,716,2400,,,,USD
costs,ipeds-197531,197531,2023-24,https://nces.ed.gov/ipeds/datacenter/data/IC2023_AY.zip,verified,2026-10-02,district,full_time_first_time_undergraduate,10000,1500,500,10000,600,,USD
costs,ipeds-197531,197531,2023-24,https://nces.ed.gov/ipeds/datacenter/data/IC2023_AY.zip,verified,2026-10-02,in_state,full_time_first_time_undergraduate,10000,1500,500,10000,600,,USD
costs,ipeds-197531,197531,2023-24,https://nces.ed.gov/ipeds/datacenter/data/IC2023_AY.zip,verified,2026-10-02,out_of_state,full_time_first_time_undergraduate,10000,1500,500,10000,600,,USD
costs,ipeds-197601,197601,2023-24,https://nces.ed.gov/ipeds/datacenter/data/IC2023_AY.zip,verified,2026-10-02,district,full_time_first_time_undergraduate,14000,0,240,3600,3700,,USD
costs,ipeds-197601,197601,2023-24,https://nces.ed.gov/ipeds/datacenter/data/IC2023_AY.zip,verified,2026-10-02,in_state,full_time_first_time_undergraduate,14000,0,240,3600,3700,,USD
costs,ipeds-197601,197601,2023-24,https://nces.ed.gov/ipeds/datacenter/data/IC2023_AY.zip,verified,2026-10-02,out_of_state,full_time_first_time_undergraduate,14000,0,240,3600,3700,,USD
costs,ipeds-197647,197647,2023-24,https://nces.ed.gov/ipeds/datacenter/data/IC2023_AY.zip,verified,2026-10-02,district,full_time_first_time_undergraduate,12700,0,300,4800,6000,,USD
costs,ipeds-197647,197647,2023-24,https://nces.ed.gov/ipeds/datacenter/data/IC2023_AY.zip,verified,2026-10-02,in_state,full_time_first_time_undergraduate,12700,0,300,4800,6000,,USD
costs,ipeds-197647,197647,2023-24,https://nces.ed.gov/ipeds/datacenter/data/IC2023_AY.zip,verified,2026-10-02,out_of_state,full_time_first_time_undergraduate,12700,0,300,4800,6000,,USD
costs,ipeds-197674,197674,2023-24,https://nces.ed.gov/ipeds/datacenter/data/IC2023_AY.zip,verified,2026-10-02,district,full_time_first_time_undergraduate,14000,0,300,6750,3500,,USD
costs,ipeds-197674,197674,2023-24,https://nces.ed.gov/ipeds/datacenter/data/IC2023_AY.zip,verified,2026-10-02,in_state,full_time_first_time_undergraduate,14000,0,300,6750,3500,,USD
costs,ipeds-197674,197674,2023-24,https://nces.ed.gov/ipeds/datacenter/data/IC2023_AY.zip,verified,2026-10-02,out_of_state,full_time_first_time_undergraduate,14000,0,300,6750,3500,,USD
costs,ipeds-197692,197692,2023-24,https://nces.ed.gov/ipeds/datacenter/data/IC2023_AY.zip,verified,2026-10-02,district,full_time_first_time_undergraduate,18700,500,150,2300,500,,USD
costs,ipeds-197692,197692,2023-24,https://nces.ed.gov/ipeds/datacenter/data/IC2023_AY.zip,verified,2026-10-02,in_state,full_time_first_time_undergraduate,18700,500,150,2300,500,,USD
costs,ipeds-197692,197692,2023-24,https://nces.ed.gov/ipeds/datacenter/data/IC2023_AY.zip,verified,2026-10-02,out_of_state,full_time_first_time_undergraduate,18700,500,150,2300,500,,USD
costs,ipeds-197708,197708,2023-24,https://nces.ed.gov/ipeds/datacenter/data/IC2023_AY.zip,verified,2026-10-02,district,full_time_first_time_undergraduate,46000,3900,1250,15000,5400,,USD
costs,ipeds-197708,197708,2023-24,https://nces.ed.gov/ipeds/datacenter/data/IC2023_AY.zip,verified,2026-10-02,in_state,full_time_first_time_undergraduate,46000,3900,1250,15000,5400,,USD
costs,ipeds-197708,197708,2023-24,https://nces.ed.gov/ipeds/datacenter/data/IC2023_AY.zip,verified,2026-10-02,out_of_state,full_time_first_time_undergraduate,46000,3900,1250,15000,5400,,USD
costs,ipeds-197735,197735,2023-24,https://nces.ed.gov/ipeds/datacenter/data/IC2023_AY.zip,verified,2026-10-02,district,full_time_first_time_undergraduate,9900,0,300,4200,6000,,USD
costs,ipeds-197735,197735,2023-24,https://nces.ed.gov/ipeds/datacenter/data/IC2023_AY.zip,verified,2026-10-02,in_state,full_time_first_time_undergraduate,9900,0,300,4200,6000,,USD
costs,ipeds-197735,197735,2023-24,https://nces.ed.gov/ipeds/datacenter/data/IC2023_AY.zip,verified,2026-10-02,out_of_state,full_time_first_time_undergraduate,9900,0,300,4200,6000,,USD
costs,ipeds-197744,197744,2023-24,https://nces.ed.gov/ipeds/datacenter/data/IC2023_AY.zip,verified,2026-10-02,district,full_time_first_time_undergraduate,10780,100,300,3260,6000,,USD
costs,ipeds-197744,197744,2023-24,https://nces.ed.gov/ipeds/datacenter/data/IC2023_AY.zip,verified,2026-10-02,in_state,full_time_first_time_undergraduate,10780,100,300,3260,6000,,USD
costs,ipeds-197744,197744,2023-24,https://nces.ed.gov/ipeds/datacenter/data/IC2023_AY.zip,verified,2026-10-02,out_of_state,full_time_first_time_undergraduate,10780,100,300,3260,6000,,USD
costs,ipeds-245777,245777,2023-24,https://nces.ed.gov/ipeds/datacenter/data/IC2023_AY.zip,verified,2026-10-02,district,full_time_first_time_undergraduate,8600,0,300,4600,6000,,USD
costs,ipeds-245777,245777,2023-24,https://nces.ed.gov/ipeds/datacenter/data/IC2023_AY.zip,verified,2026-10-02,in_state,full_time_first_time_undergraduate,8600,0,300,4600,6000,,USD
costs,ipeds-245777,245777,2023-24,https://nces.ed.gov/ipeds/datacenter/data/IC2023_AY.zip,verified,2026-10-02,out_of_state,full_time_first_time_undergraduate,8600,0,300,4600,6000,,USD
costs,ipeds-366395,366395,2023-24,https://nces.ed.gov/ipeds/datacenter/data/IC2023_AY.zip,verified,2026-10-02,district,full_time_first_time_undergraduate,5640,800,1500,,,,USD
costs,ipeds-366395,366395,2023-24,https://nces.ed.gov/ipeds/datacenter/data/IC2023_AY.zip,verified,2026-10-02,in_state,full_time_first_time_undergraduate,5640,800,1500,,,,USD
costs,ipeds-366395,366395,2023-24,https://nces.ed.gov/ipeds/datacenter/data/IC2023_AY.zip,verified,2026-10-02,out_of_state,full_time_first_time_undergraduate,11280,800,1500,,,,USD
costs,ipeds-375230,375230,2023-24,https://nces.ed.gov/ipeds/datacenter/data/IC2023_AY.zip,verified,2026-10-02,district,full_time_first_time_undergraduate,11500,0,200,,,,USD
costs,ipeds-375230,375230,2023-24,https://nces.ed.gov/ipeds/datacenter/data/IC2023_AY.zip,verified,2026-10-02,in_state,full_time_first_time_undergraduate,11500,0,200,,,,USD
costs,ipeds-375230,375230,2023-24,https://nces.ed.gov/ipeds/datacenter/data/IC2023_AY.zip,verified,2026-10-02,out_of_state,full_time_first_time_undergraduate,11500,0,200,,,,USD
costs,ipeds-386153,386153,2023-24,https://nces.ed.gov/ipeds/datacenter/data/IC2023_AY.zip,verified,2026-10-02,district,full_time_first_time_undergraduate,11300,200,300,,,,USD
costs,ipeds-386153,386153,2023-24,https://nces.ed.gov/ipeds/datacenter/data/IC2023_AY.zip,verified,2026-10-02,in_state,full_time_first_time_undergraduate,11300,200,300,,,,USD
costs,ipeds-386153,386153,2023-24,https://nces.ed.gov/ipeds/datacenter/data/IC2023_AY.zip,verified,2026-10-02,out_of_state,full_time_first_time_undergraduate,11300,200,300,,,,USD
costs,ipeds-392354,392354,2023-24,https://nces.ed.gov/ipeds/datacenter/data/IC2023_AY.zip,verified,2026-10-02,district,full_time_first_time_undergraduate,8750,0,3200,,,,USD
costs,ipeds-392354,392354,2023-24,https://nces.ed.gov/ipeds/datacenter/data/IC2023_AY.zip,verified,2026-10-02,in_state,full_time_first_time_undergraduate,8750,0,3200,,,,USD
costs,ipeds-392354,392354,2023-24,https://nces.ed.gov/ipeds/datacenter/data/IC2023_AY.zip,verified,2026-10-02,out_of_state,full_time_first_time_undergraduate,8750,0,3200,,,,USD
costs,ipeds-405058,405058,2023-24,https://nces.ed.gov/ipeds/datacenter/data/IC2023_AY.zip,verified,2026-10-02,district,full_time_first_time_undergraduate,8540,100,300,2940,6000,,USD
costs,ipeds-405058,405058,2023-24,https://nces.ed.gov/ipeds/datacenter/data/IC2023_AY.zip,verified,2026-10-02,in_state,full_time_first_time_undergraduate,8540,100,300,2940,6000,,USD
costs,ipeds-405058,405058,2023-24,https://nces.ed.gov/ipeds/datacenter/data/IC2023_AY.zip,verified,2026-10-02,out_of_state,full_time_first_time_undergraduate,8540,100,300,2940,6000,,USD
costs,ipeds-405854,405854,2023-24,https://nces.ed.gov/ipeds/datacenter/data/IC2023_AY.zip,verified,2026-10-02,district,full_time_first_time_undergraduate,21750,100,300,2700,3000,,USD
costs,ipeds-405854,405854,2023-24,https://nces.ed.gov/ipeds/datacenter/data/IC2023_AY.zip,verified,2026-10-02,in_state,full_time_first_time_undergraduate,21750,100,300,2700,3000,,USD
costs,ipeds-405854,405854,2023-24,https://nces.ed.gov/ipeds/datacenter/data/IC2023_AY.zip,verified,2026-10-02,out_of_state,full_time_first_time_undergraduate,21750,100,300,2700,3000,,USD
costs,ipeds-414595,414595,2023-24,https://nces.ed.gov/ipeds/datacenter/data/IC2023_AY.zip,verified,2026-10-02,district,full_time_first_time_undergraduate,10994,240,1018,,,,USD
costs,ipeds-414595,414595,2023-24,https://nces.ed.gov/ipeds/datacenter/data/IC2023_AY.zip,verified,2026-10-02,in_state,full_time_first_time_undergraduate,10994,240,1018,,,,USD
costs,ipeds-414595,414595,2023-24,https://nces.ed.gov/ipeds/datacenter/data/IC2023_AY.zip,verified,2026-10-02,out_of_state,full_time_first_time_undergraduate,10994,240,1018,,,,USD
costs,ipeds-417886,417886,2023-24,https://nces.ed.gov/ipeds/datacenter/data/IC2023_AY.zip,verified,2026-10-02,district,full_time_first_time_undergraduate,18481,90,,,,,USD
costs,ipeds-417886,417886,2023-24,https://nces.ed.gov/ipeds/datacenter/data/IC2023_AY.zip,verified,2026-10-02,in_state,full_time_first_time_undergraduate,18481,90,,,,,USD
costs,ipeds-417886,417886,2023-24,https://nces.ed.gov/ipeds/datacenter/data/IC2023_AY.zip,verified,2026-10-02,out_of_state,full_time_first_time_undergraduate,18481,90,,,,,USD
costs,ipeds-417910,417910,2023-24,https://nces.ed.gov/ipeds/datacenter/data/IC2023_AY.zip,verified,2026-10-02,district,full_time_first_time_undergraduate,19500,730,0,,,,USD
costs,ipeds-417910,417910,2023-24,https://nces.ed.gov/ipeds/datacenter/data/IC2023_AY.zip,verified,2026-10-02,in_state,full_time_first_time_undergraduate,19500,730,0,,,,USD
costs,ipeds-417910,417910,2023-24,https://nces.ed.gov/ipeds/datacenter/data/IC2023_AY.zip,verified,2026-10-02,out_of_state,full_time_first_time_undergraduate,19500,730,0,,,,USD
costs,ipeds-418126,418126,2023-24,https://nces.ed.gov/ipeds/datacenter/data/IC2023_AY.zip,verified,2026-10-02,district,full_time_first_time_undergraduate,14040,195,2025,,,,USD
costs,ipeds-418126,418126,2023-24,https://nces.ed.gov/ipeds/datacenter/data/IC2023_AY.zip,verified,2026-10-02,in_state,full_time_first_time_undergraduate,14040,195,2025,,,,USD
costs,ipeds-418126,418126,2023-24,https://nces.ed.gov/ipeds/datacenter/data/IC2023_AY.zip,verified,2026-10-02,out_of_state,full_time_first_time_undergraduate,14040,195,2025,,,,USD
costs,ipeds-420325,420325,2023-24,https://nces.ed.gov/ipeds/datacenter/data/IC2023_AY.zip,verified,2026-10-02,district,full_time_first_time_undergraduate,9200,0,300,5100,6000,,USD
costs,ipeds-420325,420325,2023-24,https://nces.ed.gov/ipeds/datacenter/data/IC2023_AY.zip,verified,2026-10-02,in_state,full_time_first_time_undergraduate,9200,0,300,5100,6000,,USD
costs,ipeds-420325,420325,2023-24,https://nces.ed.gov/ipeds/datacenter/data/IC2023_AY.zip,verified,2026-10-02,out_of_state,full_time_first_time_undergraduate,9200,0,300,5100,6000,,USD
costs,ipeds-421841,421841,2023-24,https://nces.ed.gov/ipeds/datacenter/data/IC2023_AY.zip,verified,2026-10-02,district,full_time_first_time_undergraduate,36200,1000,300,,,,USD
costs,ipeds-421841,421841,2023-24,https://nces.ed.gov/ipeds/datacenter/data/IC2023_AY.zip,verified,2026-10-02,in_state,full_time_first_time_undergraduate,36200,1000,300,,,,USD
costs,ipeds-421841,421841,2023-24,https://nces.ed.gov/ipeds/datacenter/data/IC2023_AY.zip,verified,2026-10-02,out_of_state,full_time_first_time_undergraduate,36200,1000,300,,,,USD
costs,ipeds-430883,430883,2023-24,https://nces.ed.gov/ipeds/datacenter/data/IC2023_AY.zip,verified,2026-10-02,district,full_time_first_time_undergraduate,12750,585,,,,,USD
costs,ipeds-430883,430883,2023-24,https://nces.ed.gov/ipeds/datacenter/data/IC2023_AY.zip,verified,2026-10-02,in_state,full_time_first_time_undergraduate,12750,585,,,,,USD
costs,ipeds-430883,430883,2023-24,https://nces.ed.gov/ipeds/datacenter/data/IC2023_AY.zip,verified,2026-10-02,out_of_state,full_time_first_time_undergraduate,12750,585,,,,,USD
costs,ipeds-431983,431983,2023-24,https://nces.ed.gov/ipeds/datacenter/data/IC2023_AY.zip,verified,2026-10-02,district,full_time_first_time_undergraduate,9200,200,300,4800,6000,,USD
costs,ipeds-431983,431983,2023-24,https://nces.ed.gov/ipeds/datacenter/data/IC2023_AY.zip,verified,2026-10-02,in_state,full_time_first_time_undergraduate,9200,200,300,4800,6000,,USD
costs,ipeds-431983,431983,2023-24,https://nces.ed.gov/ipeds/datacenter/data/IC2023_AY.zip,verified,2026-10-02,out_of_state,full_time_first_time_undergraduate,9200,200,300,4800,6000,,USD
costs,ipeds-441609,441609,2023-24,https://nces.ed.gov/ipeds/datacenter/data/IC2023_AY.zip,verified,2026-10-02,district,full_time_first_time_undergraduate,13000,0,300,3480,6000,,USD
costs,ipeds-441609,441609,2023-24,https://nces.ed.gov/ipeds/datacenter/data/IC2023_AY.zip,verified,2026-10-02,in_state,full_time_first_time_undergraduate,13000,0,300,3480,6000,,USD
costs,ipeds-441609,441609,2023-24,https://nces.ed.gov/ipeds/datacenter/data/IC2023_AY.zip,verified,2026-10-02,out_of_state,full_time_first_time_undergraduate,13000,0,300,3480,6000,,USD
costs,ipeds-444413,444413,2023-24,https://nces.ed.gov/ipeds/datacenter/data/IC2023_AY.zip,verified,2026-10-02,district,full_time_first_time_undergraduate,9640,400,300,4200,6000,,USD
costs,ipeds-444413,444413,2023-24,https://nces.ed.gov/ipeds/datacenter/data/IC2023_AY.zip,verified,2026-10-02,in_state,full_time_first_time_undergraduate,9640,400,300,4200,6000,,USD
costs,ipeds-444413,444413,2023-24,https://nces.ed.gov/ipeds/datacenter/data/IC2023_AY.zip,verified,2026-10-02,out_of_state,full_time_first_time_undergraduate,9640,400,300,4200,6000,,USD
costs,ipeds-446604,446604,2023-24,https://nces.ed.gov/ipeds/datacenter/data/IC2023_AY.zip,verified,2026-10-02,district,full_time_first_time_undergraduate,15000,0,600,3200,4000,,USD
costs,ipeds-446604,446604,2023-24,https://nces.ed.gov/ipeds/datacenter/data/IC2023_AY.zip,verified,2026-10-02,in_state,full_time_first_time_undergraduate,15000,0,600,3200,4000,,USD
costs,ipeds-446604,446604,2023-24,https://nces.ed.gov/ipeds/datacenter/data/IC2023_AY.zip,verified,2026-10-02,out_of_state,full_time_first_time_undergraduate,15000,0,600,3200,4000,,USD
costs,ipeds-451404,451404,2023-24,https://nces.ed.gov/ipeds/datacenter/data/IC2023_AY.zip,verified,2026-10-02,district,full_time_first_time_undergraduate,13200,0,200,7000,500,,USD
costs,ipeds-451404,451404,2023-24,https://nces.ed.gov/ipeds/datacenter/data/IC2023_AY.zip,verified,2026-10-02,in_state,full_time_first_time_undergraduate,13200,0,200,7000,500,,USD
costs,ipeds-451404,451404,2023-24,https://nces.ed.gov/ipeds/datacenter/data/IC2023_AY.zip,verified,2026-10-02,out_of_state,full_time_first_time_undergraduate,13200,0,200,7000,500,,USD
costs,ipeds-455257,455257,2023-24,https://nces.ed.gov/ipeds/datacenter/data/IC2023_AY.zip,verified,2026-10-02,district,full_time_first_time_undergraduate,10600,200,300,,,,USD
costs,ipeds-455257,455257,2023-24,https://nces.ed.gov/ipeds/datacenter/data/IC2023_AY.zip,verified,2026-10-02,in_state,full_time_first_time_undergraduate,10600,200,300,,,,USD
costs,ipeds-455257,455257,2023-24,https://nces.ed.gov/ipeds/datacenter/data/IC2023_AY.zip,verified,2026-10-02,out_of_state,full_time_first_time_undergraduate,10600,200,300,,,,USD
costs,ipeds-461014,461014,2023-24,https://nces.ed.gov/ipeds/datacenter/data/IC2023_AY.zip,verified,2026-10-02,district,full_time_first_time_undergraduate,14881,3045,3303,,,,USD
costs,ipeds-461014,461014,2023-24,https://nces.ed.gov/ipeds/datacenter/data/IC2023_AY.zip,verified,2026-10-02,in_state,full_time_first_time_undergraduate,14881,3045,3303,,,,USD
costs,ipeds-461014,461014,2023-24,https://nces.ed.gov/ipeds/datacenter/data/IC2023_AY.zip,verified,2026-10-02,out_of_state,full_time_first_time_undergraduate,14881,3045,3303,,,,USD
costs,ipeds-475422,475422,2023-24,https://nces.ed.gov/ipeds/datacenter/data/IC2023_AY.zip,verified,2026-10-02,district,full_time_first_time_undergraduate,10900,2080,2350,,,,USD
costs,ipeds-475422,475422,2023-24,https://nces.ed.gov/ipeds/datacenter/data/IC2023_AY.zip,verified,2026-10-02,in_state,full_time_first_time_undergraduate,10900,2080,2350,,,,USD
costs,ipeds-475422,475422,2023-24,https://nces.ed.gov/ipeds/datacenter/data/IC2023_AY.zip,verified,2026-10-02,out_of_state,full_time_first_time_undergraduate,10900,2080,2350,,,,USD
costs,ipeds-475565,475565,2023-24,https://nces.ed.gov/ipeds/datacenter/data/IC2023_AY.zip,verified,2026-10-02,district,full_time_first_time_undergraduate,4800,394,1600,,,,USD
costs,ipeds-475565,475565,2023-24,https://nces.ed.gov/ipeds/datacenter/data/IC2023_AY.zip,verified,2026-10-02,in_state,full_time_first_time_undergraduate,4800,394,1600,,,,USD
costs,ipeds-475565,475565,2023-24,https://nces.ed.gov/ipeds/datacenter/data/IC2023_AY.zip,verified,2026-10-02,out_of_state,full_time_first_time_undergraduate,7680,394,1600,,,,USD
costs,ipeds-476355,476355,2023-24,https://nces.ed.gov/ipeds/datacenter/data/IC2023_AY.zip,verified,2026-10-02,district,full_time_first_time_undergraduate,19400,0,5000,,,,USD
costs,ipeds-476355,476355,2023-24,https://nces.ed.gov/ipeds/datacenter/data/IC2023_AY.zip,verified,2026-10-02,in_state,full_time_first_time_undergraduate,19400,0,5000,,,,USD
costs,ipeds-476355,476355,2023-24,https://nces.ed.gov/ipeds/datacenter/data/IC2023_AY.zip,verified,2026-10-02,out_of_state,full_time_first_time_undergraduate,19400,0,5000,,,,USD
costs,ipeds-476717,476717,2023-24,https://nces.ed.gov/ipeds/datacenter/data/IC2023_AY.zip,verified,2026-10-02,district,full_time_first_time_undergraduate,12300,0,250,3950,4000,,USD
costs,ipeds-476717,476717,2023-24,https://nces.ed.gov/ipeds/datacenter/data/IC2023_AY.zip,verified,2026-10-02,in_state,full_time_first_time_undergraduate,12300,0,250,3950,4000,,USD
costs,ipeds-476717,476717,2023-24,https://nces.ed.gov/ipeds/datacenter/data/IC2023_AY.zip,verified,2026-10-02,out_of_state,full_time_first_time_undergraduate,12300,0,250,3950,4000,,USD
costs,ipeds-480091,480091,2023-24,https://nces.ed.gov/ipeds/datacenter/data/IC2023_AY.zip,verified,2026-10-02,district,full_time_first_time_undergraduate,15726,165,1800,,,,USD
costs,ipeds-480091,480091,2023-24,https://nces.ed.gov/ipeds/datacenter/data/IC2023_AY.zip,verified,2026-10-02,in_state,full_time_first_time_undergraduate,15726,165,1800,,,,USD
costs,ipeds-480091,480091,2023-24,https://nces.ed.gov/ipeds/datacenter/data/IC2023_AY.zip,verified,2026-10-02,out_of_state,full_time_first_time_undergraduate,15726,165,1800,,,,USD
costs,ipeds-481410,481410,2023-24,https://nces.ed.gov/ipeds/datacenter/data/IC2023_AY.zip,verified,2026-10-02,district,full_time_first_time_undergraduate,9300,300,300,3000,6000,,USD
costs,ipeds-481410,481410,2023-24,https://nces.ed.gov/ipeds/datacenter/data/IC2023_AY.zip,verified,2026-10-02,in_state,full_time_first_time_undergraduate,9300,300,300,3000,6000,,USD
costs,ipeds-481410,481410,2023-24,https://nces.ed.gov/ipeds/datacenter/data/IC2023_AY.zip,verified,2026-10-02,out_of_state,full_time_first_time_undergraduate,9300,300,300,3000,6000,,USD
costs,ipeds-482413,482413,2023-24,https://nces.ed.gov/ipeds/datacenter/data/IC2023_AY.zip,verified,2026-10-02,district,full_time_first_time_undergraduate,16448,1040,400,,,,USD
costs,ipeds-482413,482413,2023-24,https://nces.ed.gov/ipeds/datacenter/data/IC2023_AY.zip,verified,2026-10-02,in_state,full_time_first_time_undergraduate,16448,1040,400,,,,USD
costs,ipeds-482413,482413,2023-24,https://nces.ed.gov/ipeds/datacenter/data/IC2023_AY.zip,verified,2026-10-02,out_of_state,full_time_first_time_undergraduate,16448,1040,400,,,,USD
costs,ipeds-484871,484871,2023-24,https://nces.ed.gov/ipeds/datacenter/data/IC2023_AY.zip,verified,2026-10-02,district,full_time_first_time_undergraduate,9000,0,350,4000,2500,,USD
costs,ipeds-484871,484871,2023-24,https://nces.ed.gov/ipeds/datacenter/data/IC2023_AY.zip,verified,2026-10-02,in_state,full_time_first_time_undergraduate,9000,0,350,4000,2500,,USD
costs,ipeds-484871,484871,2023-24,https://nces.ed.gov/ipeds/datacenter/data/IC2023_AY.zip,verified,2026-10-02,out_of_state,full_time_first_time_undergraduate,9000,0,350,4000,2500,,USD
costs,ipeds-485999,485999,2023-24,https://nces.ed.gov/ipeds/datacenter/data/IC2023_AY.zip,verified,2026-10-02,district,full_time_first_time_undergraduate,10500,200,300,3400,6000,,USD
costs,ipeds-485999,485999,2023-24,https://nces.ed.gov/ipeds/datacenter/data/IC2023_AY.zip,verified,2026-10-02,in_state,full_time_first_time_undergraduate,10500,200,300,3400,6000,,USD
costs,ipeds-485999,485999,2023-24,https://nces.ed.gov/ipeds/datacenter/data/IC2023_AY.zip,verified,2026-10-02,out_of_state,full_time_first_time_undergraduate,10500,200,300,3400,6000,,USD
costs,ipeds-486017,486017,2023-24,https://nces.ed.gov/ipeds/datacenter/data/IC2023_AY.zip,verified,2026-10-02,district,full_time_first_time_undergraduate,9400,0,235,5700,4200,,USD
costs,ipeds-486017,486017,2023-24,https://nces.ed.gov/ipeds/datacenter/data/IC2023_AY.zip,verified,2026-10-02,in_state,full_time_first_time_undergraduate,9400,0,235,5700,4200,,USD
costs,ipeds-486017,486017,2023-24,https://nces.ed.gov/ipeds/datacenter/data/IC2023_AY.zip,verified,2026-10-02,out_of_state,full_time_first_time_undergraduate,9400,0,235,5700,4200,,USD
costs,ipeds-486026,486026,2023-24,https://nces.ed.gov/ipeds/datacenter/data/IC2023_AY.zip,verified,2026-10-02,district,full_time_first_time_undergraduate,10500,250,300,4700,6000,,USD
costs,ipeds-486026,486026,2023-24,https://nces.ed.gov/ipeds/datacenter/data/IC2023_AY.zip,verified,2026-10-02,in_state,full_time_first_time_undergraduate,10500,250,300,4700,6000,,USD
costs,ipeds-486026,486026,2023-24,https://nces.ed.gov/ipeds/datacenter/data/IC2023_AY.zip,verified,2026-10-02,out_of_state,full_time_first_time_undergraduate,10500,250,300,4700,6000,,USD
costs,ipeds-486196,486196,2023-24,https://nces.ed.gov/ipeds/datacenter/data/IC2023_AY.zip,verified,2026-10-02,district,full_time_first_time_undergraduate,12400,200,300,6800,6000,,USD
costs,ipeds-486196,486196,2023-24,https://nces.ed.gov/ipeds/datacenter/data/IC2023_AY.zip,verified,2026-10-02,in_state,full_time_first_time_undergraduate,12400,200,300,6800,6000,,USD
costs,ipeds-486196,486196,2023-24,https://nces.ed.gov/ipeds/datacenter/data/IC2023_AY.zip,verified,2026-10-02,out_of_state,full_time_first_time_undergraduate,12400,200,300,6800,6000,,USD
costs,ipeds-487746,487746,2023-24,https://nces.ed.gov/ipeds/datacenter/data/IC2023_AY.zip,verified,2026-10-02,district,full_time_first_time_undergraduate,9070,550,300,6880,6000,,USD
costs,ipeds-487746,487746,2023-24,https://nces.ed.gov/ipeds/datacenter/data/IC2023_AY.zip,verified,2026-10-02,in_state,full_time_first_time_undergraduate,9070,550,300,6880,6000,,USD
costs,ipeds-487746,487746,2023-24,https://nces.ed.gov/ipeds/datacenter/data/IC2023_AY.zip,verified,2026-10-02,out_of_state,full_time_first_time_undergraduate,9070,550,300,6880,6000,,USD
costs,ipeds-488305,488305,2023-24,https://nces.ed.gov/ipeds/datacenter/data/IC2023_AY.zip,verified,2026-10-02,district,full_time_first_time_undergraduate,9980,500,700,7400,1050,,USD
costs,ipeds-488305,488305,2023-24,https://nces.ed.gov/ipeds/datacenter/data/IC2023_AY.zip,verified,2026-10-02,in_state,full_time_first_time_undergraduate,9980,500,700,7400,1050,,USD
costs,ipeds-488305,488305,2023-24,https://nces.ed.gov/ipeds/datacenter/data/IC2023_AY.zip,verified,2026-10-02,out_of_state,full_time_first_time_undergraduate,9980,500,700,7400,1050,,USD
costs,ipeds-490276,490276,2023-24,https://nces.ed.gov/ipeds/datacenter/data/IC2023_AY.zip,verified,2026-10-02,district,full_time_first_time_undergraduate,16800,175,500,5400,3500,,USD
costs,ipeds-490276,490276,2023-24,https://nces.ed.gov/ipeds/datacenter/data/IC2023_AY.zip,verified,2026-10-02,in_state,full_time_first_time_undergraduate,16800,175,500,5400,3500,,USD
costs,ipeds-490276,490276,2023-24,https://nces.ed.gov/ipeds/datacenter/data/IC2023_AY.zip,verified,2026-10-02,out_of_state,full_time_first_time_undergraduate,16800,175,500,5400,3500,,USD
costs,ipeds-490328,490328,2023-24,https://nces.ed.gov/ipeds/datacenter/data/IC2023_AY.zip,verified,2026-10-02,district,full_time_first_time_undergraduate,11800,0,300,,,,USD
costs,ipeds-490328,490328,2023-24,https://nces.ed.gov/ipeds/datacenter/data/IC2023_AY.zip,verified,2026-10-02,in_state,full_time_first_time_undergraduate,11800,0,300,,,,USD
costs,ipeds-490328,490328,2023-24,https://nces.ed.gov/ipeds/datacenter/data/IC2023_AY.zip,verified,2026-10-02,out_of_state,full_time_first_time_undergraduate,11800,0,300,,,,USD
costs,ipeds-490346,490346,2023-24,https://nces.ed.gov/ipeds/datacenter/data/IC2023_AY.zip,verified,2026-10-02,district,full_time_first_time_undergraduate,14520,100,0,,,,USD
costs,ipeds-490346,490346,2023-24,https://nces.ed.gov/ipeds/datacenter/data/IC2023_AY.zip,verified,2026-10-02,in_state,full_time_first_time_undergraduate,14520,100,0,,,,USD
costs,ipeds-490346,490346,2023-24,https://nces.ed.gov/ipeds/datacenter/data/IC2023_AY.zip,verified,2026-10-02,out_of_state,full_time_first_time_undergraduate,14520,100,0,,,,USD
costs,ipeds-490504,490504,2023-24,https://nces.ed.gov/ipeds/datacenter/data/IC2023_AY.zip,verified,2026-10-02,district,full_time_first_time_undergraduate,10100,450,300,4850,6000,,USD
costs,ipeds-490504,490504,2023-24,https://nces.ed.gov/ipeds/datacenter/data/IC2023_AY.zip,verified,2026-10-02,in_state,full_time_first_time_undergraduate,10100,450,300,4850,6000,,USD
costs,ipeds-490504,490504,2023-24,https://nces.ed.gov/ipeds/datacenter/data/IC2023_AY.zip,verified,2026-10-02,out_of_state,full_time_first_time_undergraduate,10100,450,300,4850,6000,,USD
costs,ipeds-491057,491057,2023-24,https://nces.ed.gov/ipeds/datacenter/data/IC2023_AY.zip,verified,2026-10-02,district,full_time_first_time_undergraduate,12300,0,300,4600,6000,,USD
costs,ipeds-491057,491057,2023-24,https://nces.ed.gov/ipeds/datacenter/data/IC2023_AY.zip,verified,2026-10-02,in_state,full_time_first_time_undergraduate,12300,0,300,4600,6000,,USD
costs,ipeds-491057,491057,2023-24,https://nces.ed.gov/ipeds/datacenter/data/IC2023_AY.zip,verified,2026-10-02,out_of_state,full_time_first_time_undergraduate,12300,0,300,4600,6000,,USD
costs,ipeds-491446,491446,2023-24,https://nces.ed.gov/ipeds/datacenter/data/IC2023_AY.zip,verified,2026-10-02,district,full_time_first_time_undergraduate,8950,500,300,,,,USD
costs,ipeds-491446,491446,2023-24,https://nces.ed.gov/ipeds/datacenter/data/IC2023_AY.zip,verified,2026-10-02,in_state,full_time_first_time_undergraduate,8950,500,300,,,,USD
costs,ipeds-491446,491446,2023-24,https://nces.ed.gov/ipeds/datacenter/data/IC2023_AY.zip,verified,2026-10-02,out_of_state,full_time_first_time_undergraduate,8950,500,300,,,,USD
costs,ipeds-493594,493594,2023-24,https://nces.ed.gov/ipeds/datacenter/data/IC2023_AY.zip,verified,2026-10-02,district,full_time_first_time_undergraduate,8600,0,300,2400,6000,,USD
costs,ipeds-493594,493594,2023-24,https://nces.ed.gov/ipeds/datacenter/data/IC2023_AY.zip,verified,2026-10-02,in_state,full_time_first_time_undergraduate,8600,0,300,2400,6000,,USD
costs,ipeds-493594,493594,2023-24,https://nces.ed.gov/ipeds/datacenter/data/IC2023_AY.zip,verified,2026-10-02,out_of_state,full_time_first_time_undergraduate,8600,0,300,2400,6000,,USD
costs,ipeds-493600,493600,2023-24,https://nces.ed.gov/ipeds/datacenter/data/IC2023_AY.zip,verified,2026-10-02,district,full_time_first_time_undergraduate,21000,0,500,6000,5000,,USD
costs,ipeds-493600,493600,2023-24,https://nces.ed.gov/ipeds/datacenter/data/IC2023_AY.zip,verified,2026-10-02,in_state,full_time_first_time_undergraduate,21000,0,500,6000,5000,,USD
costs,ipeds-493600,493600,2023-24,https://nces.ed.gov/ipeds/datacenter/data/IC2023_AY.zip,verified,2026-10-02,out_of_state,full_time_first_time_undergraduate,21000,0,500,6000,5000,,USD
costs,ipeds-493646,493646,2023-24,https://nces.ed.gov/ipeds/datacenter/data/IC2023_AY.zip,verified,2026-10-02,district,full_time_first_time_undergraduate,9500,0,300,,,,USD
costs,ipeds-493646,493646,2023-24,https://nces.ed.gov/ipeds/datacenter/data/IC2023_AY.zip,verified,2026-10-02,in_state,full_time_first_time_undergraduate,9500,0,300,,,,USD
costs,ipeds-493646,493646,2023-24,https://nces.ed.gov/ipeds/datacenter/data/IC2023_AY.zip,verified,2026-10-02,out_of_state,full_time_first_time_undergraduate,9500,0,300,,,,USD
costs,ipeds-493664,493664,2023-24,https://nces.ed.gov/ipeds/datacenter/data/IC2023_AY.zip,verified,2026-10-02,district,full_time_first_time_undergraduate,12380,0,300,,,,USD
costs,ipeds-493664,493664,2023-24,https://nces.ed.gov/ipeds/datacenter/data/IC2023_AY.zip,verified,2026-10-02,in_state,full_time_first_time_undergraduate,12380,0,300,,,,USD
costs,ipeds-493664,493664,2023-24,https://nces.ed.gov/ipeds/datacenter/data/IC2023_AY.zip,verified,2026-10-02,out_of_state,full_time_first_time_undergraduate,12380,0,300,,,,USD
costs,ipeds-493798,493798,2023-24,https://nces.ed.gov/ipeds/datacenter/data/IC2023_AY.zip,verified,2026-10-02,district,full_time_first_time_undergraduate,12750,0,300,4200,6000,,USD
costs,ipeds-493798,493798,2023-24,https://nces.ed.gov/ipeds/datacenter/data/IC2023_AY.zip,verified,2026-10-02,in_state,full_time_first_time_undergraduate,12750,0,300,4200,6000,,USD
costs,ipeds-493798,493798,2023-24,https://nces.ed.gov/ipeds/datacenter/data/IC2023_AY.zip,verified,2026-10-02,out_of_state,full_time_first_time_undergraduate,12750,0,300,4200,6000,,USD
costs,ipeds-494463,494463,2023-24,https://nces.ed.gov/ipeds/datacenter/data/IC2023_AY.zip,verified,2026-10-02,district,full_time_first_time_undergraduate,11000,0,300,,,,USD
costs,ipeds-494463,494463,2023-24,https://nces.ed.gov/ipeds/datacenter/data/IC2023_AY.zip,verified,2026-10-02,in_state,full_time_first_time_undergraduate,11000,0,300,,,,USD
costs,ipeds-494463,494463,2023-24,https://nces.ed.gov/ipeds/datacenter/data/IC2023_AY.zip,verified,2026-10-02,out_of_state,full_time_first_time_undergraduate,11000,0,300,,,,USD
costs,ipeds-494737,494737,2023-24,https://nces.ed.gov/ipeds/datacenter/data/IC2023_AY.zip,verified,2026-10-02,district,full_time_first_time_undergraduate,21000,0,500,4300,2400,,USD
costs,ipeds-494737,494737,2023-24,https://nces.ed.gov/ipeds/datacenter/data/IC2023_AY.zip,verified,2026-10-02,in_state,full_time_first_time_undergraduate,21000,0,500,4300,2400,,USD
costs,ipeds-494737,494737,2023-24,https://nces.ed.gov/ipeds/datacenter/data/IC2023_AY.zip,verified,2026-10-02,out_of_state,full_time_first_time_undergraduate,21000,0,500,4300,2400,,USD
costs,ipeds-495031,495031,2023-24,https://nces.ed.gov/ipeds/datacenter/data/IC2023_AY.zip,verified,2026-10-02,district,full_time_first_time_undergraduate,11000,0,300,,,,USD
costs,ipeds-495031,495031,2023-24,https://nces.ed.gov/ipeds/datacenter/data/IC2023_AY.zip,verified,2026-10-02,in_state,full_time_first_time_undergraduate,11000,0,300,,,,USD
costs,ipeds-495031,495031,2023-24,https://nces.ed.gov/ipeds/datacenter/data/IC2023_AY.zip,verified,2026-10-02,out_of_state,full_time_first_time_undergraduate,11000,0,300,,,,USD
costs,ipeds-498809,498809,2023-24,https://nces.ed.gov/ipeds/datacenter/data/IC2023_AY.zip,verified,2026-10-02,district,full_time_first_time_undergraduate,14000,0,500,2500,5000,,USD
costs,ipeds-498809,498809,2023-24,https://nces.ed.gov/ipeds/datacenter/data/IC2023_AY.zip,verified,2026-10-02,in_state,full_time_first_time_undergraduate,14000,0,500,2500,5000,,USD
costs,ipeds-498809,498809,2023-24,https://nces.ed.gov/ipeds/datacenter/data/IC2023_AY.zip,verified,2026-10-02,out_of_state,full_time_first_time_undergraduate,14000,0,500,2500,5000,,USD
costs,ipeds-498906,498906,2023-24,https://nces.ed.gov/ipeds/datacenter/data/IC2023_AY.zip,verified,2026-10-02,district,full_time_first_time_undergraduate,14000,0,500,3500,5000,,USD
costs,ipeds-498906,498906,2023-24,https://nces.ed.gov/ipeds/datacenter/data/IC2023_AY.zip,verified,2026-10-02,in_state,full_time_first_time_undergraduate,14000,0,500,3500,5000,,USD
costs,ipeds-498906,498906,2023-24,https://nces.ed.gov/ipeds/datacenter/data/IC2023_AY.zip,verified,2026-10-02,out_of_state,full_time_first_time_undergraduate,14000,0,500,3500,5000,,USD
