domain,institution_key,unitid,academic_year,source_url,verification_status,last_verified_at,residency,student_population,tuition,mandatory_fees,books_supplies,on_campus_food_housing,on_campus_other_expenses,total_cost_of_attendance,currency
costs,ipeds-210492,210492,2023-24,https://nces.ed.gov/ipeds/datacenter/data/IC2023_AY.zip,verified,2026-10-02,district,full_time_first_time_undergraduate,25893,1911,1000,13851,2571,,USD
costs,ipeds-210492,210492,2023-24,https://nces.ed.gov/ipeds/datacenter/data/IC2023_AY.zip,verified,2026-10-02,in_state,full_time_first_time_undergraduate,25893,1911,1000,13851,2571,,USD
costs,ipeds-210492,210492,2023-24,https://nces.ed.gov/ipeds/datacenter/data/IC2023_AY.zip,verified,2026-10-02,out_of_state,full_time_first_time_undergraduate,25893,1911,1000,13851,2571,,USD
costs,ipeds-210571,210571,2023-24,https://nces.ed.gov/ipeds/datacenter/data/IC2023_AY.zip,verified,2026-10-02,district,full_time_first_time_undergraduate,27560,1234,1300,13954,2374,,USD
costs,ipeds-210571,210571,2023-24,https://nces.ed.gov/ipeds/datacenter/data/IC2023_AY.zip,verified,2026-10-02,in_state,full_time_first_time_undergraduate,27560,1234,1300,13954,2374,,USD
costs,ipeds-210571,210571,2023-24,https://nces.ed.gov/ipeds/datacenter/data/IC2023_AY.zip,verified,2026-10-02,out_of_state,full_time_first_time_undergraduate,27560,1234,1300,13954,2374,,USD
costs,ipeds-210605,210605,2023-24,https://nces.ed.gov/ipeds/datacenter/data/IC2023_AY.zip,verified,2026-10-02,district,full_time_first_time_undergraduate,3780,1062,1500,,,,USD
costs,ipeds-210605,210605,2023-24,https://nces.ed.gov/ipeds/datacenter/data/IC2023_AY.zip,verified,2026-10-02,in_state,full_time_first_time_undergraduate,7560,1243,1500,,,,USD
costs,ipeds-210605,210605,2023-24,https://nces.ed.gov/ipeds/datacenter/data/IC2023_AY.zip,verified,2026-10-02,out_of_state,full_time_first_time_undergraduate,11340,1243,1500,,,,USD
costs,ipeds-210669,210669,2023-24,https://nces.ed.gov/ipeds/datacenter/data/IC2023_AY.zip,verified,2026-10-02,district,full_time_first_time_undergraduate,54300,660,1000,13796,2500,,USD
costs,ipeds-210669,210669,2023-24,https://nces.ed.gov/ipeds/datacenter/data/IC2023_AY.zip,verified,2026-10-02,in_state,full_time_first_time_undergraduate,54300,660,1000,13796,2500,,USD
costs,ipeds-210669,210669,2023-24,https://nces.ed.gov/ipeds/datacenter/data/IC2023_AY.zip,verified,2026-10-02,out_of_state,full_time_first_time_undergraduate,54300,660,1000,13796,2500,,USD
costs,ipeds-210739,210739,2023-24,https://nces.ed.gov/ipeds/datacenter/data/IC2023_AY.zip,verified,2026-10-02,district,full_time_first_time_undergraduate,43000,1800,1711,13800,4605,,USD
costs,ipeds-210739,210739,2023-24,https://nces.ed.gov/ipeds/datacenter/data/IC2023_AY.zip,verified,2026-10-02,in_state,full_time_first_time_undergraduate,43000,1800,1711,13800,4605,,USD
costs,ipeds-210739,210739,2023-24,https://nces.ed.gov/ipeds/datacenter/data/IC2023_AY.zip,verified,2026-10-02,out_of_state,full_time_first_time_undergraduate,43000,1800,1711,13800,4605,,USD
costs,ipeds-210775,210775,2023-24,https://nces.ed.gov/ipeds/datacenter/data/IC2023_AY.zip,verified,2026-10-02,district,full_time_first_time_undergraduate,41060,1750,1500,15090,2500,,USD
costs,ipeds-210775,210775,2023-24,https://nces.ed.gov/ipeds/datacenter/data/IC2023_AY.zip,verified,2026-10-02,in_state,full_time_first_time_undergraduate,41060,1750,1500,15090,2500,,USD
costs,ipeds-210775,210775,2023-24,https://nces.ed.gov/ipeds/datacenter/data/IC2023_AY.zip,verified,2026-10-02,out_of_state,full_time_first_time_undergraduate,41060,1750,1500,15090,2500,,USD
costs,ipeds-211024,211024,2023-24,https://nces.ed.gov/ipeds/datacenter/data/IC2023_AY.zip,verified,2026-10-02,district,full_time_first_time_undergraduate,31200,1200,1200,7600,1800,,USD
costs,ipeds-211024,211024,2023-24,https://nces.ed.gov/ipeds/datacenter/data/IC2023_AY.zip,verified,2026-10-02,in_state,full_time_first_time_undergraduate,31200,1200,1200,7600,1800,,USD
costs,ipeds-211024,211024,2023-24,https://nces.ed.gov/ipeds/datacenter/data/IC2023_AY.zip,verified,2026-10-02,out_of_state,full_time_first_time_undergraduate,31200,1200,1200,7600,1800,,USD
costs,ipeds-211079,211079,2023-24,https://nces.ed.gov/ipeds/datacenter/data/IC2023_AY.zip,verified,2026-10-02,district,full_time_first_time_undergraduate,5460,1830,600,,,,USD
costs,ipeds-211079,211079,2023-24,https://nces.ed.gov/ipeds/datacenter/data/IC2023_AY.zip,verified,2026-10-02,in_state,full_time_first_time_undergraduate,10920,2760,600,,,,USD
costs,ipeds-211079,211079,2023-24,https://nces.ed.gov/ipeds/datacenter/data/IC2023_AY.zip,verified,2026-10-02,out_of_state,full_time_first_time_undergraduate,16380,3510,600,,,,USD
costs,ipeds-211088,211088,2023-24,https://nces.ed.gov/ipeds/datacenter/data/IC2023_AY.zip,verified,2026-10-02,district,full_time_first_time_undergraduate,47590,700,1500,16250,1100,,USD
costs,ipeds-211088,211088,2023-24,https://nces.ed.gov/ipeds/datacenter/data/IC2023_AY.zip,verified,2026-10-02,in_state,full_time_first_time_undergraduate,47590,700,1500,16250,1100,,USD
costs,ipeds-211088,211088,2023-24,https://nces.ed.gov/ipeds/datacenter/data/IC2023_AY.zip,verified,2026-10-02,out_of_state,full_time_first_time_undergraduate,47590,700,1500,16250,1100,,USD
costs,ipeds-211273,211273,2023-24,https://nces.ed.gov/ipeds/datacenter/data/IC2023_AY.zip,verified,2026-10-02,district,full_time_first_time_undergraduate,61190,1370,1000,18690,1000,,USD
costs,ipeds-211273,211273,2023-24,https://nces.ed.gov/ipeds/datacenter/data/IC2023_AY.zip,verified,2026-10-02,in_state,full_time_first_time_undergraduate,61190,1370,1000,18690,1000,,USD
costs,ipeds-211273,211273,2023-24,https://nces.ed.gov/ipeds/datacenter/data/IC2023_AY.zip,verified,2026-10-02,out_of_state,full_time_first_time_undergraduate,61190,1370,1000,18690,1000,,USD
costs,ipeds-211291,211291,2023-24,https://nces.ed.gov/ipeds/datacenter/data/IC2023_AY.zip,verified,2026-10-02,district,full_time_first_time_undergraduate,64418,354,900,16118,2000,,USD
costs,ipeds-211291,211291,2023-24,https://nces.ed.gov/ipeds/datacenter/data/IC2023_AY.zip,verified,2026-10-02,in_state,full_time_first_time_undergraduate,64418,354,900,16118,2000,,USD
costs,ipeds-211291,211291,2023-24,https://nces.ed.gov/ipeds/datacenter/data/IC2023_AY.zip,verified,2026-10-02,out_of_state,full_time_first_time_undergraduate,64418,354,900,16118,2000,,USD
costs,ipeds-211307,211307,2023-24,https://nces.ed.gov/ipeds/datacenter/data/IC2023_AY.zip,verified,2026-10-02,district,full_time_first_time_undergraduate,3960,1061,1700,,,,USD
costs,ipeds-211307,211307,2023-24,https://nces.ed.gov/ipeds/datacenter/data/IC2023_AY.zip,verified,2026-10-02,in_state,full_time_first_time_undergraduate,7920,1301,1700,,,,USD
costs,ipeds-211307,211307,2023-24,https://nces.ed.gov/ipeds/datacenter/data/IC2023_AY.zip,verified,2026-10-02,out_of_state,full_time_first_time_undergraduate,11880,1541,1700,,,,USD
costs,ipeds-211343,211343,2023-24,https://nces.ed.gov/ipeds/datacenter/data/IC2023_AY.zip,verified,2026-10-02,district,full_time_first_time_undergraduate,3900,1710,1400,,,,USD
costs,ipeds-211343,211343,2023-24,https://nces.ed.gov/ipeds/datacenter/data/IC2023_AY.zip,verified,2026-10-02,in_state,full_time_first_time_undergraduate,6990,1710,1400,,,,USD
costs,ipeds-211343,211343,2023-24,https://nces.ed.gov/ipeds/datacenter/data/IC2023_AY.zip,verified,2026-10-02,out_of_state,full_time_first_time_undergraduate,9990,1710,1400,,,,USD
costs,ipeds-211352,211352,2023-24,https://nces.ed.gov/ipeds/datacenter/data/IC2023_AY.zip,verified,2026-10-02,district,full_time_first_time_undergraduate,34800,1015,1250,14400,1500,,USD
costs,ipeds-211352,211352,2023-24,https://nces.ed.gov/ipeds/datacenter/data/IC2023_AY.zip,verified,2026-10-02,in_state,full_time_first_time_undergraduate,34800,1015,1250,14400,1500,,USD
costs,ipeds-211352,211352,2023-24,https://nces.ed.gov/ipeds/datacenter/data/IC2023_AY.zip,verified,2026-10-02,out_of_state,full_time_first_time_undergraduate,34800,1015,1250,14400,1500,,USD
costs,ipeds-211431,211431,2023-24,https://nces.ed.gov/ipeds/datacenter/data/IC2023_AY.zip,verified,2026-10-02,district,full_time_first_time_undergraduate,33376,1126,2000,13406,2382,,USD
costs,ipeds-211431,211431,2023-24,https://nces.ed.gov/ipeds/datacenter/data/IC2023_AY.zip,verified,2026-10-02,in_state,full_time_first_time_undergraduate,33376,1126,2000,13406,2382,,USD
costs,ipeds-211431,211431,2023-24,https://nces.ed.gov/ipeds/datacenter/data/IC2023_AY.zip,verified,2026-10-02,out_of_state,full_time_first_time_undergraduate,33376,1126,2000,13406,2382,,USD
costs,ipeds-211440,211440,2023-24,https://nces.ed.gov/ipeds/datacenter/data/IC2023_AY.zip,verified,2026-10-02,district,full_time_first_time_undergraduate,62260,1569,1000,17468,1400,,USD
costs,ipeds-211440,211440,2023-24,https://nces.ed.gov/ipeds/datacenter/data/IC2023_AY.zip,verified,2026-10-02,in_state,full_time_first_time_undergraduate,62260,1569,1000,17468,1400,,USD
costs,ipeds-211440,211440,2023-24,https://nces.ed.gov/ipeds/datacenter/data/IC2023_AY.zip,verified,2026-10-02,out_of_state,full_time_first_time_undergraduate,62260,1569,1000,17468,1400,,USD
costs,ipeds-211468,211468,2023-24,https://nces.ed.gov/ipeds/datacenter/data/IC2023_AY.zip,verified,2026-10-02,district,full_time_first_time_undergraduate,44334,600,3000,13001,850,,USD
costs,ipeds-211468,211468,2023-24,https://nces.ed.gov/ipeds/datacenter/data/IC2023_AY.zip,verified,2026-10-02,in_state,full_time_first_time_undergraduate,44334,600,3000,13001,850,,USD
costs,ipeds-211468,211468,2023-24,https://nces.ed.gov/ipeds/datacenter/data/IC2023_AY.zip,verified,2026-10-02,out_of_state,full_time_first_time_undergraduate,44334,600,3000,13001,850,,USD
costs,ipeds-211477,211477,2023-24,https://nces.ed.gov/ipeds/datacenter/data/IC2023_AY.zip,verified,2026-10-02,district,full_time_first_time_undergraduate,18324,1080,1500,7416,2000,,USD
costs,ipeds-211477,211477,2023-24,https://nces.ed.gov/ipeds/datacenter/data/IC2023_AY.zip,verified,2026-10-02,in_state,full_time_first_time_undergraduate,18324,1080,1500,7416,2000,,USD
costs,ipeds-211477,211477,2023-24,https://nces.ed.gov/ipeds/datacenter/data/IC2023_AY.zip,verified,2026-10-02,out_of_state,full_time_first_time_undergraduate,18324,1080,1500,7416,2000,,USD
costs,ipeds-211556,211556,2023-24,https://nces.ed.gov/ipeds/datacenter/data/IC2023_AY.zip,verified,2026-10-02,district,full_time_first_time_undergraduate,42250,1560,1000,14324,2500,,USD
costs,ipeds-211556,211556,2023-24,https://nces.ed.gov/ipeds/datacenter/data/IC2023_AY.zip,verified,2026-10-02,in_state,full_time_first_time_undergraduate,42250,1560,1000,14324,2500,,USD
costs,ipeds-211556,211556,2023-24,https://nces.ed.gov/ipeds/datacenter/data/IC2023_AY.zip,verified,2026-10-02,out_of_state,full_time_first_time_undergraduate,42250,1560,1000,14324,2500,,USD
costs,ipeds-211583,211583,2023-24,https://nces.ed.gov/ipeds/datacenter/data/IC2023_AY.zip,verified,2026-10-02,district,full_time_first_time_undergraduate,38950,460,1550,12300,5594,,USD
costs,ipeds-211583,211583,2023-24,https://nces.ed.gov/ipeds/datacenter/data/IC2023_AY.zip,verified,2026-10-02,in_state,full_time_first_time_undergraduate,38950,460,1550,12300,5594,,USD
costs,ipeds-211583,211583,2023-24,https://nces.ed.gov/ipeds/datacenter/data/IC2023_AY.zip,verified,2026-10-02,out_of_state,full_time_first_time_undergraduate,38950,460,1550,12300,5594,,USD
costs,ipeds-211608,211608,2023-24,https://nces.ed.gov/ipeds/datacenter/data/IC2023_AY.zip,verified,2026-10-02,district,full_time_first_time_undergraduate,7716,3188,100,11016,4832,,USD
costs,ipeds-211608,211608,2023-24,https://nces.ed.gov/ipeds/datacenter/data/IC2023_AY.zip,verified,2026-10-02,in_state,full_time_first_time_undergraduate,7716,3188,100,11016,4832,,USD
costs,ipeds-211608,211608,2023-24,https://nces.ed.gov/ipeds/datacenter/data/IC2023_AY.zip,verified,2026-10-02,out_of_state,full_time_first_time_undergraduate,15432,3438,100,11016,4832,,USD
costs,ipeds-211893,211893,2023-24,https://nces.ed.gov/ipeds/datacenter/data/IC2023_AY.zip,verified,2026-10-02,district,full_time_first_time_undergraduate,0,6000,4530,20653,2892,,USD
costs,ipeds-211893,211893,2023-24,https://nces.ed.gov/ipeds/datacenter/data/IC2023_AY.zip,verified,2026-10-02,in_state,full_time_first_time_undergraduate,0,6000,4530,20653,2892,,USD
costs,ipeds-211893,211893,2023-24,https://nces.ed.gov/ipeds/datacenter/data/IC2023_AY.zip,verified,2026-10-02,out_of_state,full_time_first_time_undergraduate,0,6000,4530,20653,2892,,USD
costs,ipeds-211927,211927,2023-24,https://nces.ed.gov/ipeds/datacenter/data/IC2023_AY.zip,verified,2026-10-02,district,full_time_first_time_undergraduate,4050,2610,2500,,,,USD
costs,ipeds-211927,211927,2023-24,https://nces.ed.gov/ipeds/datacenter/data/IC2023_AY.zip,verified,2026-10-02,in_state,full_time_first_time_undergraduate,8100,2700,2500,,,,USD
costs,ipeds-211927,211927,2023-24,https://nces.ed.gov/ipeds/datacenter/data/IC2023_AY.zip,verified,2026-10-02,out_of_state,full_time_first_time_undergraduate,12150,2790,2500,,,,USD
costs,ipeds-211981,211981,2023-24,https://nces.ed.gov/ipeds/datacenter/data/IC2023_AY.zip,verified,2026-10-02,district,full_time_first_time_undergraduate,40680,2620,1000,14750,2040,,USD
costs,ipeds-211981,211981,2023-24,https://nces.ed.gov/ipeds/datacenter/data/IC2023_AY.zip,verified,2026-10-02,in_state,full_time_first_time_undergraduate,40680,2620,1000,14750,2040,,USD
costs,ipeds-211981,211981,2023-24,https://nces.ed.gov/ipeds/datacenter/data/IC2023_AY.zip,verified,2026-10-02,out_of_state,full_time_first_time_undergraduate,40680,2620,1000,14750,2040,,USD
costs,ipeds-212009,212009,2023-24,https://nces.ed.gov/ipeds/datacenter/data/IC2023_AY.zip,verified,2026-10-02,district,full_time_first_time_undergraduate,62900,575,1324,16500,1928,,USD
costs,ipeds-212009,212009,2023-24,https://nces.ed.gov/ipeds/datacenter/data/IC2023_AY.zip,verified,2026-10-02,in_state,full_time_first_time_undergraduate,62900,575,1324,16500,1928,,USD
costs,ipeds-212009,212009,2023-24,https://nces.ed.gov/ipeds/datacenter/data/IC2023_AY.zip,verified,2026-10-02,out_of_state,full_time_first_time_undergraduate,62900,575,1324,16500,1928,,USD
costs,ipeds-212045,212045,2023-24,https://nces.ed.gov/ipeds/datacenter/data/IC2023_AY.zip,verified,2026-10-02,district,full_time_first_time_undergraduate,18800,150,4075,,,,USD
costs,ipeds-212045,212045,2023-24,https://nces.ed.gov/ipeds/datacenter/data/IC2023_AY.zip,verified,2026-10-02,in_state,full_time_first_time_undergraduate,18800,150,4075,,,,USD
costs,ipeds-212045,212045,2023-24,https://nces.ed.gov/ipeds/datacenter/data/IC2023_AY.zip,verified,2026-10-02,out_of_state,full_time_first_time_undergraduate,18800,150,4075,,,,USD
costs,ipeds-212054,212054,2023-24,https://nces.ed.gov/ipeds/datacenter/data/IC2023_AY.zip,verified,2026-10-02,district,full_time_first_time_undergraduate,58293,2370,1700,17550,1500,,USD
costs,ipeds-212054,212054,2023-24,https://nces.ed.gov/ipeds/datacenter/data/IC2023_AY.zip,verified,2026-10-02,in_state,full_time_first_time_undergraduate,58293,2370,1700,17550,1500,,USD
costs,ipeds-212054,212054,2023-24,https://nces.ed.gov/ipeds/datacenter/data/IC2023_AY.zip,verified,2026-10-02,out_of_state,full_time_first_time_undergraduate,58293,2370,1700,17550,1500,,USD
costs,ipeds-212106,212106,2023-24,https://nces.ed.gov/ipeds/datacenter/data/IC2023_AY.zip,verified,2026-10-02,district,full_time_first_time_undergraduate,47146,0,1440,15620,3958,,USD
costs,ipeds-212106,212106,2023-24,https://nces.ed.gov/ipeds/datacenter/data/IC2023_AY.zip,verified,2026-10-02,in_state,full_time_first_time_undergraduate,47146,0,1440,15620,3958,,USD
costs,ipeds-212106,212106,2023-24,https://nces.ed.gov/ipeds/datacenter/data/IC2023_AY.zip,verified,2026-10-02,out_of_state,full_time_first_time_undergraduate,47146,0,1440,15620,3958,,USD
costs,ipeds-212115,212115,2023-24,https://nces.ed.gov/ipeds/datacenter/data/IC2023_AY.zip,verified,2026-10-02,district,full_time_first_time_undergraduate,7716,3320,1000,11154,5858,,USD
costs,ipeds-212115,212115,2023-24,https://nces.ed.gov/ipeds/datacenter/data/IC2023_AY.zip,verified,2026-10-02,in_state,full_time_first_time_undergraduate,7716,3320,1000,11154,5858,,USD
costs,ipeds-212115,212115,2023-24,https://nces.ed.gov/ipeds/datacenter/data/IC2023_AY.zip,verified,2026-10-02,out_of_state,full_time_first_time_undergraduate,15432,3570,1000,11154,5858,,USD
costs,ipeds-212133,212133,2023-24,https://nces.ed.gov/ipeds/datacenter/data/IC2023_AY.zip,verified,2026-10-02,district,full_time_first_time_undergraduate,36760,660,1424,13168,4338,,USD
costs,ipeds-212133,212133,2023-24,https://nces.ed.gov/ipeds/datacenter/data/IC2023_AY.zip,verified,2026-10-02,in_state,full_time_first_time_undergraduate,36760,660,1424,13168,4338,,USD
costs,ipeds-212133,212133,2023-24,https://nces.ed.gov/ipeds/datacenter/data/IC2023_AY.zip,verified,2026-10-02,out_of_state,full_time_first_time_undergraduate,36760,660,1424,13168,4338,,USD
costs,ipeds-212197,212197,2023-24,https://nces.ed.gov/ipeds/datacenter/data/IC2023_AY.zip,verified,2026-10-02,district,full_time_first_time_undergraduate,36166,676,1100,12954,1050,,USD
costs,ipeds-212197,212197,2023-24,https://nces.ed.gov/ipeds/datacenter/data/IC2023_AY.zip,verified,2026-10-02,in_state,full_time_first_time_undergraduate,36166,676,1100,12954,1050,,USD
costs,ipeds-212197,212197,2023-24,https://nces.ed.gov/ipeds/datacenter/data/IC2023_AY.zip,verified,2026-10-02,out_of_state,full_time_first_time_undergraduate,36166,676,1100,12954,1050,,USD
costs,ipeds-212434,212434,2023-24,https://nces.ed.gov/ipeds/datacenter/data/IC2023_AY.zip,verified,2026-10-02,district,full_time_first_time_undergraduate,15768,0,2252,,,,USD
costs,ipeds-212434,212434,2023-24,https://nces.ed.gov/ipeds/datacenter/data/IC2023_AY.zip,verified,2026-10-02,in_state,full_time_first_time_undergraduate,15768,0,2252,,,,USD
costs,ipeds-212434,212434,2023-24,https://nces.ed.gov/ipeds/datacenter/data/IC2023_AY.zip,verified,2026-10-02,out_of_state,full_time_first_time_undergraduate,15768,0,2252,,,,USD
costs,ipeds-212577,212577,2023-24,https://nces.ed.gov/ipeds/datacenter/data/IC2023_AY.zip,verified,2026-10-02,district,full_time_first_time_undergraduate,68180,200,800,15568,1270,,USD
costs,ipeds-212577,212577,2023-24,https://nces.ed.gov/ipeds/datacenter/data/IC2023_AY.zip,verified,2026-10-02,in_state,full_time_first_time_undergraduate,68180,200,800,15568,1270,,USD
costs,ipeds-212577,212577,2023-24,https://nces.ed.gov/ipeds/datacenter/data/IC2023_AY.zip,verified,2026-10-02,out_of_state,full_time_first_time_undergraduate,68180,200,800,15568,1270,,USD
costs,ipeds-212601,212601,2023-24,https://nces.ed.gov/ipeds/datacenter/data/IC2023_AY.zip,verified,2026-10-02,district,full_time_first_time_undergraduate,36865,1086,1210,15610,2864,,USD
costs,ipeds-212601,212601,2023-24,https://nces.ed.gov/ipeds/datacenter/data/IC2023_AY.zip,verified,2026-10-02,in_state,full_time_first_time_undergraduate,36865,1086,1210,15610,2864,,USD
costs,ipeds-212601,212601,2023-24,https://nces.ed.gov/ipeds/datacenter/data/IC2023_AY.zip,verified,2026-10-02,out_of_state,full_time_first_time_undergraduate,36865,1086,1210,15610,2864,,USD
costs,ipeds-212656,212656,2023-24,https://nces.ed.gov/ipeds/datacenter/data/IC2023_AY.zip,verified,2026-10-02,district,full_time_first_time_undergraduate,32350,1260,1100,10980,1700,,USD
costs,ipeds-212656,212656,2023-24,https://nces.ed.gov/ipeds/datacenter/data/IC2023_AY.zip,verified,2026-10-02,in_state,full_time_first_time_undergraduate,32350,1260,1100,10980,1700,,USD
costs,ipeds-212656,212656,2023-24,https://nces.ed.gov/ipeds/datacenter/data/IC2023_AY.zip,verified,2026-10-02,out_of_state,full_time_first_time_undergraduate,32350,1260,1100,10980,1700,,USD
costs,ipeds-212674,212674,2023-24,https://nces.ed.gov/ipeds/datacenter/data/IC2023_AY.zip,verified,2026-10-02,district,full_time_first_time_undergraduate,64230,0,1000,15530,1200,,USD
costs,ipeds-212674,212674,2023-24,https://nces.ed.gov/ipeds/datacenter/data/IC2023_AY.zip,verified,2026-10-02,in_state,full_time_first_time_undergraduate,64230,0,1000,15530,1200,,USD
costs,ipeds-212674,212674,2023-24,https://nces.ed.gov/ipeds/datacenter/data/IC2023_AY.zip,verified,2026-10-02,out_of_state,full_time_first_time_undergraduate,64230,0,1000,15530,1200,,USD
costs,ipeds-212805,212805,2023-24,https://nces.ed.gov/ipeds/datacenter/data/IC2023_AY.zip,verified,2026-10-02,district,full_time_first_time_undergraduate,20890,0,1000,11770,850,,USD
costs,ipeds-212805,212805,2023-24,https://nces.ed.gov/ipeds/datacenter/data/IC2023_AY.zip,verified,2026-10-02,in_state,full_time_first_time_undergraduate,20890,0,1000,11770,850,,USD
costs,ipeds-212805,212805,2023-24,https://nces.ed.gov/ipeds/datacenter/data/IC2023_AY.zip,verified,2026-10-02,out_of_state,full_time_first_time_undergraduate,20890,0,1000,11770,850,,USD
costs,ipeds-212832,212832,2023-24,https://nces.ed.gov/ipeds/datacenter/data/IC2023_AY.zip,verified,2026-10-02,district,full_time_first_time_undergraduate,37140,1170,1500,14142,4578,,USD
costs,ipeds-212832,212832,2023-24,https://nces.ed.gov/ipeds/datacenter/data/IC2023_AY.zip,verified,2026-10-02,in_state,full_time_first_time_undergraduate,37140,1170,1500,14142,4578,,USD
costs,ipeds-212832,212832,2023-24,https://nces.ed.gov/ipeds/datacenter/data/IC2023_AY.zip,verified,2026-10-02,out_of_state,full_time_first_time_undergraduate,37140,1170,1500,14142,4578,,USD
costs,ipeds-212869,212869,2023-24,https://nces.ed.gov/ipeds/datacenter/data/IC2023_AY.zip,verified,2026-10-02,district,full_time_first_time_undergraduate,29500,400,1500,11600,2552,,USD
costs,ipeds-212869,212869,2023-24,https://nces.ed.gov/ipeds/datacenter/data/IC2023_AY.zip,verified,2026-10-02,in_state,full_time_first_time_undergraduate,29500,400,1500,11600,2552,,USD
costs,ipeds-212869,212869,2023-24,https://nces.ed.gov/ipeds/datacenter/data/IC2023_AY.zip,verified,2026-10-02,out_of_state,full_time_first_time_undergraduate,29500,400,1500,11600,2552,,USD
costs,ipeds-212878,212878,2023-24,https://nces.ed.gov/ipeds/datacenter/data/IC2023_AY.zip,verified,2026-10-02,district,full_time_first_time_undergraduate,6023,1350,1946,,,,USD
costs,ipeds-212878,212878,2023-24,https://nces.ed.gov/ipeds/datacenter/data/IC2023_AY.zip,verified,2026-10-02,in_state,full_time_first_time_undergraduate,7418,1500,1946,,,,USD
costs,ipeds-212878,212878,2023-24,https://nces.ed.gov/ipeds/datacenter/data/IC2023_AY.zip,verified,2026-10-02,out_of_state,full_time_first_time_undergraduate,9750,1650,1946,,,,USD
costs,ipeds-212911,212911,2023-24,https://nces.ed.gov/ipeds/datacenter/data/IC2023_AY.zip,verified,2026-10-02,district,full_time_first_time_undergraduate,67522,778,1240,18880,1962,,USD
costs,ipeds-212911,212911,2023-24,https://nces.ed.gov/ipeds/datacenter/data/IC2023_AY.zip,verified,2026-10-02,in_state,full_time_first_time_undergraduate,67522,778,1240,18880,1962,,USD
costs,ipeds-212911,212911,2023-24,https://nces.ed.gov/ipeds/datacenter/data/IC2023_AY.zip,verified,2026-10-02,out_of_state,full_time_first_time_undergraduate,67522,778,1240,18880,1962,,USD
costs,ipeds-212975,212975,2023-24,https://nces.ed.gov/ipeds/datacenter/data/IC2023_AY.zip,verified,2026-10-02,district,full_time_first_time_undergraduate,7564,150,,9028,4134,,USD
costs,ipeds-212975,212975,2023-24,https://nces.ed.gov/ipeds/datacenter/data/IC2023_AY.zip,verified,2026-10-02,in_state,full_time_first_time_undergraduate,7564,150,,9028,4134,,USD
costs,ipeds-212975,212975,2023-24,https://nces.ed.gov/ipeds/datacenter/data/IC2023_AY.zip,verified,2026-10-02,out_of_state,full_time_first_time_undergraduate,7564,150,,9028,4134,,USD
costs,ipeds-212984,212984,2023-24,https://nces.ed.gov/ipeds/datacenter/data/IC2023_AY.zip,verified,2026-10-02,district,full_time_first_time_undergraduate,32768,1200,1230,14694,1032,,USD
costs,ipeds-212984,212984,2023-24,https://nces.ed.gov/ipeds/datacenter/data/IC2023_AY.zip,verified,2026-10-02,in_state,full_time_first_time_undergraduate,32768,1200,1230,14694,1032,,USD
costs,ipeds-212984,212984,2023-24,https://nces.ed.gov/ipeds/datacenter/data/IC2023_AY.zip,verified,2026-10-02,out_of_state,full_time_first_time_undergraduate,32768,1200,1230,14694,1032,,USD
costs,ipeds-213011,213011,2023-24,https://nces.ed.gov/ipeds/datacenter/data/IC2023_AY.zip,verified,2026-10-02,district,full_time_first_time_undergraduate,27700,850,1300,12870,2984,,USD
costs,ipeds-213011,213011,2023-24,https://nces.ed.gov/ipeds/datacenter/data/IC2023_AY.zip,verified,2026-10-02,in_state,full_time_first_time_undergraduate,27700,850,1300,12870,2984,,USD
costs,ipeds-213011,213011,2023-24,https://nces.ed.gov/ipeds/datacenter/data/IC2023_AY.zip,verified,2026-10-02,out_of_state,full_time_first_time_undergraduate,27700,850,1300,12870,2984,,USD
costs,ipeds-213020,213020,2023-24,https://nces.ed.gov/ipeds/datacenter/data/IC2023_AY.zip,verified,2026-10-02,district,full_time_first_time_undergraduate,7716,3664,1100,12802,2080,,USD
costs,ipeds-213020,213020,2023-24,https://nces.ed.gov/ipeds/datacenter/data/IC2023_AY.zip,verified,2026-10-02,in_state,full_time_first_time_undergraduate,7716,3664,1100,12802,2080,,USD
costs,ipeds-213020,213020,2023-24,https://nces.ed.gov/ipeds/datacenter/data/IC2023_AY.zip,verified,2026-10-02,out_of_state,full_time_first_time_undergraduate,11200,5097,1100,12802,2080,,USD
costs,ipeds-213163,213163,2023-24,https://nces.ed.gov/ipeds/datacenter/data/IC2023_AY.zip,verified,2026-10-02,district,full_time_first_time_undergraduate,13498,2000,2495,,,,USD
costs,ipeds-213163,213163,2023-24,https://nces.ed.gov/ipeds/datacenter/data/IC2023_AY.zip,verified,2026-10-02,in_state,full_time_first_time_undergraduate,13498,2000,2495,,,,USD
costs,ipeds-213163,213163,2023-24,https://nces.ed.gov/ipeds/datacenter/data/IC2023_AY.zip,verified,2026-10-02,out_of_state,full_time_first_time_undergraduate,13498,2000,2495,,,,USD
costs,ipeds-213233,213233,2023-24,https://nces.ed.gov/ipeds/datacenter/data/IC2023_AY.zip,verified,2026-10-02,district,full_time_first_time_undergraduate,18408,2325,1500,,,,USD
costs,ipeds-213233,213233,2023-24,https://nces.ed.gov/ipeds/datacenter/data/IC2023_AY.zip,verified,2026-10-02,in_state,full_time_first_time_undergraduate,18408,2325,1500,,,,USD
costs,ipeds-213233,213233,2023-24,https://nces.ed.gov/ipeds/datacenter/data/IC2023_AY.zip,verified,2026-10-02,out_of_state,full_time_first_time_undergraduate,18408,2325,1500,,,,USD
costs,ipeds-213251,213251,2023-24,https://nces.ed.gov/ipeds/datacenter/data/IC2023_AY.zip,verified,2026-10-02,district,full_time_first_time_undergraduate,55322,1080,,13546,1250,,USD
costs,ipeds-213251,213251,2023-24,https://nces.ed.gov/ipeds/datacenter/data/IC2023_AY.zip,verified,2026-10-02,in_state,full_time_first_time_undergraduate,55322,1080,,13546,1250,,USD
costs,ipeds-213251,213251,2023-24,https://nces.ed.gov/ipeds/datacenter/data/IC2023_AY.zip,verified,2026-10-02,out_of_state,full_time_first_time_undergraduate,55322,1080,,13546,1250,,USD
costs,ipeds-213303,213303,2023-24,https://nces.ed.gov/ipeds/datacenter/data/IC2023_AY.zip,verified,2026-10-02,district,full_time_first_time_undergraduate,15350,2500,500,12400,2600,,USD
costs,ipeds-213303,213303,2023-24,https://nces.ed.gov/ipeds/datacenter/data/IC2023_AY.zip,verified,2026-10-02,in_state,full_time_first_time_undergraduate,15350,2500,500,12400,2600,,USD
costs,ipeds-213303,213303,2023-24,https://nces.ed.gov/ipeds/datacenter/data/IC2023_AY.zip,verified,2026-10-02,out_of_state,full_time_first_time_undergraduate,15350,2500,500,12400,2600,,USD
costs,ipeds-213321,213321,2023-24,https://nces.ed.gov/ipeds/datacenter/data/IC2023_AY.zip,verified,2026-10-02,district,full_time_first_time_undergraduate,40520,2080,1300,15086,2888,,USD
costs,ipeds-213321,213321,2023-24,https://nces.ed.gov/ipeds/datacenter/data/IC2023_AY.zip,verified,2026-10-02,in_state,full_time_first_time_undergraduate,40520,2080,1300,15086,2888,,USD
costs,ipeds-213321,213321,2023-24,https://nces.ed.gov/ipeds/datacenter/data/IC2023_AY.zip,verified,2026-10-02,out_of_state,full_time_first_time_undergraduate,40520,2080,1300,15086,2888,,USD
costs,ipeds-213349,213349,2023-24,https://nces.ed.gov/ipeds/datacenter/data/IC2023_AY.zip,verified,2026-10-02,district,full_time_first_time_undergraduate,7716,3514,1200,13116,4320,,USD
costs,ipeds-213349,213349,2023-24,https://nces.ed.gov/ipeds/datacenter/data/IC2023_AY.zip,verified,2026-10-02,in_state,full_time_first_time_undergraduate,7716,3514,1200,13116,4320,,USD
costs,ipeds-213349,213349,2023-24,https://nces.ed.gov/ipeds/datacenter/data/IC2023_AY.zip,verified,2026-10-02,out_of_state,full_time_first_time_undergraduate,12220,4214,1200,13116,4320,,USD
costs,ipeds-213358,213358,2023-24,https://nces.ed.gov/ipeds/datacenter/data/IC2023_AY.zip,verified,2026-10-02,district,full_time_first_time_undergraduate,31960,1160,1300,13268,2660,,USD
costs,ipeds-213358,213358,2023-24,https://nces.ed.gov/ipeds/datacenter/data/IC2023_AY.zip,verified,2026-10-02,in_state,full_time_first_time_undergraduate,31960,1160,1300,13268,2660,,USD
costs,ipeds-213358,213358,2023-24,https://nces.ed.gov/ipeds/datacenter/data/IC2023_AY.zip,verified,2026-10-02,out_of_state,full_time_first_time_undergraduate,31960,1160,1300,13268,2660,,USD
costs,ipeds-213367,213367,2023-24,https://nces.ed.gov/ipeds/datacenter/data/IC2023_AY.zip,verified,2026-10-02,district,full_time_first_time_undergraduate,34270,1300,1000,15590,1000,,USD
costs,ipeds-213367,213367,2023-24,https://nces.ed.gov/ipeds/datacenter/data/IC2023_AY.zip,verified,2026-10-02,in_state,full_time_first_time_undergraduate,34270,1300,1000,15590,1000,,USD
costs,ipeds-213367,213367,2023-24,https://nces.ed.gov/ipeds/datacenter/data/IC2023_AY.zip,verified,2026-10-02,out_of_state,full_time_first_time_undergraduate,34270,1300,1000,15590,1000,,USD
costs,ipeds-213376,213376,2023-24,https://nces.ed.gov/ipeds/datacenter/data/IC2023_AY.zip,verified,2026-10-02,district,full_time_first_time_undergraduate,17020,930,1500,12110,2610,,USD
costs,ipeds-213376,213376,2023-24,https://nces.ed.gov/ipeds/datacenter/data/IC2023_AY.zip,verified,2026-10-02,in_state,full_time_first_time_undergraduate,17020,930,1500,12110,2610,,USD
costs,ipeds-213376,213376,2023-24,https://nces.ed.gov/ipeds/datacenter/data/IC2023_AY.zip,verified,2026-10-02,out_of_state,full_time_first_time_undergraduate,17020,930,1500,12110,2610,,USD
costs,ipeds-213385,213385,2023-24,https://nces.ed.gov/ipeds/datacenter/data/IC2023_AY.zip,verified,2026-10-02,district,full_time_first_time_undergraduate,61482,1092,1000,18640,1150,,USD
costs,ipeds-213385,213385,2023-24,https://nces.ed.gov/ipeds/datacenter/data/IC2023_AY.zip,verified,2026-10-02,in_state,full_time_first_time_undergraduate,61482,1092,1000,18640,1150,,USD
costs,ipeds-213385,213385,2023-24,https://nces.ed.gov/ipeds/datacenter/data/IC2023_AY.zip,verified,2026-10-02,out_of_state,full_time_first_time_undergraduate,61482,1092,1000,18640,1150,,USD
costs,ipeds-213400,213400,2023-24,https://nces.ed.gov/ipeds/datacenter/data/IC2023_AY.zip,verified,2026-10-02,district,full_time_first_time_undergraduate,29990,0,880,11640,3359,,USD
costs,ipeds-213400,213400,2023-24,https://nces.ed.gov/ipeds/datacenter/data/IC2023_AY.zip,verified,2026-10-02,in_state,full_time_first_time_undergraduate,29990,0,880,11640,3359,,USD
costs,ipeds-213400,213400,2023-24,https://nces.ed.gov/ipeds/datacenter/data/IC2023_AY.zip,verified,2026-10-02,out_of_state,full_time_first_time_undergraduate,29990,0,880,11640,3359,,USD
costs,ipeds-213473,213473,2023-24,https://nces.ed.gov/ipeds/datacenter/data/IC2023_AY.zip,verified,2026-10-02,district,full_time_first_time_undergraduate,11850,0,1575,,,,USD
costs,ipeds-213473,213473,2023-24,https://nces.ed.gov/ipeds/datacenter/data/IC2023_AY.zip,verified,2026-10-02,in_state,full_time_first_time_undergraduate,11850,0,1575,,,,USD
costs,ipeds-213473,213473,2023-24,https://nces.ed.gov/ipeds/datacenter/data/IC2023_AY.zip,verified,2026-10-02,out_of_state,full_time_first_time_undergraduate,11850,0,1575,,,,USD
costs,ipeds-213507,213507,2023-24,https://nces.ed.gov/ipeds/datacenter/data/IC2023_AY.zip,verified,2026-10-02,district,full_time_first_time_undergraduate,48890,1430,1200,15340,2668,,USD
costs,ipeds-213507,213507,2023-24,https://nces.ed.gov/ipeds/datacenter/data/IC2023_AY.zip,verified,2026-10-02,in_state,full_time_first_time_undergraduate,48890,1430,1200,15340,2668,,USD
costs,ipeds-213507,213507,2023-24,https://nces.ed.gov/ipeds/datacenter/data/IC2023_AY.zip,verified,2026-10-02,out_of_state,full_time_first_time_undergraduate,48890,1430,1200,15340,2668,,USD
costs,ipeds-213525,213525,2023-24,https://nces.ed.gov/ipeds/datacenter/data/IC2023_AY.zip,verified,2026-10-02,district,full_time_first_time_undergraduate,3775,1440,2000,,,,USD
costs,ipeds-213525,213525,2023-24,https://nces.ed.gov/ipeds/datacenter/data/IC2023_AY.zip,verified,2026-10-02,in_state,full_time_first_time_undergraduate,7500,1710,2000,,,,USD
costs,ipeds-213525,213525,2023-24,https://nces.ed.gov/ipeds/datacenter/data/IC2023_AY.zip,verified,2026-10-02,out_of_state,full_time_first_time_undergraduate,11225,1980,2000,,,,USD
costs,ipeds-213543,213543,2023-24,https://nces.ed.gov/ipeds/datacenter/data/IC2023_AY.zip,verified,2026-10-02,district,full_time_first_time_undergraduate,61180,1000,1000,16470,1500,,USD
costs,ipeds-213543,213543,2023-24,https://nces.ed.gov/ipeds/datacenter/data/IC2023_AY.zip,verified,2026-10-02,in_state,full_time_first_time_undergraduate,61180,1000,1000,16470,1500,,USD
costs,ipeds-213543,213543,2023-24,https://nces.ed.gov/ipeds/datacenter/data/IC2023_AY.zip,verified,2026-10-02,out_of_state,full_time_first_time_undergraduate,61180,1000,1000,16470,1500,,USD
costs,ipeds-213598,213598,2023-24,https://nces.ed.gov/ipeds/datacenter/data/IC2023_AY.zip,verified,2026-10-02,district,full_time_first_time_undergraduate,8900,3612,1597,11060,3336,,USD
costs,ipeds-213598,213598,2023-24,https://nces.ed.gov/ipeds/datacenter/data/IC2023_AY.zip,verified,2026-10-02,in_state,full_time_first_time_undergraduate,8900,3612,1597,11060,3336,,USD
costs,ipeds-213598,213598,2023-24,https://nces.ed.gov/ipeds/datacenter/data/IC2023_AY.zip,verified,2026-10-02,out_of_state,full_time_first_time_undergraduate,14852,4532,1597,11060,3336,,USD
costs,ipeds-213622,213622,2023-24,https://nces.ed.gov/ipeds/datacenter/data/IC2023_AY.zip,verified,2026-10-02,district,full_time_first_time_undergraduate,14190,2000,2495,,,,USD
costs,ipeds-213622,213622,2023-24,https://nces.ed.gov/ipeds/datacenter/data/IC2023_AY.zip,verified,2026-10-02,in_state,full_time_first_time_undergraduate,14190,2000,2495,,,,USD
costs,ipeds-213622,213622,2023-24,https://nces.ed.gov/ipeds/datacenter/data/IC2023_AY.zip,verified,2026-10-02,out_of_state,full_time_first_time_undergraduate,14190,2000,2495,,,,USD
costs,ipeds-213659,213659,2023-24,https://nces.ed.gov/ipeds/datacenter/data/IC2023_AY.zip,verified,2026-10-02,district,full_time_first_time_undergraduate,4350,2100,2000,,,,USD
costs,ipeds-213659,213659,2023-24,https://nces.ed.gov/ipeds/datacenter/data/IC2023_AY.zip,verified,2026-10-02,in_state,full_time_first_time_undergraduate,8700,2430,2000,,,,USD
costs,ipeds-213659,213659,2023-24,https://nces.ed.gov/ipeds/datacenter/data/IC2023_AY.zip,verified,2026-10-02,out_of_state,full_time_first_time_undergraduate,13050,2760,2000,,,,USD
costs,ipeds-213668,213668,2023-24,https://nces.ed.gov/ipeds/datacenter/data/IC2023_AY.zip,verified,2026-10-02,district,full_time_first_time_undergraduate,46720,955,1200,14612,2270,,USD
costs,ipeds-213668,213668,2023-24,https://nces.ed.gov/ipeds/datacenter/data/IC2023_AY.zip,verified,2026-10-02,in_state,full_time_first_time_undergraduate,46720,955,1200,14612,2270,,USD
costs,ipeds-213668,213668,2023-24,https://nces.ed.gov/ipeds/datacenter/data/IC2023_AY.zip,verified,2026-10-02,out_of_state,full_time_first_time_undergraduate,46720,955,1200,14612,2270,,USD
costs,ipeds-213774,213774,2023-24,https://nces.ed.gov/ipeds/datacenter/data/IC2023_AY.zip,verified,2026-10-02,district,full_time_first_time_undergraduate,18864,1100,,9888,3000,,USD
costs,ipeds-213774,213774,2023-24,https://nces.ed.gov/ipeds/datacenter/data/IC2023_AY.zip,verified,2026-10-02,in_state,full_time_first_time_undergraduate,18864,1100,,9888,3000,,USD
costs,ipeds-213774,213774,2023-24,https://nces.ed.gov/ipeds/datacenter/data/IC2023_AY.zip,verified,2026-10-02,out_of_state,full_time_first_time_undergraduate,18864,1100,,9888,3000,,USD
costs,ipeds-213826,213826,2023-24,https://nces.ed.gov/ipeds/datacenter/data/IC2023_AY.zip,verified,2026-10-02,district,full_time_first_time_undergraduate,37700,1870,1250,15100,2824,,USD
costs,ipeds-213826,213826,2023-24,https://nces.ed.gov/ipeds/datacenter/data/IC2023_AY.zip,verified,2026-10-02,in_state,full_time_first_time_undergraduate,37700,1870,1250,15100,2824,,USD
costs,ipeds-213826,213826,2023-24,https://nces.ed.gov/ipeds/datacenter/data/IC2023_AY.zip,verified,2026-10-02,out_of_state,full_time_first_time_undergraduate,37700,1870,1250,15100,2824,,USD
costs,ipeds-213914,213914,2023-24,https://nces.ed.gov/ipeds/datacenter/data/IC2023_AY.zip,verified,2026-10-02,district,full_time_first_time_undergraduate,14980,1940,1018,,,,USD
costs,ipeds-213914,213914,2023-24,https://nces.ed.gov/ipeds/datacenter/data/IC2023_AY.zip,verified,2026-10-02,in_state,full_time_first_time_undergraduate,14980,1940,1018,,,,USD
costs,ipeds-213914,213914,2023-24,https://nces.ed.gov/ipeds/datacenter/data/IC2023_AY.zip,verified,2026-10-02,out_of_state,full_time_first_time_undergraduate,14980,1940,1018,,,,USD
costs,ipeds-213987,213987,2023-24,https://nces.ed.gov/ipeds/datacenter/data/IC2023_AY.zip,verified,2026-10-02,district,full_time_first_time_undergraduate,41580,2930,1200,14274,2261,,USD
costs,ipeds-213987,213987,2023-24,https://nces.ed.gov/ipeds/datacenter/data/IC2023_AY.zip,verified,2026-10-02,in_state,full_time_first_time_undergraduate,41580,2930,1200,14274,2261,,USD
costs,ipeds-213987,213987,2023-24,https://nces.ed.gov/ipeds/datacenter/data/IC2023_AY.zip,verified,2026-10-02,out_of_state,full_time_first_time_undergraduate,41580,2930,1200,14274,2261,,USD
costs,ipeds-213996,213996,2023-24,https://nces.ed.gov/ipeds/datacenter/data/IC2023_AY.zip,verified,2026-10-02,district,full_time_first_time_undergraduate,39700,940,1460,11910,2760,,USD
costs,ipeds-213996,213996,2023-24,https://nces.ed.gov/ipeds/datacenter/data/IC2023_AY.zip,verified,2026-10-02,in_state,full_time_first_time_undergraduate,39700,940,1460,11910,2760,,USD
costs,ipeds-213996,213996,2023-24,https://nces.ed.gov/ipeds/datacenter/data/IC2023_AY.zip,verified,2026-10-02,out_of_state,full_time_first_time_undergraduate,39700,940,1460,11910,2760,,USD
costs,ipeds-214023,214023,2023-24,https://nces.ed.gov/ipeds/datacenter/data/IC2023_AY.zip,verified,2026-10-02,district,full_time_first_time_undergraduate,11997,150,1203,,,,USD
costs,ipeds-214023,214023,2023-24,https://nces.ed.gov/ipeds/datacenter/data/IC2023_AY.zip,verified,2026-10-02,in_state,full_time_first_time_undergraduate,11997,150,1203,,,,USD
costs,ipeds-214023,214023,2023-24,https://nces.ed.gov/ipeds/datacenter/data/IC2023_AY.zip,verified,2026-10-02,out_of_state,full_time_first_time_undergraduate,11997,150,1203,,,,USD
costs,ipeds-214041,214041,2023-24,https://nces.ed.gov/ipeds/datacenter/data/IC2023_AY.zip,verified,2026-10-02,district,full_time_first_time_undergraduate,9570,2692,1000,12600,3400,,USD
costs,ipeds-214041,214041,2023-24,https://nces.ed.gov/ipeds/datacenter/data/IC2023_AY.zip,verified,2026-10-02,in_state,full_time_first_time_undergraduate,9570,2692,1000,12600,3400,,USD
costs,ipeds-214041,214041,2023-24,https://nces.ed.gov/ipeds/datacenter/data/IC2023_AY.zip,verified,2026-10-02,out_of_state,full_time_first_time_undergraduate,13290,2942,1000,12600,3400,,USD
costs,ipeds-214069,214069,2023-24,https://nces.ed.gov/ipeds/datacenter/data/IC2023_AY.zip,verified,2026-10-02,district,full_time_first_time_undergraduate,36400,1970,1250,15426,1000,,USD
costs,ipeds-214069,214069,2023-24,https://nces.ed.gov/ipeds/datacenter/data/IC2023_AY.zip,verified,2026-10-02,in_state,full_time_first_time_undergraduate,36400,1970,1250,15426,1000,,USD
costs,ipeds-214069,214069,2023-24,https://nces.ed.gov/ipeds/datacenter/data/IC2023_AY.zip,verified,2026-10-02,out_of_state,full_time_first_time_undergraduate,36400,1970,1250,15426,1000,,USD
costs,ipeds-214111,214111,2023-24,https://nces.ed.gov/ipeds/datacenter/data/IC2023_AY.zip,verified,2026-10-02,district,full_time_first_time_undergraduate,4680,1590,1300,,,,USD
costs,ipeds-214111,214111,2023-24,https://nces.ed.gov/ipeds/datacenter/data/IC2023_AY.zip,verified,2026-10-02,in_state,full_time_first_time_undergraduate,9360,1890,1300,,,,USD
costs,ipeds-214111,214111,2023-24,https://nces.ed.gov/ipeds/datacenter/data/IC2023_AY.zip,verified,2026-10-02,out_of_state,full_time_first_time_undergraduate,14040,2190,1300,,,,USD
costs,ipeds-214148,214148,2023-24,https://nces.ed.gov/ipeds/datacenter/data/IC2023_AY.zip,verified,2026-10-02,district,full_time_first_time_undergraduate,48256,2023,4500,18756,1200,,USD
costs,ipeds-214148,214148,2023-24,https://nces.ed.gov/ipeds/datacenter/data/IC2023_AY.zip,verified,2026-10-02,in_state,full_time_first_time_undergraduate,48256,2023,4500,18756,1200,,USD
costs,ipeds-214148,214148,2023-24,https://nces.ed.gov/ipeds/datacenter/data/IC2023_AY.zip,verified,2026-10-02,out_of_state,full_time_first_time_undergraduate,48256,2023,4500,18756,1200,,USD
costs,ipeds-214157,214157,2023-24,https://nces.ed.gov/ipeds/datacenter/data/IC2023_AY.zip,verified,2026-10-02,district,full_time_first_time_undergraduate,50069,1931,1284,15351,2386,,USD
costs,ipeds-214157,214157,2023-24,https://nces.ed.gov/ipeds/datacenter/data/IC2023_AY.zip,verified,2026-10-02,in_state,full_time_first_time_undergraduate,50069,1931,1284,15351,2386,,USD
costs,ipeds-214157,214157,2023-24,https://nces.ed.gov/ipeds/datacenter/data/IC2023_AY.zip,verified,2026-10-02,out_of_state,full_time_first_time_undergraduate,50069,1931,1284,15351,2386,,USD
costs,ipeds-214166,214166,2023-24,https://nces.ed.gov/ipeds/datacenter/data/IC2023_AY.zip,verified,2026-10-02,district,full_time_first_time_undergraduate,24786,1370,2500,12194,3000,,USD
costs,ipeds-214166,214166,2023-24,https://nces.ed.gov/ipeds/datacenter/data/IC2023_AY.zip,verified,2026-10-02,in_state,full_time_first_time_undergraduate,24786,1370,2500,12194,3000,,USD
costs,ipeds-214166,214166,2023-24,https://nces.ed.gov/ipeds/datacenter/data/IC2023_AY.zip,verified,2026-10-02,out_of_state,full_time_first_time_undergraduate,24786,1370,2500,12194,3000,,USD
costs,ipeds-214175,214175,2023-24,https://nces.ed.gov/ipeds/datacenter/data/IC2023_AY.zip,verified,2026-10-02,district,full_time_first_time_undergraduate,59505,735,1500,13955,2150,,USD
costs,ipeds-214175,214175,2023-24,https://nces.ed.gov/ipeds/datacenter/data/IC2023_AY.zip,verified,2026-10-02,in_state,full_time_first_time_undergraduate,59505,735,1500,13955,2150,,USD
costs,ipeds-214175,214175,2023-24,https://nces.ed.gov/ipeds/datacenter/data/IC2023_AY.zip,verified,2026-10-02,out_of_state,full_time_first_time_undergraduate,59505,735,1500,13955,2150,,USD
costs,ipeds-214272,214272,2023-24,https://nces.ed.gov/ipeds/datacenter/data/IC2023_AY.zip,verified,2026-10-02,district,full_time_first_time_undergraduate,35420,1880,1600,15680,2600,,USD
costs,ipeds-214272,214272,2023-24,https://nces.ed.gov/ipeds/datacenter/data/IC2023_AY.zip,verified,2026-10-02,in_state,full_time_first_time_undergraduate,35420,1880,1600,15680,2600,,USD
costs,ipeds-214272,214272,2023-24,https://nces.ed.gov/ipeds/datacenter/data/IC2023_AY.zip,verified,2026-10-02,out_of_state,full_time_first_time_undergraduate,35420,1880,1600,15680,2600,,USD
costs,ipeds-214379,214379,2023-24,https://nces.ed.gov/ipeds/datacenter/data/IC2023_AY.zip,verified,2026-10-02,district,full_time_first_time_undergraduate,3750,1560,1800,10568,7130,,USD
costs,ipeds-214379,214379,2023-24,https://nces.ed.gov/ipeds/datacenter/data/IC2023_AY.zip,verified,2026-10-02,in_state,full_time_first_time_undergraduate,7500,3480,1800,10568,7130,,USD
costs,ipeds-214379,214379,2023-24,https://nces.ed.gov/ipeds/datacenter/data/IC2023_AY.zip,verified,2026-10-02,out_of_state,full_time_first_time_undergraduate,11250,3480,1800,10568,7130,,USD
costs,ipeds-214476,214476,2023-24,https://nces.ed.gov/ipeds/datacenter/data/IC2023_AY.zip,verified,2026-10-02,district,full_time_first_time_undergraduate,20000,2100,800,,,,USD
costs,ipeds-214476,214476,2023-24,https://nces.ed.gov/ipeds/datacenter/data/IC2023_AY.zip,verified,2026-10-02,in_state,full_time_first_time_undergraduate,20000,2100,800,,,,USD
costs,ipeds-214476,214476,2023-24,https://nces.ed.gov/ipeds/datacenter/data/IC2023_AY.zip,verified,2026-10-02,out_of_state,full_time_first_time_undergraduate,20000,2100,800,,,,USD
costs,ipeds-214582,214582,2023-24,https://nces.ed.gov/ipeds/datacenter/data/IC2023_AY.zip,verified,2026-10-02,district,full_time_first_time_undergraduate,13095,1350,1050,,,,USD
costs,ipeds-214582,214582,2023-24,https://nces.ed.gov/ipeds/datacenter/data/IC2023_AY.zip,verified,2026-10-02,in_state,full_time_first_time_undergraduate,13095,1350,1050,,,,USD
costs,ipeds-214582,214582,2023-24,https://nces.ed.gov/ipeds/datacenter/data/IC2023_AY.zip,verified,2026-10-02,out_of_state,full_time_first_time_undergraduate,13095,1350,1050,,,,USD
costs,ipeds-214591,214591,2023-24,https://nces.ed.gov/ipeds/datacenter/data/IC2023_AY.zip,verified,2026-10-02,district,full_time_first_time_undergraduate,15388,556,1840,14774,4788,,USD
costs,ipeds-214591,214591,2023-24,https://nces.ed.gov/ipeds/datacenter/data/IC2023_AY.zip,verified,2026-10-02,in_state,full_time_first_time_undergraduate,15388,556,1840,14774,4788,,USD
costs,ipeds-214591,214591,2023-24,https://nces.ed.gov/ipeds/datacenter/data/IC2023_AY.zip,verified,2026-10-02,out_of_state,full_time_first_time_undergraduate,26112,556,1840,14774,4788,,USD
costs,ipeds-214625,214625,2023-24,https://nces.ed.gov/ipeds/datacenter/data/IC2023_AY.zip,verified,2026-10-02,district,full_time_first_time_undergraduate,13824,556,1840,,,,USD
costs,ipeds-214625,214625,2023-24,https://nces.ed.gov/ipeds/datacenter/data/IC2023_AY.zip,verified,2026-10-02,in_state,full_time_first_time_undergraduate,13824,556,1840,,,,USD
costs,ipeds-214625,214625,2023-24,https://nces.ed.gov/ipeds/datacenter/data/IC2023_AY.zip,verified,2026-10-02,out_of_state,full_time_first_time_undergraduate,23316,556,1840,,,,USD
costs,ipeds-214634,214634,2023-24,https://nces.ed.gov/ipeds/datacenter/data/IC2023_AY.zip,verified,2026-10-02,district,full_time_first_time_undergraduate,13568,434,1840,,,,USD
costs,ipeds-214634,214634,2023-24,https://nces.ed.gov/ipeds/datacenter/data/IC2023_AY.zip,verified,2026-10-02,in_state,full_time_first_time_undergraduate,13568,434,1840,,,,USD
costs,ipeds-214634,214634,2023-24,https://nces.ed.gov/ipeds/datacenter/data/IC2023_AY.zip,verified,2026-10-02,out_of_state,full_time_first_time_undergraduate,22876,434,1840,,,,USD
costs,ipeds-214643,214643,2023-24,https://nces.ed.gov/ipeds/datacenter/data/IC2023_AY.zip,verified,2026-10-02,district,full_time_first_time_undergraduate,13824,434,1840,,,,USD
costs,ipeds-214643,214643,2023-24,https://nces.ed.gov/ipeds/datacenter/data/IC2023_AY.zip,verified,2026-10-02,in_state,full_time_first_time_undergraduate,13824,434,1840,,,,USD
costs,ipeds-214643,214643,2023-24,https://nces.ed.gov/ipeds/datacenter/data/IC2023_AY.zip,verified,2026-10-02,out_of_state,full_time_first_time_undergraduate,23316,434,1840,,,,USD
costs,ipeds-214652,214652,2023-24,https://nces.ed.gov/ipeds/datacenter/data/IC2023_AY.zip,verified,2026-10-02,district,full_time_first_time_undergraduate,14624,556,1840,,,,USD
costs,ipeds-214652,214652,2023-24,https://nces.ed.gov/ipeds/datacenter/data/IC2023_AY.zip,verified,2026-10-02,in_state,full_time_first_time_undergraduate,14624,556,1840,,,,USD
costs,ipeds-214652,214652,2023-24,https://nces.ed.gov/ipeds/datacenter/data/IC2023_AY.zip,verified,2026-10-02,out_of_state,full_time_first_time_undergraduate,24562,556,1840,,,,USD
costs,ipeds-214670,214670,2023-24,https://nces.ed.gov/ipeds/datacenter/data/IC2023_AY.zip,verified,2026-10-02,district,full_time_first_time_undergraduate,14624,556,1840,,,,USD
costs,ipeds-214670,214670,2023-24,https://nces.ed.gov/ipeds/datacenter/data/IC2023_AY.zip,verified,2026-10-02,in_state,full_time_first_time_undergraduate,14624,556,1840,,,,USD
costs,ipeds-214670,214670,2023-24,https://nces.ed.gov/ipeds/datacenter/data/IC2023_AY.zip,verified,2026-10-02,out_of_state,full_time_first_time_undergraduate,24562,556,1840,,,,USD
costs,ipeds-214689,214689,2023-24,https://nces.ed.gov/ipeds/datacenter/data/IC2023_AY.zip,verified,2026-10-02,district,full_time_first_time_undergraduate,15388,556,1840,13820,4788,,USD
costs,ipeds-214689,214689,2023-24,https://nces.ed.gov/ipeds/datacenter/data/IC2023_AY.zip,verified,2026-10-02,in_state,full_time_first_time_undergraduate,15388,556,1840,13820,4788,,USD
costs,ipeds-214689,214689,2023-24,https://nces.ed.gov/ipeds/datacenter/data/IC2023_AY.zip,verified,2026-10-02,out_of_state,full_time_first_time_undergraduate,26112,556,1840,13820,4788,,USD
costs,ipeds-214698,214698,2023-24,https://nces.ed.gov/ipeds/datacenter/data/IC2023_AY.zip,verified,2026-10-02,district,full_time_first_time_undergraduate,13824,556,1840,12852,4788,,USD
costs,ipeds-214698,214698,2023-24,https://nces.ed.gov/ipeds/datacenter/data/IC2023_AY.zip,verified,2026-10-02,in_state,full_time_first_time_undergraduate,13824,556,1840,12852,4788,,USD
costs,ipeds-214698,214698,2023-24,https://nces.ed.gov/ipeds/datacenter/data/IC2023_AY.zip,verified,2026-10-02,out_of_state,full_time_first_time_undergraduate,23316,556,1840,12852,4788,,USD
costs,ipeds-214704,214704,2023-24,https://nces.ed.gov/ipeds/datacenter/data/IC2023_AY.zip,verified,2026-10-02,district,full_time_first_time_undergraduate,15388,556,1840,14232,4788,,USD
costs,ipeds-214704,214704,2023-24,https://nces.ed.gov/ipeds/datacenter/data/IC2023_AY.zip,verified,2026-10-02,in_state,full_time_first_time_undergraduate,15388,556,1840,14232,4788,,USD
costs,ipeds-214704,214704,2023-24,https://nces.ed.gov/ipeds/datacenter/data/IC2023_AY.zip,verified,2026-10-02,out_of_state,full_time_first_time_undergraduate,26112,556,1840,14232,4788,,USD
costs,ipeds-214713,214713,2023-24,https://nces.ed.gov/ipeds/datacenter/data/IC2023_AY.zip,verified,2026-10-02,district,full_time_first_time_undergraduate,15388,556,1840,15870,4788,,USD
costs,ipeds-214713,214713,2023-24,https://nces.ed.gov/ipeds/datacenter/data/IC2023_AY.zip,verified,2026-10-02,in_state,full_time_first_time_undergraduate,15388,556,1840,15870,4788,,USD
costs,ipeds-214713,214713,2023-24,https://nces.ed.gov/ipeds/datacenter/data/IC2023_AY.zip,verified,2026-10-02,out_of_state,full_time_first_time_undergraduate,26112,556,1840,15870,4788,,USD
costs,ipeds-214731,214731,2023-24,https://nces.ed.gov/ipeds/datacenter/data/IC2023_AY.zip,verified,2026-10-02,district,full_time_first_time_undergraduate,14624,556,1840,13820,4788,,USD
costs,ipeds-214731,214731,2023-24,https://nces.ed.gov/ipeds/datacenter/data/IC2023_AY.zip,verified,2026-10-02,in_state,full_time_first_time_undergraduate,14624,556,1840,13820,4788,,USD
costs,ipeds-214731,214731,2023-24,https://nces.ed.gov/ipeds/datacenter/data/IC2023_AY.zip,verified,2026-10-02,out_of_state,full_time_first_time_undergraduate,24562,556,1840,13820,4788,,USD
costs,ipeds-214740,214740,2023-24,https://nces.ed.gov/ipeds/datacenter/data/IC2023_AY.zip,verified,2026-10-02,district,full_time_first_time_undergraduate,13824,556,1840,,,,USD
costs,ipeds-214740,214740,2023-24,https://nces.ed.gov/ipeds/datacenter/data/IC2023_AY.zip,verified,2026-10-02,in_state,full_time_first_time_undergraduate,13824,556,1840,,,,USD
costs,ipeds-214740,214740,2023-24,https://nces.ed.gov/ipeds/datacenter/data/IC2023_AY.zip,verified,2026-10-02,out_of_state,full_time_first_time_undergraduate,23316,556,1840,,,,USD
costs,ipeds-214759,214759,2023-24,https://nces.ed.gov/ipeds/datacenter/data/IC2023_AY.zip,verified,2026-10-02,district,full_time_first_time_undergraduate,13824,556,1840,,,,USD
costs,ipeds-214759,214759,2023-24,https://nces.ed.gov/ipeds/datacenter/data/IC2023_AY.zip,verified,2026-10-02,in_state,full_time_first_time_undergraduate,13824,556,1840,,,,USD
costs,ipeds-214759,214759,2023-24,https://nces.ed.gov/ipeds/datacenter/data/IC2023_AY.zip,verified,2026-10-02,out_of_state,full_time_first_time_undergraduate,23316,556,1840,,,,USD
costs,ipeds-214768,214768,2023-24,https://nces.ed.gov/ipeds/datacenter/data/IC2023_AY.zip,verified,2026-10-02,district,full_time_first_time_undergraduate,14624,556,1840,12022,4788,,USD
costs,ipeds-214768,214768,2023-24,https://nces.ed.gov/ipeds/datacenter/data/IC2023_AY.zip,verified,2026-10-02,in_state,full_time_first_time_undergraduate,14624,556,1840,12022,4788,,USD
costs,ipeds-214768,214768,2023-24,https://nces.ed.gov/ipeds/datacenter/data/IC2023_AY.zip,verified,2026-10-02,out_of_state,full_time_first_time_undergraduate,24562,556,1840,12022,4788,,USD
costs,ipeds-214777,214777,2023-24,https://nces.ed.gov/ipeds/datacenter/data/IC2023_AY.zip,verified,2026-10-02,district,full_time_first_time_undergraduate,19672,562,1840,13030,4788,,USD
costs,ipeds-214777,214777,2023-24,https://nces.ed.gov/ipeds/datacenter/data/IC2023_AY.zip,verified,2026-10-02,in_state,full_time_first_time_undergraduate,19672,562,1840,13030,4788,,USD
costs,ipeds-214777,214777,2023-24,https://nces.ed.gov/ipeds/datacenter/data/IC2023_AY.zip,verified,2026-10-02,out_of_state,full_time_first_time_undergraduate,39626,562,1840,13030,4788,,USD
costs,ipeds-214786,214786,2023-24,https://nces.ed.gov/ipeds/datacenter/data/IC2023_AY.zip,verified,2026-10-02,district,full_time_first_time_undergraduate,13824,556,1840,12022,4788,,USD
costs,ipeds-214786,214786,2023-24,https://nces.ed.gov/ipeds/datacenter/data/IC2023_AY.zip,verified,2026-10-02,in_state,full_time_first_time_undergraduate,13824,556,1840,12022,4788,,USD
costs,ipeds-214786,214786,2023-24,https://nces.ed.gov/ipeds/datacenter/data/IC2023_AY.zip,verified,2026-10-02,out_of_state,full_time_first_time_undergraduate,23316,556,1840,12022,4788,,USD
costs,ipeds-214795,214795,2023-24,https://nces.ed.gov/ipeds/datacenter/data/IC2023_AY.zip,verified,2026-10-02,district,full_time_first_time_undergraduate,13824,556,1840,12022,4788,,USD
costs,ipeds-214795,214795,2023-24,https://nces.ed.gov/ipeds/datacenter/data/IC2023_AY.zip,verified,2026-10-02,in_state,full_time_first_time_undergraduate,13824,556,1840,12022,4788,,USD
costs,ipeds-214795,214795,2023-24,https://nces.ed.gov/ipeds/datacenter/data/IC2023_AY.zip,verified,2026-10-02,out_of_state,full_time_first_time_undergraduate,23316,556,1840,12022,4788,,USD
costs,ipeds-214801,214801,2023-24,https://nces.ed.gov/ipeds/datacenter/data/IC2023_AY.zip,verified,2026-10-02,district,full_time_first_time_undergraduate,14684,556,1840,11912,4788,,USD
costs,ipeds-214801,214801,2023-24,https://nces.ed.gov/ipeds/datacenter/data/IC2023_AY.zip,verified,2026-10-02,in_state,full_time_first_time_undergraduate,14684,556,1840,11912,4788,,USD
costs,ipeds-214801,214801,2023-24,https://nces.ed.gov/ipeds/datacenter/data/IC2023_AY.zip,verified,2026-10-02,out_of_state,full_time_first_time_undergraduate,24832,556,1840,11912,4788,,USD
costs,ipeds-214810,214810,2023-24,https://nces.ed.gov/ipeds/datacenter/data/IC2023_AY.zip,verified,2026-10-02,district,full_time_first_time_undergraduate,14624,556,1840,8710,4788,,USD
costs,ipeds-214810,214810,2023-24,https://nces.ed.gov/ipeds/datacenter/data/IC2023_AY.zip,verified,2026-10-02,in_state,full_time_first_time_undergraduate,14624,556,1840,8710,4788,,USD
costs,ipeds-214810,214810,2023-24,https://nces.ed.gov/ipeds/datacenter/data/IC2023_AY.zip,verified,2026-10-02,out_of_state,full_time_first_time_undergraduate,24562,556,1840,8710,4788,,USD
costs,ipeds-214829,214829,2023-24,https://nces.ed.gov/ipeds/datacenter/data/IC2023_AY.zip,verified,2026-10-02,district,full_time_first_time_undergraduate,14624,556,1840,,,,USD
costs,ipeds-214829,214829,2023-24,https://nces.ed.gov/ipeds/datacenter/data/IC2023_AY.zip,verified,2026-10-02,in_state,full_time_first_time_undergraduate,14624,556,1840,,,,USD
costs,ipeds-214829,214829,2023-24,https://nces.ed.gov/ipeds/datacenter/data/IC2023_AY.zip,verified,2026-10-02,out_of_state,full_time_first_time_undergraduate,24562,556,1840,,,,USD
costs,ipeds-214883,214883,2023-24,https://nces.ed.gov/ipeds/datacenter/data/IC2023_AY.zip,verified,2026-10-02,district,full_time_first_time_undergraduate,14400,660,1200,,,,USD
costs,ipeds-214883,214883,2023-24,https://nces.ed.gov/ipeds/datacenter/data/IC2023_AY.zip,verified,2026-10-02,in_state,full_time_first_time_undergraduate,14400,660,1200,,,,USD
costs,ipeds-214883,214883,2023-24,https://nces.ed.gov/ipeds/datacenter/data/IC2023_AY.zip,verified,2026-10-02,out_of_state,full_time_first_time_undergraduate,14400,660,1200,,,,USD
costs,ipeds-214892,214892,2023-24,https://nces.ed.gov/ipeds/datacenter/data/IC2023_AY.zip,verified,2026-10-02,district,full_time_first_time_undergraduate,12654,1000,2950,,,,USD
costs,ipeds-214892,214892,2023-24,https://nces.ed.gov/ipeds/datacenter/data/IC2023_AY.zip,verified,2026-10-02,in_state,full_time_first_time_undergraduate,12654,1000,2950,,,,USD
costs,ipeds-214892,214892,2023-24,https://nces.ed.gov/ipeds/datacenter/data/IC2023_AY.zip,verified,2026-10-02,out_of_state,full_time_first_time_undergraduate,12654,1000,2950,,,,USD
costs,ipeds-214971,214971,2023-24,https://nces.ed.gov/ipeds/datacenter/data/IC2023_AY.zip,verified,2026-10-02,district,full_time_first_time_undergraduate,43000,1600,1768,18662,6408,,USD
costs,ipeds-214971,214971,2023-24,https://nces.ed.gov/ipeds/datacenter/data/IC2023_AY.zip,verified,2026-10-02,in_state,full_time_first_time_undergraduate,43000,1600,1768,18662,6408,,USD
costs,ipeds-214971,214971,2023-24,https://nces.ed.gov/ipeds/datacenter/data/IC2023_AY.zip,verified,2026-10-02,out_of_state,full_time_first_time_undergraduate,43000,1600,1768,18662,6408,,USD
costs,ipeds-215053,215053,2023-24,https://nces.ed.gov/ipeds/datacenter/data/IC2023_AY.zip,verified,2026-10-02,district,full_time_first_time_undergraduate,29250,2120,1650,12535,1200,,USD
costs,ipeds-215053,215053,2023-24,https://nces.ed.gov/ipeds/datacenter/data/IC2023_AY.zip,verified,2026-10-02,in_state,full_time_first_time_undergraduate,29250,2120,1650,12535,1200,,USD
costs,ipeds-215053,215053,2023-24,https://nces.ed.gov/ipeds/datacenter/data/IC2023_AY.zip,verified,2026-10-02,out_of_state,full_time_first_time_undergraduate,29250,2120,1650,12535,1200,,USD
costs,ipeds-215062,215062,2023-24,https://nces.ed.gov/ipeds/datacenter/data/IC2023_AY.zip,verified,2026-10-02,district,full_time_first_time_undergraduate,58620,7484,1358,18496,3070,,USD
costs,ipeds-215062,215062,2023-24,https://nces.ed.gov/ipeds/datacenter/data/IC2023_AY.zip,verified,2026-10-02,in_state,full_time_first_time_undergraduate,58620,7484,1358,18496,3070,,USD
costs,ipeds-215062,215062,2023-24,https://nces.ed.gov/ipeds/datacenter/data/IC2023_AY.zip,verified,2026-10-02,out_of_state,full_time_first_time_undergraduate,58620,7484,1358,18496,3070,,USD
costs,ipeds-215105,215105,2023-24,https://nces.ed.gov/ipeds/datacenter/data/IC2023_AY.zip,verified,2026-10-02,district,full_time_first_time_undergraduate,54010,280,1314,19028,2520,,USD
costs,ipeds-215105,215105,2023-24,https://nces.ed.gov/ipeds/datacenter/data/IC2023_AY.zip,verified,2026-10-02,in_state,full_time_first_time_undergraduate,54010,280,1314,19028,2520,,USD
costs,ipeds-215105,215105,2023-24,https://nces.ed.gov/ipeds/datacenter/data/IC2023_AY.zip,verified,2026-10-02,out_of_state,full_time_first_time_undergraduate,54010,280,1314,19028,2520,,USD
costs,ipeds-215114,215114,2023-24,https://nces.ed.gov/ipeds/datacenter/data/IC2023_AY.zip,verified,2026-10-02,district,full_time_first_time_undergraduate,31881,744,1145,12234,2103,,USD
costs,ipeds-215114,215114,2023-24,https://nces.ed.gov/ipeds/datacenter/data/IC2023_AY.zip,verified,2026-10-02,in_state,full_time_first_time_undergraduate,31881,744,1145,12234,2103,,USD
costs,ipeds-215114,215114,2023-24,https://nces.ed.gov/ipeds/datacenter/data/IC2023_AY.zip,verified,2026-10-02,out_of_state,full_time_first_time_undergraduate,31881,744,1145,12234,2103,,USD
costs,ipeds-215239,215239,2023-24,https://nces.ed.gov/ipeds/datacenter/data/IC2023_AY.zip,verified,2026-10-02,district,full_time_first_time_undergraduate,3816,816,2400,,,,USD
costs,ipeds-215239,215239,2023-24,https://nces.ed.gov/ipeds/datacenter/data/IC2023_AY.zip,verified,2026-10-02,in_state,full_time_first_time_undergraduate,7632,1056,2400,,,,USD
costs,ipeds-215239,215239,2023-24,https://nces.ed.gov/ipeds/datacenter/data/IC2023_AY.zip,verified,2026-10-02,out_of_state,full_time_first_time_undergraduate,11144,1296,2400,,,,USD
costs,ipeds-215266,215266,2023-24,https://nces.ed.gov/ipeds/datacenter/data/IC2023_AY.zip,verified,2026-10-02,district,full_time_first_time_undergraduate,13660,960,750,10848,4782,,USD
costs,ipeds-215266,215266,2023-24,https://nces.ed.gov/ipeds/datacenter/data/IC2023_AY.zip,verified,2026-10-02,in_state,full_time_first_time_undergraduate,13660,960,750,10848,4782,,USD
costs,ipeds-215266,215266,2023-24,https://nces.ed.gov/ipeds/datacenter/data/IC2023_AY.zip,verified,2026-10-02,out_of_state,full_time_first_time_undergraduate,25534,960,750,10848,4782,,USD
costs,ipeds-215275,215275,2023-24,https://nces.ed.gov/ipeds/datacenter/data/IC2023_AY.zip,verified,2026-10-02,district,full_time_first_time_undergraduate,13660,970,750,12490,4782,,USD
costs,ipeds-215275,215275,2023-24,https://nces.ed.gov/ipeds/datacenter/data/IC2023_AY.zip,verified,2026-10-02,in_state,full_time_first_time_undergraduate,13660,970,750,12490,4782,,USD
costs,ipeds-215275,215275,2023-24,https://nces.ed.gov/ipeds/datacenter/data/IC2023_AY.zip,verified,2026-10-02,out_of_state,full_time_first_time_undergraduate,25534,970,750,12490,4782,,USD
costs,ipeds-215284,215284,2023-24,https://nces.ed.gov/ipeds/datacenter/data/IC2023_AY.zip,verified,2026-10-02,district,full_time_first_time_undergraduate,13660,986,750,12290,4782,,USD
costs,ipeds-215284,215284,2023-24,https://nces.ed.gov/ipeds/datacenter/data/IC2023_AY.zip,verified,2026-10-02,in_state,full_time_first_time_undergraduate,13660,986,750,12290,4782,,USD
costs,ipeds-215284,215284,2023-24,https://nces.ed.gov/ipeds/datacenter/data/IC2023_AY.zip,verified,2026-10-02,out_of_state,full_time_first_time_undergraduate,25534,986,750,12290,4782,,USD
costs,ipeds-215293,215293,2023-24,https://nces.ed.gov/ipeds/datacenter/data/IC2023_AY.zip,verified,2026-10-02,district,full_time_first_time_undergraduate,20154,1370,584,13420,2918,,USD
costs,ipeds-215293,215293,2023-24,https://nces.ed.gov/ipeds/datacenter/data/IC2023_AY.zip,verified,2026-10-02,in_state,full_time_first_time_undergraduate,20154,1370,584,13420,2918,,USD
costs,ipeds-215293,215293,2023-24,https://nces.ed.gov/ipeds/datacenter/data/IC2023_AY.zip,verified,2026-10-02,out_of_state,full_time_first_time_undergraduate,38520,1370,584,13420,2918,,USD
costs,ipeds-215309,215309,2023-24,https://nces.ed.gov/ipeds/datacenter/data/IC2023_AY.zip,verified,2026-10-02,district,full_time_first_time_undergraduate,11568,350,750,,,,USD
costs,ipeds-215309,215309,2023-24,https://nces.ed.gov/ipeds/datacenter/data/IC2023_AY.zip,verified,2026-10-02,in_state,full_time_first_time_undergraduate,11568,350,750,,,,USD
costs,ipeds-215309,215309,2023-24,https://nces.ed.gov/ipeds/datacenter/data/IC2023_AY.zip,verified,2026-10-02,out_of_state,full_time_first_time_undergraduate,21860,350,750,,,,USD
costs,ipeds-215381,215381,2023-24,https://nces.ed.gov/ipeds/datacenter/data/IC2023_AY.zip,verified,2026-10-02,district,full_time_first_time_undergraduate,16995,730,1009,,,,USD
costs,ipeds-215381,215381,2023-24,https://nces.ed.gov/ipeds/datacenter/data/IC2023_AY.zip,verified,2026-10-02,in_state,full_time_first_time_undergraduate,16995,730,1009,,,,USD
costs,ipeds-215381,215381,2023-24,https://nces.ed.gov/ipeds/datacenter/data/IC2023_AY.zip,verified,2026-10-02,out_of_state,full_time_first_time_undergraduate,16995,730,1009,,,,USD
costs,ipeds-215415,215415,2023-24,https://nces.ed.gov/ipeds/datacenter/data/IC2023_AY.zip,verified,2026-10-02,district,full_time_first_time_undergraduate,15380,3600,2325,12395,7108,,USD
costs,ipeds-215415,215415,2023-24,https://nces.ed.gov/ipeds/datacenter/data/IC2023_AY.zip,verified,2026-10-02,in_state,full_time_first_time_undergraduate,15380,3600,2325,12395,7108,,USD
costs,ipeds-215415,215415,2023-24,https://nces.ed.gov/ipeds/datacenter/data/IC2023_AY.zip,verified,2026-10-02,out_of_state,full_time_first_time_undergraduate,15380,3600,2325,12395,7108,,USD
costs,ipeds-215442,215442,2023-24,https://nces.ed.gov/ipeds/datacenter/data/IC2023_AY.zip,verified,2026-10-02,district,full_time_first_time_undergraduate,36240,1920,1200,12480,2340,,USD
costs,ipeds-215442,215442,2023-24,https://nces.ed.gov/ipeds/datacenter/data/IC2023_AY.zip,verified,2026-10-02,in_state,full_time_first_time_undergraduate,36240,1920,1200,12480,2340,,USD
costs,ipeds-215442,215442,2023-24,https://nces.ed.gov/ipeds/datacenter/data/IC2023_AY.zip,verified,2026-10-02,out_of_state,full_time_first_time_undergraduate,36240,1920,1200,12480,2340,,USD
costs,ipeds-215585,215585,2023-24,https://nces.ed.gov/ipeds/datacenter/data/IC2023_AY.zip,verified,2026-10-02,district,full_time_first_time_undergraduate,4560,1710,1800,,,,USD
costs,ipeds-215585,215585,2023-24,https://nces.ed.gov/ipeds/datacenter/data/IC2023_AY.zip,verified,2026-10-02,in_state,full_time_first_time_undergraduate,9120,1770,1800,,,,USD
costs,ipeds-215585,215585,2023-24,https://nces.ed.gov/ipeds/datacenter/data/IC2023_AY.zip,verified,2026-10-02,out_of_state,full_time_first_time_undergraduate,10260,1770,1800,,,,USD
costs,ipeds-215594,215594,2023-24,https://nces.ed.gov/ipeds/datacenter/data/IC2023_AY.zip,verified,2026-10-02,district,full_time_first_time_undergraduate,10935,980,1210,9937,10161,,USD
costs,ipeds-215594,215594,2023-24,https://nces.ed.gov/ipeds/datacenter/data/IC2023_AY.zip,verified,2026-10-02,in_state,full_time_first_time_undergraduate,10935,980,1210,9937,10161,,USD
costs,ipeds-215594,215594,2023-24,https://nces.ed.gov/ipeds/datacenter/data/IC2023_AY.zip,verified,2026-10-02,out_of_state,full_time_first_time_undergraduate,10935,980,1210,9937,10161,,USD
costs,ipeds-215637,215637,2023-24,https://nces.ed.gov/ipeds/datacenter/data/IC2023_AY.zip,verified,2026-10-02,district,full_time_first_time_undergraduate,19650,3900,1650,12100,4075,,USD
costs,ipeds-215637,215637,2023-24,https://nces.ed.gov/ipeds/datacenter/data/IC2023_AY.zip,verified,2026-10-02,in_state,full_time_first_time_undergraduate,19650,3900,1650,12100,4075,,USD
costs,ipeds-215637,215637,2023-24,https://nces.ed.gov/ipeds/datacenter/data/IC2023_AY.zip,verified,2026-10-02,out_of_state,full_time_first_time_undergraduate,19650,3900,1650,12100,4075,,USD
costs,ipeds-215655,215655,2023-24,https://nces.ed.gov/ipeds/datacenter/data/IC2023_AY.zip,verified,2026-10-02,district,full_time_first_time_undergraduate,33360,1580,1000,12930,4404,,USD
costs,ipeds-215655,215655,2023-24,https://nces.ed.gov/ipeds/datacenter/data/IC2023_AY.zip,verified,2026-10-02,in_state,full_time_first_time_undergraduate,33360,1580,1000,12930,4404,,USD
costs,ipeds-215655,215655,2023-24,https://nces.ed.gov/ipeds/datacenter/data/IC2023_AY.zip,verified,2026-10-02,out_of_state,full_time_first_time_undergraduate,33360,1580,1000,12930,4404,,USD
costs,ipeds-215682,215682,2023-24,https://nces.ed.gov/ipeds/datacenter/data/IC2023_AY.zip,verified,2026-10-02,district,full_time_first_time_undergraduate,15950,750,2500,,,,USD
costs,ipeds-215682,215682,2023-24,https://nces.ed.gov/ipeds/datacenter/data/IC2023_AY.zip,verified,2026-10-02,in_state,full_time_first_time_undergraduate,15950,750,2500,,,,USD
costs,ipeds-215682,215682,2023-24,https://nces.ed.gov/ipeds/datacenter/data/IC2023_AY.zip,verified,2026-10-02,out_of_state,full_time_first_time_undergraduate,15950,750,2500,,,,USD
costs,ipeds-215691,215691,2023-24,https://nces.ed.gov/ipeds/datacenter/data/IC2023_AY.zip,verified,2026-10-02,district,full_time_first_time_undergraduate,20885,1286,1400,13530,1821,,USD
costs,ipeds-215691,215691,2023-24,https://nces.ed.gov/ipeds/datacenter/data/IC2023_AY.zip,verified,2026-10-02,in_state,full_time_first_time_undergraduate,20885,1286,1400,13530,1821,,USD
costs,ipeds-215691,215691,2023-24,https://nces.ed.gov/ipeds/datacenter/data/IC2023_AY.zip,verified,2026-10-02,out_of_state,full_time_first_time_undergraduate,20885,1286,1400,13530,1821,,USD
costs,ipeds-215743,215743,2023-24,https://nces.ed.gov/ipeds/datacenter/data/IC2023_AY.zip,verified,2026-10-02,district,full_time_first_time_undergraduate,41020,700,2000,13880,3000,,USD
costs,ipeds-215743,215743,2023-24,https://nces.ed.gov/ipeds/datacenter/data/IC2023_AY.zip,verified,2026-10-02,in_state,full_time_first_time_undergraduate,41020,700,2000,13880,3000,,USD
costs,ipeds-215743,215743,2023-24,https://nces.ed.gov/ipeds/datacenter/data/IC2023_AY.zip,verified,2026-10-02,out_of_state,full_time_first_time_undergraduate,41020,700,2000,13880,3000,,USD
costs,ipeds-215770,215770,2023-24,https://nces.ed.gov/ipeds/datacenter/data/IC2023_AY.zip,verified,2026-10-02,district,full_time_first_time_undergraduate,51140,200,1050,15740,1470,,USD
costs,ipeds-215770,215770,2023-24,https://nces.ed.gov/ipeds/datacenter/data/IC2023_AY.zip,verified,2026-10-02,in_state,full_time_first_time_undergraduate,51140,200,1050,15740,1470,,USD
costs,ipeds-215770,215770,2023-24,https://nces.ed.gov/ipeds/datacenter/data/IC2023_AY.zip,verified,2026-10-02,out_of_state,full_time_first_time_undergraduate,51140,200,1050,15740,1470,,USD
costs,ipeds-215798,215798,2023-24,https://nces.ed.gov/ipeds/datacenter/data/IC2023_AY.zip,verified,2026-10-02,district,full_time_first_time_undergraduate,39978,1122,1500,13918,1800,,USD
costs,ipeds-215798,215798,2023-24,https://nces.ed.gov/ipeds/datacenter/data/IC2023_AY.zip,verified,2026-10-02,in_state,full_time_first_time_undergraduate,39978,1122,1500,13918,1800,,USD
costs,ipeds-215798,215798,2023-24,https://nces.ed.gov/ipeds/datacenter/data/IC2023_AY.zip,verified,2026-10-02,out_of_state,full_time_first_time_undergraduate,39978,1122,1500,13918,1800,,USD
costs,ipeds-215929,215929,2023-24,https://nces.ed.gov/ipeds/datacenter/data/IC2023_AY.zip,verified,2026-10-02,district,full_time_first_time_undergraduate,51534,775,1300,16918,1872,,USD
costs,ipeds-215929,215929,2023-24,https://nces.ed.gov/ipeds/datacenter/data/IC2023_AY.zip,verified,2026-10-02,in_state,full_time_first_time_undergraduate,51534,775,1300,16918,1872,,USD
costs,ipeds-215929,215929,2023-24,https://nces.ed.gov/ipeds/datacenter/data/IC2023_AY.zip,verified,2026-10-02,out_of_state,full_time_first_time_undergraduate,51534,775,1300,16918,1872,,USD
costs,ipeds-215947,215947,2023-24,https://nces.ed.gov/ipeds/datacenter/data/IC2023_AY.zip,verified,2026-10-02,district,full_time_first_time_undergraduate,40864,550,1200,13778,2500,,USD
costs,ipeds-215947,215947,2023-24,https://nces.ed.gov/ipeds/datacenter/data/IC2023_AY.zip,verified,2026-10-02,in_state,full_time_first_time_undergraduate,40864,550,1200,13778,2500,,USD
costs,ipeds-215947,215947,2023-24,https://nces.ed.gov/ipeds/datacenter/data/IC2023_AY.zip,verified,2026-10-02,out_of_state,full_time_first_time_undergraduate,40864,550,1200,13778,2500,,USD
costs,ipeds-215974,215974,2023-24,https://nces.ed.gov/ipeds/datacenter/data/IC2023_AY.zip,verified,2026-10-02,district,full_time_first_time_undergraduate,14190,2000,2495,,,,USD
costs,ipeds-215974,215974,2023-24,https://nces.ed.gov/ipeds/datacenter/data/IC2023_AY.zip,verified,2026-10-02,in_state,full_time_first_time_undergraduate,14190,2000,2495,,,,USD
costs,ipeds-215974,215974,2023-24,https://nces.ed.gov/ipeds/datacenter/data/IC2023_AY.zip,verified,2026-10-02,out_of_state,full_time_first_time_undergraduate,14190,2000,2495,,,,USD
costs,ipeds-215992,215992,2023-24,https://nces.ed.gov/ipeds/datacenter/data/IC2023_AY.zip,verified,2026-10-02,district,full_time_first_time_undergraduate,10680,790,965,,,,USD
costs,ipeds-215992,215992,2023-24,https://nces.ed.gov/ipeds/datacenter/data/IC2023_AY.zip,verified,2026-10-02,in_state,full_time_first_time_undergraduate,10680,790,965,,,,USD
costs,ipeds-215992,215992,2023-24,https://nces.ed.gov/ipeds/datacenter/data/IC2023_AY.zip,verified,2026-10-02,out_of_state,full_time_first_time_undergraduate,10680,790,965,,,,USD
costs,ipeds-216010,216010,2023-24,https://nces.ed.gov/ipeds/datacenter/data/IC2023_AY.zip,verified,2026-10-02,district,full_time_first_time_undergraduate,9570,,1200,12952,3382,,USD
costs,ipeds-216010,216010,2023-24,https://nces.ed.gov/ipeds/datacenter/data/IC2023_AY.zip,verified,2026-10-02,in_state,full_time_first_time_undergraduate,9570,3974,1200,12952,3382,,USD
costs,ipeds-216010,216010,2023-24,https://nces.ed.gov/ipeds/datacenter/data/IC2023_AY.zip,verified,2026-10-02,out_of_state,full_time_first_time_undergraduate,11574,4224,1200,12952,3382,,USD
costs,ipeds-216038,216038,2023-24,https://nces.ed.gov/ipeds/datacenter/data/IC2023_AY.zip,verified,2026-10-02,district,full_time_first_time_undergraduate,7716,2791,1992,10584,2952,,USD
costs,ipeds-216038,216038,2023-24,https://nces.ed.gov/ipeds/datacenter/data/IC2023_AY.zip,verified,2026-10-02,in_state,full_time_first_time_undergraduate,7716,2791,1992,10584,2952,,USD
costs,ipeds-216038,216038,2023-24,https://nces.ed.gov/ipeds/datacenter/data/IC2023_AY.zip,verified,2026-10-02,out_of_state,full_time_first_time_undergraduate,11574,3041,1992,10584,2952,,USD
costs,ipeds-216047,216047,2023-24,https://nces.ed.gov/ipeds/datacenter/data/IC2023_AY.zip,verified,2026-10-02,district,full_time_first_time_undergraduate,23523,1500,1250,16113,4150,,USD
costs,ipeds-216047,216047,2023-24,https://nces.ed.gov/ipeds/datacenter/data/IC2023_AY.zip,verified,2026-10-02,in_state,full_time_first_time_undergraduate,23523,1500,1250,16113,4150,,USD
costs,ipeds-216047,216047,2023-24,https://nces.ed.gov/ipeds/datacenter/data/IC2023_AY.zip,verified,2026-10-02,out_of_state,full_time_first_time_undergraduate,23523,1500,1250,16113,4150,,USD
costs,ipeds-216083,216083,2023-24,https://nces.ed.gov/ipeds/datacenter/data/IC2023_AY.zip,verified,2026-10-02,district,full_time_first_time_undergraduate,18999,209,1066,,,,USD
costs,ipeds-216083,216083,2023-24,https://nces.ed.gov/ipeds/datacenter/data/IC2023_AY.zip,verified,2026-10-02,in_state,full_time_first_time_undergraduate,18999,209,1066,,,,USD
costs,ipeds-216083,216083,2023-24,https://nces.ed.gov/ipeds/datacenter/data/IC2023_AY.zip,verified,2026-10-02,out_of_state,full_time_first_time_undergraduate,18999,209,1066,,,,USD
costs,ipeds-216278,216278,2023-24,https://nces.ed.gov/ipeds/datacenter/data/IC2023_AY.zip,verified,2026-10-02,district,full_time_first_time_undergraduate,56600,800,1200,15700,1700,,USD
costs,ipeds-216278,216278,2023-24,https://nces.ed.gov/ipeds/datacenter/data/IC2023_AY.zip,verified,2026-10-02,in_state,full_time_first_time_undergraduate,56600,800,1200,15700,1700,,USD
costs,ipeds-216278,216278,2023-24,https://nces.ed.gov/ipeds/datacenter/data/IC2023_AY.zip,verified,2026-10-02,out_of_state,full_time_first_time_undergraduate,56600,800,1200,15700,1700,,USD
costs,ipeds-216287,216287,2023-24,https://nces.ed.gov/ipeds/datacenter/data/IC2023_AY.zip,verified,2026-10-02,district,full_time_first_time_undergraduate,61992,420,760,18964,1967,,USD
costs,ipeds-216287,216287,2023-24,https://nces.ed.gov/ipeds/datacenter/data/IC2023_AY.zip,verified,2026-10-02,in_state,full_time_first_time_undergraduate,61992,420,760,18964,1967,,USD
costs,ipeds-216287,216287,2023-24,https://nces.ed.gov/ipeds/datacenter/data/IC2023_AY.zip,verified,2026-10-02,out_of_state,full_time_first_time_undergraduate,61992,420,760,18964,1967,,USD
costs,ipeds-216296,216296,2023-24,https://nces.ed.gov/ipeds/datacenter/data/IC2023_AY.zip,verified,2026-10-02,district,full_time_first_time_undergraduate,9000,50,2000,10670,1656,,USD
costs,ipeds-216296,216296,2023-24,https://nces.ed.gov/ipeds/datacenter/data/IC2023_AY.zip,verified,2026-10-02,in_state,full_time_first_time_undergraduate,9000,50,2000,10670,1656,,USD
costs,ipeds-216296,216296,2023-24,https://nces.ed.gov/ipeds/datacenter/data/IC2023_AY.zip,verified,2026-10-02,out_of_state,full_time_first_time_undergraduate,9000,50,2000,10670,1656,,USD
costs,ipeds-216311,216311,2023-24,https://nces.ed.gov/ipeds/datacenter/data/IC2023_AY.zip,verified,2026-10-02,district,full_time_first_time_undergraduate,10769,100,900,8811,2100,,USD
costs,ipeds-216311,216311,2023-24,https://nces.ed.gov/ipeds/datacenter/data/IC2023_AY.zip,verified,2026-10-02,in_state,full_time_first_time_undergraduate,10769,100,900,8811,2100,,USD
costs,ipeds-216311,216311,2023-24,https://nces.ed.gov/ipeds/datacenter/data/IC2023_AY.zip,verified,2026-10-02,out_of_state,full_time_first_time_undergraduate,10769,100,900,8811,2100,,USD
costs,ipeds-216339,216339,2023-24,https://nces.ed.gov/ipeds/datacenter/data/IC2023_AY.zip,verified,2026-10-02,district,full_time_first_time_undergraduate,21114,968,1240,16968,4466,,USD
costs,ipeds-216339,216339,2023-24,https://nces.ed.gov/ipeds/datacenter/data/IC2023_AY.zip,verified,2026-10-02,in_state,full_time_first_time_undergraduate,21114,968,1240,16968,4466,,USD
costs,ipeds-216339,216339,2023-24,https://nces.ed.gov/ipeds/datacenter/data/IC2023_AY.zip,verified,2026-10-02,out_of_state,full_time_first_time_undergraduate,36494,968,1240,16968,4466,,USD
costs,ipeds-216357,216357,2023-24,https://nces.ed.gov/ipeds/datacenter/data/IC2023_AY.zip,verified,2026-10-02,district,full_time_first_time_undergraduate,34964,1900,1300,14850,3000,,USD
costs,ipeds-216357,216357,2023-24,https://nces.ed.gov/ipeds/datacenter/data/IC2023_AY.zip,verified,2026-10-02,in_state,full_time_first_time_undergraduate,34964,1900,1300,14850,3000,,USD
costs,ipeds-216357,216357,2023-24,https://nces.ed.gov/ipeds/datacenter/data/IC2023_AY.zip,verified,2026-10-02,out_of_state,full_time_first_time_undergraduate,34964,1900,1300,14850,3000,,USD
costs,ipeds-216366,216366,2023-24,https://nces.ed.gov/ipeds/datacenter/data/IC2023_AY.zip,verified,2026-10-02,district,full_time_first_time_undergraduate,44400,1283,1600,17246,4028,,USD
costs,ipeds-216366,216366,2023-24,https://nces.ed.gov/ipeds/datacenter/data/IC2023_AY.zip,verified,2026-10-02,in_state,full_time_first_time_undergraduate,44400,1283,1600,17246,4028,,USD
costs,ipeds-216366,216366,2023-24,https://nces.ed.gov/ipeds/datacenter/data/IC2023_AY.zip,verified,2026-10-02,out_of_state,full_time_first_time_undergraduate,44400,1283,1600,17246,4028,,USD
costs,ipeds-216436,216436,2023-24,https://nces.ed.gov/ipeds/datacenter/data/IC2023_AY.zip,verified,2026-10-02,district,full_time_first_time_undergraduate,17892,646,1226,,,,USD
costs,ipeds-216436,216436,2023-24,https://nces.ed.gov/ipeds/datacenter/data/IC2023_AY.zip,verified,2026-10-02,in_state,full_time_first_time_undergraduate,17892,646,1226,,,,USD
costs,ipeds-216436,216436,2023-24,https://nces.ed.gov/ipeds/datacenter/data/IC2023_AY.zip,verified,2026-10-02,out_of_state,full_time_first_time_undergraduate,17892,646,1226,,,,USD
costs,ipeds-216445,216445,2023-24,https://nces.ed.gov/ipeds/datacenter/data/IC2023_AY.zip,verified,2026-10-02,district,full_time_first_time_undergraduate,17892,621,1302,,,,USD
costs,ipeds-216445,216445,2023-24,https://nces.ed.gov/ipeds/datacenter/data/IC2023_AY.zip,verified,2026-10-02,in_state,full_time_first_time_undergraduate,17892,621,1302,,,,USD
costs,ipeds-216445,216445,2023-24,https://nces.ed.gov/ipeds/datacenter/data/IC2023_AY.zip,verified,2026-10-02,out_of_state,full_time_first_time_undergraduate,17892,621,1302,,,,USD
costs,ipeds-216454,216454,2023-24,https://nces.ed.gov/ipeds/datacenter/data/IC2023_AY.zip,verified,2026-10-02,district,full_time_first_time_undergraduate,17892,683,1193,,,,USD
costs,ipeds-216454,216454,2023-24,https://nces.ed.gov/ipeds/datacenter/data/IC2023_AY.zip,verified,2026-10-02,in_state,full_time_first_time_undergraduate,17892,683,1193,,,,USD
costs,ipeds-216454,216454,2023-24,https://nces.ed.gov/ipeds/datacenter/data/IC2023_AY.zip,verified,2026-10-02,out_of_state,full_time_first_time_undergraduate,17892,683,1193,,,,USD
costs,ipeds-216524,216524,2023-24,https://nces.ed.gov/ipeds/datacenter/data/IC2023_AY.zip,verified,2026-10-02,district,full_time_first_time_undergraduate,59196,0,1000,15064,2322,,USD
costs,ipeds-216524,216524,2023-24,https://nces.ed.gov/ipeds/datacenter/data/IC2023_AY.zip,verified,2026-10-02,in_state,full_time_first_time_undergraduate,59196,0,1000,15064,2322,,USD
costs,ipeds-216524,216524,2023-24,https://nces.ed.gov/ipeds/datacenter/data/IC2023_AY.zip,verified,2026-10-02,out_of_state,full_time_first_time_undergraduate,59196,0,1000,15064,2322,,USD
costs,ipeds-216542,216542,2023-24,https://nces.ed.gov/ipeds/datacenter/data/IC2023_AY.zip,verified,2026-10-02,district,full_time_first_time_undergraduate,23100,1410,1500,11410,8270,,USD
costs,ipeds-216542,216542,2023-24,https://nces.ed.gov/ipeds/datacenter/data/IC2023_AY.zip,verified,2026-10-02,in_state,full_time_first_time_undergraduate,23100,1410,1500,11410,8270,,USD
costs,ipeds-216542,216542,2023-24,https://nces.ed.gov/ipeds/datacenter/data/IC2023_AY.zip,verified,2026-10-02,out_of_state,full_time_first_time_undergraduate,23100,1410,1500,11410,8270,,USD
costs,ipeds-216551,216551,2023-24,https://nces.ed.gov/ipeds/datacenter/data/IC2023_AY.zip,verified,2026-10-02,district,full_time_first_time_undergraduate,30976,1200,1303,17000,3032,,USD
costs,ipeds-216551,216551,2023-24,https://nces.ed.gov/ipeds/datacenter/data/IC2023_AY.zip,verified,2026-10-02,in_state,full_time_first_time_undergraduate,30976,1200,1303,17000,3032,,USD
costs,ipeds-216551,216551,2023-24,https://nces.ed.gov/ipeds/datacenter/data/IC2023_AY.zip,verified,2026-10-02,out_of_state,full_time_first_time_undergraduate,30976,1200,1303,17000,3032,,USD
costs,ipeds-216597,216597,2023-24,https://nces.ed.gov/ipeds/datacenter/data/IC2023_AY.zip,verified,2026-10-02,district,full_time_first_time_undergraduate,63806,895,1100,16896,2300,,USD
costs,ipeds-216597,216597,2023-24,https://nces.ed.gov/ipeds/datacenter/data/IC2023_AY.zip,verified,2026-10-02,in_state,full_time_first_time_undergraduate,63806,895,1100,16896,2300,,USD
costs,ipeds-216597,216597,2023-24,https://nces.ed.gov/ipeds/datacenter/data/IC2023_AY.zip,verified,2026-10-02,out_of_state,full_time_first_time_undergraduate,63806,895,1100,16896,2300,,USD
costs,ipeds-216667,216667,2023-24,https://nces.ed.gov/ipeds/datacenter/data/IC2023_AY.zip,verified,2026-10-02,district,full_time_first_time_undergraduate,27605,580,1000,13910,1200,,USD
costs,ipeds-216667,216667,2023-24,https://nces.ed.gov/ipeds/datacenter/data/IC2023_AY.zip,verified,2026-10-02,in_state,full_time_first_time_undergraduate,27605,580,1000,13910,1200,,USD
costs,ipeds-216667,216667,2023-24,https://nces.ed.gov/ipeds/datacenter/data/IC2023_AY.zip,verified,2026-10-02,out_of_state,full_time_first_time_undergraduate,27605,580,1000,13910,1200,,USD
costs,ipeds-216694,216694,2023-24,https://nces.ed.gov/ipeds/datacenter/data/IC2023_AY.zip,verified,2026-10-02,district,full_time_first_time_undergraduate,28120,1340,1500,12300,1740,,USD
costs,ipeds-216694,216694,2023-24,https://nces.ed.gov/ipeds/datacenter/data/IC2023_AY.zip,verified,2026-10-02,in_state,full_time_first_time_undergraduate,28120,1340,1500,12300,1740,,USD
costs,ipeds-216694,216694,2023-24,https://nces.ed.gov/ipeds/datacenter/data/IC2023_AY.zip,verified,2026-10-02,out_of_state,full_time_first_time_undergraduate,28120,1340,1500,12300,1740,,USD
costs,ipeds-216764,216764,2023-24,https://nces.ed.gov/ipeds/datacenter/data/IC2023_AY.zip,verified,2026-10-02,district,full_time_first_time_undergraduate,7716,2971,1200,12474,4740,,USD
costs,ipeds-216764,216764,2023-24,https://nces.ed.gov/ipeds/datacenter/data/IC2023_AY.zip,verified,2026-10-02,in_state,full_time_first_time_undergraduate,7716,2971,1200,12474,4740,,USD
costs,ipeds-216764,216764,2023-24,https://nces.ed.gov/ipeds/datacenter/data/IC2023_AY.zip,verified,2026-10-02,out_of_state,full_time_first_time_undergraduate,19290,3221,1200,12474,4740,,USD
costs,ipeds-216773,216773,2023-24,https://nces.ed.gov/ipeds/datacenter/data/IC2023_AY.zip,verified,2026-10-02,district,full_time_first_time_undergraduate,10286,2600,1400,8750,6500,,USD
costs,ipeds-216773,216773,2023-24,https://nces.ed.gov/ipeds/datacenter/data/IC2023_AY.zip,verified,2026-10-02,in_state,full_time_first_time_undergraduate,10286,2600,1400,8750,6500,,USD
costs,ipeds-216773,216773,2023-24,https://nces.ed.gov/ipeds/datacenter/data/IC2023_AY.zip,verified,2026-10-02,out_of_state,full_time_first_time_undergraduate,10286,2600,1400,8750,6500,,USD
costs,ipeds-216807,216807,2023-24,https://nces.ed.gov/ipeds/datacenter/data/IC2023_AY.zip,verified,2026-10-02,district,full_time_first_time_undergraduate,38760,710,1000,12380,1250,,USD
costs,ipeds-216807,216807,2023-24,https://nces.ed.gov/ipeds/datacenter/data/IC2023_AY.zip,verified,2026-10-02,in_state,full_time_first_time_undergraduate,38760,710,1000,12380,1250,,USD
costs,ipeds-216807,216807,2023-24,https://nces.ed.gov/ipeds/datacenter/data/IC2023_AY.zip,verified,2026-10-02,out_of_state,full_time_first_time_undergraduate,38760,710,1000,12380,1250,,USD
costs,ipeds-216825,216825,2023-24,https://nces.ed.gov/ipeds/datacenter/data/IC2023_AY.zip,verified,2026-10-02,district,full_time_first_time_undergraduate,4200,1680,1600,,,,USD
costs,ipeds-216825,216825,2023-24,https://nces.ed.gov/ipeds/datacenter/data/IC2023_AY.zip,verified,2026-10-02,in_state,full_time_first_time_undergraduate,8400,1824,1600,,,,USD
costs,ipeds-216825,216825,2023-24,https://nces.ed.gov/ipeds/datacenter/data/IC2023_AY.zip,verified,2026-10-02,out_of_state,full_time_first_time_undergraduate,12600,1824,1600,,,,USD
costs,ipeds-216852,216852,2023-24,https://nces.ed.gov/ipeds/datacenter/data/IC2023_AY.zip,verified,2026-10-02,district,full_time_first_time_undergraduate,52598,1040,1408,15530,1890,,USD
costs,ipeds-216852,216852,2023-24,https://nces.ed.gov/ipeds/datacenter/data/IC2023_AY.zip,verified,2026-10-02,in_state,full_time_first_time_undergraduate,52598,1040,1408,15530,1890,,USD
costs,ipeds-216852,216852,2023-24,https://nces.ed.gov/ipeds/datacenter/data/IC2023_AY.zip,verified,2026-10-02,out_of_state,full_time_first_time_undergraduate,52598,1040,1408,15530,1890,,USD
costs,ipeds-216931,216931,2023-24,https://nces.ed.gov/ipeds/datacenter/data/IC2023_AY.zip,verified,2026-10-02,district,full_time_first_time_undergraduate,40308,1978,400,16006,3193,,USD
costs,ipeds-216931,216931,2023-24,https://nces.ed.gov/ipeds/datacenter/data/IC2023_AY.zip,verified,2026-10-02,in_state,full_time_first_time_undergraduate,40308,1978,400,16006,3193,,USD
costs,ipeds-216931,216931,2023-24,https://nces.ed.gov/ipeds/datacenter/data/IC2023_AY.zip,verified,2026-10-02,out_of_state,full_time_first_time_undergraduate,40308,1978,400,16006,3193,,USD
costs,ipeds-216940,216940,2023-24,https://nces.ed.gov/ipeds/datacenter/data/IC2023_AY.zip,verified,2026-10-02,district,full_time_first_time_undergraduate,30718,140,1405,5000,,,USD
costs,ipeds-216940,216940,2023-24,https://nces.ed.gov/ipeds/datacenter/data/IC2023_AY.zip,verified,2026-10-02,in_state,full_time_first_time_undergraduate,30718,140,1405,5000,,,USD
costs,ipeds-216940,216940,2023-24,https://nces.ed.gov/ipeds/datacenter/data/IC2023_AY.zip,verified,2026-10-02,out_of_state,full_time_first_time_undergraduate,30718,140,1405,5000,,,USD
costs,ipeds-217013,217013,2023-24,https://nces.ed.gov/ipeds/datacenter/data/IC2023_AY.zip,verified,2026-10-02,district,full_time_first_time_undergraduate,25950,1050,1104,12162,1701,,USD
costs,ipeds-217013,217013,2023-24,https://nces.ed.gov/ipeds/datacenter/data/IC2023_AY.zip,verified,2026-10-02,in_state,full_time_first_time_undergraduate,25950,1050,1104,12162,1701,,USD
costs,ipeds-217013,217013,2023-24,https://nces.ed.gov/ipeds/datacenter/data/IC2023_AY.zip,verified,2026-10-02,out_of_state,full_time_first_time_undergraduate,25950,1050,1104,12162,1701,,USD
costs,ipeds-217040,217040,2023-24,https://nces.ed.gov/ipeds/datacenter/data/IC2023_AY.zip,verified,2026-10-02,district,full_time_first_time_undergraduate,10200,200,300,3700,6000,,USD
costs,ipeds-217040,217040,2023-24,https://nces.ed.gov/ipeds/datacenter/data/IC2023_AY.zip,verified,2026-10-02,in_state,full_time_first_time_undergraduate,10200,200,300,3700,6000,,USD
costs,ipeds-217040,217040,2023-24,https://nces.ed.gov/ipeds/datacenter/data/IC2023_AY.zip,verified,2026-10-02,out_of_state,full_time_first_time_undergraduate,10200,200,300,3700,6000,,USD
costs,ipeds-217059,217059,2023-24,https://nces.ed.gov/ipeds/datacenter/data/IC2023_AY.zip,verified,2026-10-02,district,full_time_first_time_undergraduate,22120,2486,1200,12780,2100,,USD
costs,ipeds-217059,217059,2023-24,https://nces.ed.gov/ipeds/datacenter/data/IC2023_AY.zip,verified,2026-10-02,in_state,full_time_first_time_undergraduate,22120,2486,1200,12780,2100,,USD
costs,ipeds-217059,217059,2023-24,https://nces.ed.gov/ipeds/datacenter/data/IC2023_AY.zip,verified,2026-10-02,out_of_state,full_time_first_time_undergraduate,22120,2486,1200,12780,2100,,USD
costs,ipeds-249609,249609,2023-24,https://nces.ed.gov/ipeds/datacenter/data/IC2023_AY.zip,verified,2026-10-02,district,full_time_first_time_undergraduate,13694,261,1034,,,,USD
costs,ipeds-249609,249609,2023-24,https://nces.ed.gov/ipeds/datacenter/data/IC2023_AY.zip,verified,2026-10-02,in_state,full_time_first_time_undergraduate,13694,261,1034,,,,USD
costs,ipeds-249609,249609,2023-24,https://nces.ed.gov/ipeds/datacenter/data/IC2023_AY.zip,verified,2026-10-02,out_of_state,full_time_first_time_undergraduate,13694,261,1034,,,,USD
costs,ipeds-250027,250027,2023-24,https://nces.ed.gov/ipeds/datacenter/data/IC2023_AY.zip,verified,2026-10-02,district,full_time_first_time_undergraduate,10680,790,975,,,,USD
costs,ipeds-250027,250027,2023-24,https://nces.ed.gov/ipeds/datacenter/data/IC2023_AY.zip,verified,2026-10-02,in_state,full_time_first_time_undergraduate,10680,790,975,,,,USD
costs,ipeds-250027,250027,2023-24,https://nces.ed.gov/ipeds/datacenter/data/IC2023_AY.zip,verified,2026-10-02,out_of_state,full_time_first_time_undergraduate,10680,790,975,,,,USD
costs,ipeds-250285,250285,2023-24,https://nces.ed.gov/ipeds/datacenter/data/IC2023_AY.zip,verified,2026-10-02,district,full_time_first_time_undergraduate,16520,237,1000,,,,USD
costs,ipeds-250285,250285,2023-24,https://nces.ed.gov/ipeds/datacenter/data/IC2023_AY.zip,verified,2026-10-02,in_state,full_time_first_time_undergraduate,16520,237,1000,,,,USD
costs,ipeds-250285,250285,2023-24,https://nces.ed.gov/ipeds/datacenter/data/IC2023_AY.zip,verified,2026-10-02,out_of_state,full_time_first_time_undergraduate,16520,237,1000,,,,USD
costs,ipeds-366252,366252,2023-24,https://nces.ed.gov/ipeds/datacenter/data/IC2023_AY.zip,verified,2026-10-02,district,full_time_first_time_undergraduate,15450,2490,1549,12314,3468,,USD
costs,ipeds-366252,366252,2023-24,https://nces.ed.gov/ipeds/datacenter/data/IC2023_AY.zip,verified,2026-10-02,in_state,full_time_first_time_undergraduate,15450,2490,1549,12314,3468,,USD
costs,ipeds-366252,366252,2023-24,https://nces.ed.gov/ipeds/datacenter/data/IC2023_AY.zip,verified,2026-10-02,out_of_state,full_time_first_time_undergraduate,23190,2490,1549,12314,3468,,USD
costs,ipeds-385503,385503,2023-24,https://nces.ed.gov/ipeds/datacenter/data/IC2023_AY.zip,verified,2026-10-02,district,full_time_first_time_undergraduate,14237,207,1252,,,,USD
costs,ipeds-385503,385503,2023-24,https://nces.ed.gov/ipeds/datacenter/data/IC2023_AY.zip,verified,2026-10-02,in_state,full_time_first_time_undergraduate,14237,207,1252,,,,USD
costs,ipeds-385503,385503,2023-24,https://nces.ed.gov/ipeds/datacenter/data/IC2023_AY.zip,verified,2026-10-02,out_of_state,full_time_first_time_undergraduate,14237,207,1252,,,,USD
costs,ipeds-414911,414911,2023-24,https://nces.ed.gov/ipeds/datacenter/data/IC2023_AY.zip,verified,2026-10-02,district,full_time_first_time_undergraduate,4950,2040,2000,,,,USD
costs,ipeds-414911,414911,2023-24,https://nces.ed.gov/ipeds/datacenter/data/IC2023_AY.zip,verified,2026-10-02,in_state,full_time_first_time_undergraduate,7080,2280,2000,,,,USD
costs,ipeds-414911,414911,2023-24,https://nces.ed.gov/ipeds/datacenter/data/IC2023_AY.zip,verified,2026-10-02,out_of_state,full_time_first_time_undergraduate,10800,2280,2000,,,,USD
costs,ipeds-419341,419341,2023-24,https://nces.ed.gov/ipeds/datacenter/data/IC2023_AY.zip,verified,2026-10-02,district,full_time_first_time_undergraduate,14500,75,1705,,,,USD
costs,ipeds-419341,419341,2023-24,https://nces.ed.gov/ipeds/datacenter/data/IC2023_AY.zip,verified,2026-10-02,in_state,full_time_first_time_undergraduate,14500,75,1705,,,,USD
costs,ipeds-419341,419341,2023-24,https://nces.ed.gov/ipeds/datacenter/data/IC2023_AY.zip,verified,2026-10-02,out_of_state,full_time_first_time_undergraduate,14500,75,1705,,,,USD
costs,ipeds-431600,431600,2023-24,https://nces.ed.gov/ipeds/datacenter/data/IC2023_AY.zip,verified,2026-10-02,district,full_time_first_time_undergraduate,14190,2000,2495,6916,5200,,USD
costs,ipeds-431600,431600,2023-24,https://nces.ed.gov/ipeds/datacenter/data/IC2023_AY.zip,verified,2026-10-02,in_state,full_time_first_time_undergraduate,14190,2000,2495,6916,5200,,USD
costs,ipeds-431600,431600,2023-24,https://nces.ed.gov/ipeds/datacenter/data/IC2023_AY.zip,verified,2026-10-02,out_of_state,full_time_first_time_undergraduate,14190,2000,2495,6916,5200,,USD
costs,ipeds-442356,442356,2023-24,https://nces.ed.gov/ipeds/datacenter/data/IC2023_AY.zip,verified,2026-10-02,district,full_time_first_time_undergraduate,31438,428,3500,,,,USD
costs,ipeds-442356,442356,2023-24,https://nces.ed.gov/ipeds/datacenter/data/IC2023_AY.zip,verified,2026-10-02,in_state,full_time_first_time_undergraduate,31438,428,3500,,,,USD
costs,ipeds-442356,442356,2023-24,https://nces.ed.gov/ipeds/datacenter/data/IC2023_AY.zip,verified,2026-10-02,out_of_state,full_time_first_time_undergraduate,31438,428,3500,,,,USD
costs,ipeds-443377,443377,2023-24,https://nces.ed.gov/ipeds/datacenter/data/IC2023_AY.zip,verified,2026-10-02,district,full_time_first_time_undergraduate,17892,808,1246,,,,USD
costs,ipeds-443377,443377,2023-24,https://nces.ed.gov/ipeds/datacenter/data/IC2023_AY.zip,verified,2026-10-02,in_state,full_time_first_time_undergraduate,17892,808,1246,,,,USD
costs,ipeds-443377,443377,2023-24,https://nces.ed.gov/ipeds/datacenter/data/IC2023_AY.zip,verified,2026-10-02,out_of_state,full_time_first_time_undergraduate,17892,808,1246,,,,USD
costs,ipeds-443784,443784,2023-24,https://nces.ed.gov/ipeds/datacenter/data/IC2023_AY.zip,verified,2026-10-02,district,full_time_first_time_undergraduate,13725,195,675,,,,USD
costs,ipeds-443784,443784,2023-24,https://nces.ed.gov/ipeds/datacenter/data/IC2023_AY.zip,verified,2026-10-02,in_state,full_time_first_time_undergraduate,13725,195,675,,,,USD
costs,ipeds-443784,443784,2023-24,https://nces.ed.gov/ipeds/datacenter/data/IC2023_AY.zip,verified,2026-10-02,out_of_state,full_time_first_time_undergraduate,13725,195,675,,,,USD
costs,ipeds-446640,446640,2023-24,https://nces.ed.gov/ipeds/datacenter/data/IC2023_AY.zip,verified,2026-10-02,district,full_time_first_time_undergraduate,23900,0,1200,9900,2800,,USD
costs,ipeds-446640,446640,2023-24,https://nces.ed.gov/ipeds/datacenter/data/IC2023_AY.zip,verified,2026-10-02,in_state,full_time_first_time_undergraduate,23900,0,1200,9900,2800,,USD
costs,ipeds-446640,446640,2023-24,https://nces.ed.gov/ipeds/datacenter/data/IC2023_AY.zip,verified,2026-10-02,out_of_state,full_time_first_time_undergraduate,23900,0,1200,9900,2800,,USD
costs,ipeds-448859,448859,2023-24,https://nces.ed.gov/ipeds/datacenter/data/IC2023_AY.zip,verified,2026-10-02,district,full_time_first_time_undergraduate,17892,701,1125,,,,USD
costs,ipeds-448859,448859,2023-24,https://nces.ed.gov/ipeds/datacenter/data/IC2023_AY.zip,verified,2026-10-02,in_state,full_time_first_time_undergraduate,17892,701,1125,,,,USD
costs,ipeds-448859,448859,2023-24,https://nces.ed.gov/ipeds/datacenter/data/IC2023_AY.zip,verified,2026-10-02,out_of_state,full_time_first_time_undergraduate,17892,701,1125,,,,USD
costs,ipeds-456542,456542,2023-24,https://nces.ed.gov/ipeds/datacenter/data/IC2023_AY.zip,verified,2026-10-02,district,full_time_first_time_undergraduate,8460,2671,1000,,,,USD
costs,ipeds-456542,456542,2023-24,https://nces.ed.gov/ipeds/datacenter/data/IC2023_AY.zip,verified,2026-10-02,in_state,full_time_first_time_undergraduate,8460,2671,1000,,,,USD
costs,ipeds-456542,456542,2023-24,https://nces.ed.gov/ipeds/datacenter/data/IC2023_AY.zip,verified,2026-10-02,out_of_state,full_time_first_time_undergraduate,8460,2671,1000,,,,USD
costs,ipeds-479956,479956,2023-24,https://nces.ed.gov/ipeds/datacenter/data/IC2023_AY.zip,verified,2026-10-02,district,full_time_first_time_undergraduate,15204,0,1840,,,,USD
costs,ipeds-479956,479956,2023-24,https://nces.ed.gov/ipeds/datacenter/data/IC2023_AY.zip,verified,2026-10-02,in_state,full_time_first_time_undergraduate,15204,0,1840,,,,USD
costs,ipeds-479956,479956,2023-24,https://nces.ed.gov/ipeds/datacenter/data/IC2023_AY.zip,verified,2026-10-02,out_of_state,full_time_first_time_undergraduate,15204,0,1840,,,,USD
costs,ipeds-485856,485856,2023-24,https://nces.ed.gov/ipeds/datacenter/data/IC2023_AY.zip,verified,2026-10-02,district,full_time_first_time_undergraduate,17308,25,2004,,,,USD
costs,ipeds-485856,485856,2023-24,https://nces.ed.gov/ipeds/datacenter/data/IC2023_AY.zip,verified,2026-10-02,in_state,full_time_first_time_undergraduate,17308,25,2004,,,,USD
costs,ipeds-485856,485856,2023-24,https://nces.ed.gov/ipeds/datacenter/data/IC2023_AY.zip,verified,2026-10-02,out_of_state,full_time_first_time_undergraduate,17308,25,2004,,,,USD
costs,ipeds-493813,493813,2023-24,https://nces.ed.gov/ipeds/datacenter/data/IC2023_AY.zip,verified,2026-10-02,district,full_time_first_time_undergraduate,27000,140,3469,,,,USD
costs,ipeds-493813,493813,2023-24,https://nces.ed.gov/ipeds/datacenter/data/IC2023_AY.zip,verified,2026-10-02,in_state,full_time_first_time_undergraduate,27000,140,3469,,,,USD
costs,ipeds-493813,493813,2023-24,https://nces.ed.gov/ipeds/datacenter/data/IC2023_AY.zip,verified,2026-10-02,out_of_state,full_time_first_time_undergraduate,27000,140,3469,,,,USD
costs,ipeds-494755,494755,2023-24,https://nces.ed.gov/ipeds/datacenter/data/IC2023_AY.zip,verified,2026-10-02,district,full_time_first_time_undergraduate,12535,1535,337,,,,USD
costs,ipeds-494755,494755,2023-24,https://nces.ed.gov/ipeds/datacenter/data/IC2023_AY.zip,verified,2026-10-02,in_state,full_time_first_time_undergraduate,12535,1535,337,,,,USD
costs,ipeds-494755,494755,2023-24,https://nces.ed.gov/ipeds/datacenter/data/IC2023_AY.zip,verified,2026-10-02,out_of_state,full_time_first_time_undergraduate,12535,1535,337,,,,USD
costs,ipeds-494959,494959,2023-24,https://nces.ed.gov/ipeds/datacenter/data/IC2023_AY.zip,verified,2026-10-02,district,full_time_first_time_undergraduate,4440,0,750,,,,USD
costs,ipeds-494959,494959,2023-24,https://nces.ed.gov/ipeds/datacenter/data/IC2023_AY.zip,verified,2026-10-02,in_state,full_time_first_time_undergraduate,4800,0,750,,,,USD
costs,ipeds-494959,494959,2023-24,https://nces.ed.gov/ipeds/datacenter/data/IC2023_AY.zip,verified,2026-10-02,out_of_state,full_time_first_time_undergraduate,8880,0,750,,,,USD
costs,ipeds-496265,496265,2023-24,https://nces.ed.gov/ipeds/datacenter/data/IC2023_AY.zip,verified,2026-10-02,district,full_time_first_time_undergraduate,17892,1069,1329,,,,USD
costs,ipeds-496265,496265,2023-24,https://nces.ed.gov/ipeds/datacenter/data/IC2023_AY.zip,verified,2026-10-02,in_state,full_time_first_time_undergraduate,17892,1069,1329,,,,USD
costs,ipeds-496265,496265,2023-24,https://nces.ed.gov/ipeds/datacenter/data/IC2023_AY.zip,verified,2026-10-02,out_of_state,full_time_first_time_undergraduate,17892,1069,1329,,,,USD
costs,ipeds-498562,498562,2023-24,https://nces.ed.gov/ipeds/datacenter/data/IC2023_AY.zip,verified,2026-10-02,district,full_time_first_time_undergraduate,7716,3330,1200,11106,3118,,USD
costs,ipeds-498562,498562,2023-24,https://nces.ed.gov/ipeds/datacenter/data/IC2023_AY.zip,verified,2026-10-02,in_state,full_time_first_time_undergraduate,7716,3330,1200,11106,3118,,USD
costs,ipeds-498562,498562,2023-24,https://nces.ed.gov/ipeds/datacenter/data/IC2023_AY.zip,verified,2026-10-02,out_of_state,full_time_first_time_undergraduate,19290,3580,1200,11106,3118,,USD
costs,ipeds-498571,498571,2023-24,https://nces.ed.gov/ipeds/datacenter/data/IC2023_AY.zip,verified,2026-10-02,district,full_time_first_time_undergraduate,7716,3672,1240,13200,3480,,USD
costs,ipeds-498571,498571,2023-24,https://nces.ed.gov/ipeds/datacenter/data/IC2023_AY.zip,verified,2026-10-02,in_state,full_time_first_time_undergraduate,7716,3672,1240,13200,3480,,USD
costs,ipeds-498571,498571,2023-24,https://nces.ed.gov/ipeds/datacenter/data/IC2023_AY.zip,verified,2026-10-02,out_of_state,full_time_first_time_undergraduate,11574,4432,1240,13200,3480,,USD
