domain,institution_key,unitid,academic_year,source_url,verification_status,last_verified_at,residency,student_population,tuition,mandatory_fees,books_supplies,on_campus_food_housing,on_campus_other_expenses,total_cost_of_attendance,currency
costs,ipeds-108232,108232,2023-24,https://nces.ed.gov/ipeds/datacenter/data/IC2023_AY.zip,verified,2026-10-02,district,full_time_first_time_undergraduate,27024,1000,938,23746,2871,,USD
costs,ipeds-108232,108232,2023-24,https://nces.ed.gov/ipeds/datacenter/data/IC2023_AY.zip,verified,2026-10-02,in_state,full_time_first_time_undergraduate,27024,1000,938,23746,2871,,USD
costs,ipeds-108232,108232,2023-24,https://nces.ed.gov/ipeds/datacenter/data/IC2023_AY.zip,verified,2026-10-02,out_of_state,full_time_first_time_undergraduate,27024,1000,938,23746,2871,,USD
costs,ipeds-108667,108667,2023-24,https://nces.ed.gov/ipeds/datacenter/data/IC2023_AY.zip,verified,2026-10-02,district,full_time_first_time_undergraduate,1104,44,1724,,,,USD
costs,ipeds-108667,108667,2023-24,https://nces.ed.gov/ipeds/datacenter/data/IC2023_AY.zip,verified,2026-10-02,in_state,full_time_first_time_undergraduate,1104,44,1724,,,,USD
costs,ipeds-108667,108667,2023-24,https://nces.ed.gov/ipeds/datacenter/data/IC2023_AY.zip,verified,2026-10-02,out_of_state,full_time_first_time_undergraduate,8472,212,1724,,,,USD
costs,ipeds-108807,108807,2023-24,https://nces.ed.gov/ipeds/datacenter/data/IC2023_AY.zip,verified,2026-10-02,district,full_time_first_time_undergraduate,1104,52,938,,,,USD
costs,ipeds-108807,108807,2023-24,https://nces.ed.gov/ipeds/datacenter/data/IC2023_AY.zip,verified,2026-10-02,in_state,full_time_first_time_undergraduate,1104,52,938,,,,USD
costs,ipeds-108807,108807,2023-24,https://nces.ed.gov/ipeds/datacenter/data/IC2023_AY.zip,verified,2026-10-02,out_of_state,full_time_first_time_undergraduate,9384,52,938,,,,USD
costs,ipeds-108852,108852,2023-24,https://nces.ed.gov/ipeds/datacenter/data/IC2023_AY.zip,verified,2026-10-02,district,full_time_first_time_undergraduate,38725,750,570,14695,1400,,USD
costs,ipeds-108852,108852,2023-24,https://nces.ed.gov/ipeds/datacenter/data/IC2023_AY.zip,verified,2026-10-02,in_state,full_time_first_time_undergraduate,38725,750,570,14695,1400,,USD
costs,ipeds-108852,108852,2023-24,https://nces.ed.gov/ipeds/datacenter/data/IC2023_AY.zip,verified,2026-10-02,out_of_state,full_time_first_time_undergraduate,38725,750,570,14695,1400,,USD
costs,ipeds-108861,108861,2023-24,https://nces.ed.gov/ipeds/datacenter/data/IC2023_AY.zip,verified,2026-10-02,district,full_time_first_time_undergraduate,2856,40,1000,15744,1872,,USD
costs,ipeds-108861,108861,2023-24,https://nces.ed.gov/ipeds/datacenter/data/IC2023_AY.zip,verified,2026-10-02,in_state,full_time_first_time_undergraduate,2856,40,1000,15744,1872,,USD
costs,ipeds-108861,108861,2023-24,https://nces.ed.gov/ipeds/datacenter/data/IC2023_AY.zip,verified,2026-10-02,out_of_state,full_time_first_time_undergraduate,2856,40,1000,15744,1872,,USD
costs,ipeds-109208,109208,2023-24,https://nces.ed.gov/ipeds/datacenter/data/IC2023_AY.zip,verified,2026-10-02,district,full_time_first_time_undergraduate,0,1288,1152,,,,USD
costs,ipeds-109208,109208,2023-24,https://nces.ed.gov/ipeds/datacenter/data/IC2023_AY.zip,verified,2026-10-02,in_state,full_time_first_time_undergraduate,0,1288,1152,,,,USD
costs,ipeds-109208,109208,2023-24,https://nces.ed.gov/ipeds/datacenter/data/IC2023_AY.zip,verified,2026-10-02,out_of_state,full_time_first_time_undergraduate,11520,1288,1152,,,,USD
costs,ipeds-109350,109350,2023-24,https://nces.ed.gov/ipeds/datacenter/data/IC2023_AY.zip,verified,2026-10-02,district,full_time_first_time_undergraduate,1104,20,900,,,,USD
costs,ipeds-109350,109350,2023-24,https://nces.ed.gov/ipeds/datacenter/data/IC2023_AY.zip,verified,2026-10-02,in_state,full_time_first_time_undergraduate,1104,20,900,,,,USD
costs,ipeds-109350,109350,2023-24,https://nces.ed.gov/ipeds/datacenter/data/IC2023_AY.zip,verified,2026-10-02,out_of_state,full_time_first_time_undergraduate,8208,20,900,,,,USD
costs,ipeds-109651,109651,2023-24,https://nces.ed.gov/ipeds/datacenter/data/IC2023_AY.zip,verified,2026-10-02,district,full_time_first_time_undergraduate,50606,1034,4000,,,,USD
costs,ipeds-109651,109651,2023-24,https://nces.ed.gov/ipeds/datacenter/data/IC2023_AY.zip,verified,2026-10-02,in_state,full_time_first_time_undergraduate,50606,1034,4000,,,,USD
costs,ipeds-109651,109651,2023-24,https://nces.ed.gov/ipeds/datacenter/data/IC2023_AY.zip,verified,2026-10-02,out_of_state,full_time_first_time_undergraduate,50606,1034,4000,,,,USD
costs,ipeds-109785,109785,2023-24,https://nces.ed.gov/ipeds/datacenter/data/IC2023_AY.zip,verified,2026-10-02,district,full_time_first_time_undergraduate,42900,700,938,9724,3530,,USD
costs,ipeds-109785,109785,2023-24,https://nces.ed.gov/ipeds/datacenter/data/IC2023_AY.zip,verified,2026-10-02,in_state,full_time_first_time_undergraduate,42900,700,938,9724,3530,,USD
costs,ipeds-109785,109785,2023-24,https://nces.ed.gov/ipeds/datacenter/data/IC2023_AY.zip,verified,2026-10-02,out_of_state,full_time_first_time_undergraduate,42900,700,938,9724,3530,,USD
costs,ipeds-109819,109819,2023-24,https://nces.ed.gov/ipeds/datacenter/data/IC2023_AY.zip,verified,2026-10-02,district,full_time_first_time_undergraduate,1380,50,938,,,,USD
costs,ipeds-109819,109819,2023-24,https://nces.ed.gov/ipeds/datacenter/data/IC2023_AY.zip,verified,2026-10-02,in_state,full_time_first_time_undergraduate,1380,50,938,,,,USD
costs,ipeds-109819,109819,2023-24,https://nces.ed.gov/ipeds/datacenter/data/IC2023_AY.zip,verified,2026-10-02,out_of_state,full_time_first_time_undergraduate,10260,50,938,,,,USD
costs,ipeds-109907,109907,2023-24,https://nces.ed.gov/ipeds/datacenter/data/IC2023_AY.zip,verified,2026-10-02,district,full_time_first_time_undergraduate,1104,0,1152,,,,USD
costs,ipeds-109907,109907,2023-24,https://nces.ed.gov/ipeds/datacenter/data/IC2023_AY.zip,verified,2026-10-02,in_state,full_time_first_time_undergraduate,1104,0,1152,,,,USD
costs,ipeds-109907,109907,2023-24,https://nces.ed.gov/ipeds/datacenter/data/IC2023_AY.zip,verified,2026-10-02,out_of_state,full_time_first_time_undergraduate,9936,0,1152,,,,USD
costs,ipeds-110060,110060,2023-24,https://nces.ed.gov/ipeds/datacenter/data/IC2023_AY.zip,verified,2026-10-02,district,full_time_first_time_undergraduate,6960,260,400,,,,USD
costs,ipeds-110060,110060,2023-24,https://nces.ed.gov/ipeds/datacenter/data/IC2023_AY.zip,verified,2026-10-02,in_state,full_time_first_time_undergraduate,6960,260,400,,,,USD
costs,ipeds-110060,110060,2023-24,https://nces.ed.gov/ipeds/datacenter/data/IC2023_AY.zip,verified,2026-10-02,out_of_state,full_time_first_time_undergraduate,6960,260,400,,,,USD
costs,ipeds-110097,110097,2023-24,https://nces.ed.gov/ipeds/datacenter/data/IC2023_AY.zip,verified,2026-10-02,district,full_time_first_time_undergraduate,46704,0,1200,11234,3868,,USD
costs,ipeds-110097,110097,2023-24,https://nces.ed.gov/ipeds/datacenter/data/IC2023_AY.zip,verified,2026-10-02,in_state,full_time_first_time_undergraduate,46704,0,1200,11234,3868,,USD
costs,ipeds-110097,110097,2023-24,https://nces.ed.gov/ipeds/datacenter/data/IC2023_AY.zip,verified,2026-10-02,out_of_state,full_time_first_time_undergraduate,46704,0,1200,11234,3868,,USD
costs,ipeds-110246,110246,2023-24,https://nces.ed.gov/ipeds/datacenter/data/IC2023_AY.zip,verified,2026-10-02,district,full_time_first_time_undergraduate,1104,232,1270,,,,USD
costs,ipeds-110246,110246,2023-24,https://nces.ed.gov/ipeds/datacenter/data/IC2023_AY.zip,verified,2026-10-02,in_state,full_time_first_time_undergraduate,1104,232,1270,,,,USD
costs,ipeds-110246,110246,2023-24,https://nces.ed.gov/ipeds/datacenter/data/IC2023_AY.zip,verified,2026-10-02,out_of_state,full_time_first_time_undergraduate,8184,232,1270,,,,USD
costs,ipeds-110334,110334,2023-24,https://nces.ed.gov/ipeds/datacenter/data/IC2023_AY.zip,verified,2026-10-02,district,full_time_first_time_undergraduate,1104,166,2250,,,,USD
costs,ipeds-110334,110334,2023-24,https://nces.ed.gov/ipeds/datacenter/data/IC2023_AY.zip,verified,2026-10-02,in_state,full_time_first_time_undergraduate,1104,166,2250,,,,USD
costs,ipeds-110334,110334,2023-24,https://nces.ed.gov/ipeds/datacenter/data/IC2023_AY.zip,verified,2026-10-02,out_of_state,full_time_first_time_undergraduate,9744,166,2250,,,,USD
costs,ipeds-110361,110361,2023-24,https://nces.ed.gov/ipeds/datacenter/data/IC2023_AY.zip,verified,2026-10-02,district,full_time_first_time_undergraduate,37570,2150,938,11630,3610,,USD
costs,ipeds-110361,110361,2023-24,https://nces.ed.gov/ipeds/datacenter/data/IC2023_AY.zip,verified,2026-10-02,in_state,full_time_first_time_undergraduate,37570,2150,938,11630,3610,,USD
costs,ipeds-110361,110361,2023-24,https://nces.ed.gov/ipeds/datacenter/data/IC2023_AY.zip,verified,2026-10-02,out_of_state,full_time_first_time_undergraduate,37570,2150,938,11630,3610,,USD
costs,ipeds-110370,110370,2023-24,https://nces.ed.gov/ipeds/datacenter/data/IC2023_AY.zip,verified,2026-10-02,district,full_time_first_time_undergraduate,57096,850,1500,21165,3798,,USD
costs,ipeds-110370,110370,2023-24,https://nces.ed.gov/ipeds/datacenter/data/IC2023_AY.zip,verified,2026-10-02,in_state,full_time_first_time_undergraduate,57096,850,1500,21165,3798,,USD
costs,ipeds-110370,110370,2023-24,https://nces.ed.gov/ipeds/datacenter/data/IC2023_AY.zip,verified,2026-10-02,out_of_state,full_time_first_time_undergraduate,57096,850,1500,21165,3798,,USD
costs,ipeds-110404,110404,2023-24,https://nces.ed.gov/ipeds/datacenter/data/IC2023_AY.zip,verified,2026-10-02,district,full_time_first_time_undergraduate,60816,2439,1428,19503,2700,,USD
costs,ipeds-110404,110404,2023-24,https://nces.ed.gov/ipeds/datacenter/data/IC2023_AY.zip,verified,2026-10-02,in_state,full_time_first_time_undergraduate,60816,2439,1428,19503,2700,,USD
costs,ipeds-110404,110404,2023-24,https://nces.ed.gov/ipeds/datacenter/data/IC2023_AY.zip,verified,2026-10-02,out_of_state,full_time_first_time_undergraduate,60816,2439,1428,19503,2700,,USD
costs,ipeds-110413,110413,2023-24,https://nces.ed.gov/ipeds/datacenter/data/IC2023_AY.zip,verified,2026-10-02,district,full_time_first_time_undergraduate,49880,790,936,17734,4046,,USD
costs,ipeds-110413,110413,2023-24,https://nces.ed.gov/ipeds/datacenter/data/IC2023_AY.zip,verified,2026-10-02,in_state,full_time_first_time_undergraduate,49880,790,936,17734,4046,,USD
costs,ipeds-110413,110413,2023-24,https://nces.ed.gov/ipeds/datacenter/data/IC2023_AY.zip,verified,2026-10-02,out_of_state,full_time_first_time_undergraduate,49880,790,936,17734,4046,,USD
costs,ipeds-110422,110422,2023-24,https://nces.ed.gov/ipeds/datacenter/data/IC2023_AY.zip,verified,2026-10-02,district,full_time_first_time_undergraduate,5742,5333,1089,17220,2937,,USD
costs,ipeds-110422,110422,2023-24,https://nces.ed.gov/ipeds/datacenter/data/IC2023_AY.zip,verified,2026-10-02,in_state,full_time_first_time_undergraduate,5742,5333,1089,17220,2937,,USD
costs,ipeds-110422,110422,2023-24,https://nces.ed.gov/ipeds/datacenter/data/IC2023_AY.zip,verified,2026-10-02,out_of_state,full_time_first_time_undergraduate,17622,13373,1089,17220,2937,,USD
costs,ipeds-110468,110468,2023-24,https://nces.ed.gov/ipeds/datacenter/data/IC2023_AY.zip,verified,2026-10-02,district,full_time_first_time_undergraduate,13608,310,938,,,,USD
costs,ipeds-110468,110468,2023-24,https://nces.ed.gov/ipeds/datacenter/data/IC2023_AY.zip,verified,2026-10-02,in_state,full_time_first_time_undergraduate,13608,310,938,,,,USD
costs,ipeds-110468,110468,2023-24,https://nces.ed.gov/ipeds/datacenter/data/IC2023_AY.zip,verified,2026-10-02,out_of_state,full_time_first_time_undergraduate,13608,310,938,,,,USD
costs,ipeds-110486,110486,2023-24,https://nces.ed.gov/ipeds/datacenter/data/IC2023_AY.zip,verified,2026-10-02,district,full_time_first_time_undergraduate,5742,1954,1068,14430,3782,,USD
costs,ipeds-110486,110486,2023-24,https://nces.ed.gov/ipeds/datacenter/data/IC2023_AY.zip,verified,2026-10-02,in_state,full_time_first_time_undergraduate,5742,1954,1068,14430,3782,,USD
costs,ipeds-110486,110486,2023-24,https://nces.ed.gov/ipeds/datacenter/data/IC2023_AY.zip,verified,2026-10-02,out_of_state,full_time_first_time_undergraduate,17622,1954,1068,14430,3782,,USD
costs,ipeds-110495,110495,2023-24,https://nces.ed.gov/ipeds/datacenter/data/IC2023_AY.zip,verified,2026-10-02,district,full_time_first_time_undergraduate,5742,2084,1038,12728,3714,,USD
costs,ipeds-110495,110495,2023-24,https://nces.ed.gov/ipeds/datacenter/data/IC2023_AY.zip,verified,2026-10-02,in_state,full_time_first_time_undergraduate,5742,2084,1038,12728,3714,,USD
costs,ipeds-110495,110495,2023-24,https://nces.ed.gov/ipeds/datacenter/data/IC2023_AY.zip,verified,2026-10-02,out_of_state,full_time_first_time_undergraduate,17622,2084,1038,12728,3714,,USD
costs,ipeds-110510,110510,2023-24,https://nces.ed.gov/ipeds/datacenter/data/IC2023_AY.zip,verified,2026-10-02,district,full_time_first_time_undergraduate,5742,1933,788,12996,3738,,USD
costs,ipeds-110510,110510,2023-24,https://nces.ed.gov/ipeds/datacenter/data/IC2023_AY.zip,verified,2026-10-02,in_state,full_time_first_time_undergraduate,5742,1933,788,12996,3738,,USD
costs,ipeds-110510,110510,2023-24,https://nces.ed.gov/ipeds/datacenter/data/IC2023_AY.zip,verified,2026-10-02,out_of_state,full_time_first_time_undergraduate,17622,1933,788,12996,3738,,USD
costs,ipeds-110529,110529,2023-24,https://nces.ed.gov/ipeds/datacenter/data/IC2023_AY.zip,verified,2026-10-02,district,full_time_first_time_undergraduate,5742,1697,995,16330,4041,,USD
costs,ipeds-110529,110529,2023-24,https://nces.ed.gov/ipeds/datacenter/data/IC2023_AY.zip,verified,2026-10-02,in_state,full_time_first_time_undergraduate,5742,1697,995,16330,4041,,USD
costs,ipeds-110529,110529,2023-24,https://nces.ed.gov/ipeds/datacenter/data/IC2023_AY.zip,verified,2026-10-02,out_of_state,full_time_first_time_undergraduate,17622,1697,995,16330,4041,,USD
costs,ipeds-110538,110538,2023-24,https://nces.ed.gov/ipeds/datacenter/data/IC2023_AY.zip,verified,2026-10-02,district,full_time_first_time_undergraduate,5742,2322,1052,16020,2894,,USD
costs,ipeds-110538,110538,2023-24,https://nces.ed.gov/ipeds/datacenter/data/IC2023_AY.zip,verified,2026-10-02,in_state,full_time_first_time_undergraduate,5742,2322,1052,16020,2894,,USD
costs,ipeds-110538,110538,2023-24,https://nces.ed.gov/ipeds/datacenter/data/IC2023_AY.zip,verified,2026-10-02,out_of_state,full_time_first_time_undergraduate,17622,2322,1052,16020,2894,,USD
costs,ipeds-110547,110547,2023-24,https://nces.ed.gov/ipeds/datacenter/data/IC2023_AY.zip,verified,2026-10-02,district,full_time_first_time_undergraduate,5742,1322,1106,16886,3714,,USD
costs,ipeds-110547,110547,2023-24,https://nces.ed.gov/ipeds/datacenter/data/IC2023_AY.zip,verified,2026-10-02,in_state,full_time_first_time_undergraduate,5742,1322,1106,16886,3714,,USD
costs,ipeds-110547,110547,2023-24,https://nces.ed.gov/ipeds/datacenter/data/IC2023_AY.zip,verified,2026-10-02,out_of_state,full_time_first_time_undergraduate,17622,1322,1106,16886,3714,,USD
costs,ipeds-110556,110556,2023-24,https://nces.ed.gov/ipeds/datacenter/data/IC2023_AY.zip,verified,2026-10-02,district,full_time_first_time_undergraduate,5742,1238,938,11634,4198,,USD
costs,ipeds-110556,110556,2023-24,https://nces.ed.gov/ipeds/datacenter/data/IC2023_AY.zip,verified,2026-10-02,in_state,full_time_first_time_undergraduate,5742,1238,938,11634,4198,,USD
costs,ipeds-110556,110556,2023-24,https://nces.ed.gov/ipeds/datacenter/data/IC2023_AY.zip,verified,2026-10-02,out_of_state,full_time_first_time_undergraduate,17622,1238,938,11634,4198,,USD
costs,ipeds-110565,110565,2023-24,https://nces.ed.gov/ipeds/datacenter/data/IC2023_AY.zip,verified,2026-10-02,district,full_time_first_time_undergraduate,5742,1331,965,18348,4254,,USD
costs,ipeds-110565,110565,2023-24,https://nces.ed.gov/ipeds/datacenter/data/IC2023_AY.zip,verified,2026-10-02,in_state,full_time_first_time_undergraduate,5742,1331,965,18348,4254,,USD
costs,ipeds-110565,110565,2023-24,https://nces.ed.gov/ipeds/datacenter/data/IC2023_AY.zip,verified,2026-10-02,out_of_state,full_time_first_time_undergraduate,17622,1331,965,18348,4254,,USD
costs,ipeds-110574,110574,2023-24,https://nces.ed.gov/ipeds/datacenter/data/IC2023_AY.zip,verified,2026-10-02,district,full_time_first_time_undergraduate,5742,1313,1003,16480,3978,,USD
costs,ipeds-110574,110574,2023-24,https://nces.ed.gov/ipeds/datacenter/data/IC2023_AY.zip,verified,2026-10-02,in_state,full_time_first_time_undergraduate,5742,1313,1003,16480,3978,,USD
costs,ipeds-110574,110574,2023-24,https://nces.ed.gov/ipeds/datacenter/data/IC2023_AY.zip,verified,2026-10-02,out_of_state,full_time_first_time_undergraduate,17622,1313,1003,16480,3978,,USD
costs,ipeds-110583,110583,2023-24,https://nces.ed.gov/ipeds/datacenter/data/IC2023_AY.zip,verified,2026-10-02,district,full_time_first_time_undergraduate,5742,1266,1490,15612,4306,,USD
costs,ipeds-110583,110583,2023-24,https://nces.ed.gov/ipeds/datacenter/data/IC2023_AY.zip,verified,2026-10-02,in_state,full_time_first_time_undergraduate,5742,1266,1490,15612,4306,,USD
costs,ipeds-110583,110583,2023-24,https://nces.ed.gov/ipeds/datacenter/data/IC2023_AY.zip,verified,2026-10-02,out_of_state,full_time_first_time_undergraduate,17622,1266,1490,15612,4306,,USD
costs,ipeds-110592,110592,2023-24,https://nces.ed.gov/ipeds/datacenter/data/IC2023_AY.zip,verified,2026-10-02,district,full_time_first_time_undergraduate,5742,1071,1011,18658,6858,,USD
costs,ipeds-110592,110592,2023-24,https://nces.ed.gov/ipeds/datacenter/data/IC2023_AY.zip,verified,2026-10-02,in_state,full_time_first_time_undergraduate,5742,1076,1011,18658,6858,,USD
costs,ipeds-110592,110592,2023-24,https://nces.ed.gov/ipeds/datacenter/data/IC2023_AY.zip,verified,2026-10-02,out_of_state,full_time_first_time_undergraduate,17622,1076,1011,18658,6858,,USD
costs,ipeds-110608,110608,2023-24,https://nces.ed.gov/ipeds/datacenter/data/IC2023_AY.zip,verified,2026-10-02,district,full_time_first_time_undergraduate,5742,1353,1284,12648,3244,,USD
costs,ipeds-110608,110608,2023-24,https://nces.ed.gov/ipeds/datacenter/data/IC2023_AY.zip,verified,2026-10-02,in_state,full_time_first_time_undergraduate,5742,1353,1284,12648,3244,,USD
costs,ipeds-110608,110608,2023-24,https://nces.ed.gov/ipeds/datacenter/data/IC2023_AY.zip,verified,2026-10-02,out_of_state,full_time_first_time_undergraduate,17622,1353,1284,12648,3244,,USD
costs,ipeds-110617,110617,2023-24,https://nces.ed.gov/ipeds/datacenter/data/IC2023_AY.zip,verified,2026-10-02,district,full_time_first_time_undergraduate,5742,1860,1112,16278,4426,,USD
costs,ipeds-110617,110617,2023-24,https://nces.ed.gov/ipeds/datacenter/data/IC2023_AY.zip,verified,2026-10-02,in_state,full_time_first_time_undergraduate,5742,1860,1112,16278,4426,,USD
costs,ipeds-110617,110617,2023-24,https://nces.ed.gov/ipeds/datacenter/data/IC2023_AY.zip,verified,2026-10-02,out_of_state,full_time_first_time_undergraduate,17622,1860,1112,16278,4426,,USD
costs,ipeds-110635,110635,2023-24,https://nces.ed.gov/ipeds/datacenter/data/IC2023_AY.zip,verified,2026-10-02,district,full_time_first_time_undergraduate,11834,3016,1273,22692,6238,,USD
costs,ipeds-110635,110635,2023-24,https://nces.ed.gov/ipeds/datacenter/data/IC2023_AY.zip,verified,2026-10-02,in_state,full_time_first_time_undergraduate,11834,3016,1273,22692,6238,,USD
costs,ipeds-110635,110635,2023-24,https://nces.ed.gov/ipeds/datacenter/data/IC2023_AY.zip,verified,2026-10-02,out_of_state,full_time_first_time_undergraduate,42611,3016,1273,22692,6238,,USD
costs,ipeds-110644,110644,2023-24,https://nces.ed.gov/ipeds/datacenter/data/IC2023_AY.zip,verified,2026-10-02,district,full_time_first_time_undergraduate,11834,3413,1381,19068,5359,,USD
costs,ipeds-110644,110644,2023-24,https://nces.ed.gov/ipeds/datacenter/data/IC2023_AY.zip,verified,2026-10-02,in_state,full_time_first_time_undergraduate,11834,3413,1381,19068,5359,,USD
costs,ipeds-110644,110644,2023-24,https://nces.ed.gov/ipeds/datacenter/data/IC2023_AY.zip,verified,2026-10-02,out_of_state,full_time_first_time_undergraduate,42611,3413,1381,19068,5359,,USD
costs,ipeds-110653,110653,2023-24,https://nces.ed.gov/ipeds/datacenter/data/IC2023_AY.zip,verified,2026-10-02,district,full_time_first_time_undergraduate,11834,2403,1550,18423,4841,,USD
costs,ipeds-110653,110653,2023-24,https://nces.ed.gov/ipeds/datacenter/data/IC2023_AY.zip,verified,2026-10-02,in_state,full_time_first_time_undergraduate,11834,2403,1550,18423,4841,,USD
costs,ipeds-110653,110653,2023-24,https://nces.ed.gov/ipeds/datacenter/data/IC2023_AY.zip,verified,2026-10-02,out_of_state,full_time_first_time_undergraduate,42611,2403,1550,18423,4841,,USD
costs,ipeds-110662,110662,2023-24,https://nces.ed.gov/ipeds/datacenter/data/IC2023_AY.zip,verified,2026-10-02,district,full_time_first_time_undergraduate,11834,1913,1574,17148,5562,,USD
costs,ipeds-110662,110662,2023-24,https://nces.ed.gov/ipeds/datacenter/data/IC2023_AY.zip,verified,2026-10-02,in_state,full_time_first_time_undergraduate,11834,1913,1574,17148,5562,,USD
costs,ipeds-110662,110662,2023-24,https://nces.ed.gov/ipeds/datacenter/data/IC2023_AY.zip,verified,2026-10-02,out_of_state,full_time_first_time_undergraduate,42611,1913,1574,17148,5562,,USD
costs,ipeds-110671,110671,2023-24,https://nces.ed.gov/ipeds/datacenter/data/IC2023_AY.zip,verified,2026-10-02,district,full_time_first_time_undergraduate,11834,2336,1748,19433,4934,,USD
costs,ipeds-110671,110671,2023-24,https://nces.ed.gov/ipeds/datacenter/data/IC2023_AY.zip,verified,2026-10-02,in_state,full_time_first_time_undergraduate,11834,2336,1748,19433,4934,,USD
costs,ipeds-110671,110671,2023-24,https://nces.ed.gov/ipeds/datacenter/data/IC2023_AY.zip,verified,2026-10-02,out_of_state,full_time_first_time_undergraduate,42611,2336,1748,19433,4934,,USD
costs,ipeds-110680,110680,2023-24,https://nces.ed.gov/ipeds/datacenter/data/IC2023_AY.zip,verified,2026-10-02,district,full_time_first_time_undergraduate,11834,3431,1307,17198,4735,,USD
costs,ipeds-110680,110680,2023-24,https://nces.ed.gov/ipeds/datacenter/data/IC2023_AY.zip,verified,2026-10-02,in_state,full_time_first_time_undergraduate,11834,3431,1307,17198,4735,,USD
costs,ipeds-110680,110680,2023-24,https://nces.ed.gov/ipeds/datacenter/data/IC2023_AY.zip,verified,2026-10-02,out_of_state,full_time_first_time_undergraduate,42611,3431,1307,17198,4735,,USD
costs,ipeds-110705,110705,2023-24,https://nces.ed.gov/ipeds/datacenter/data/IC2023_AY.zip,verified,2026-10-02,district,full_time_first_time_undergraduate,11834,3131,1482,18684,5456,,USD
costs,ipeds-110705,110705,2023-24,https://nces.ed.gov/ipeds/datacenter/data/IC2023_AY.zip,verified,2026-10-02,in_state,full_time_first_time_undergraduate,11834,3131,1482,18684,5456,,USD
costs,ipeds-110705,110705,2023-24,https://nces.ed.gov/ipeds/datacenter/data/IC2023_AY.zip,verified,2026-10-02,out_of_state,full_time_first_time_undergraduate,42611,3131,1482,18684,5456,,USD
costs,ipeds-110714,110714,2023-24,https://nces.ed.gov/ipeds/datacenter/data/IC2023_AY.zip,verified,2026-10-02,district,full_time_first_time_undergraduate,11834,2726,1315,18785,5646,,USD
costs,ipeds-110714,110714,2023-24,https://nces.ed.gov/ipeds/datacenter/data/IC2023_AY.zip,verified,2026-10-02,in_state,full_time_first_time_undergraduate,11834,2726,1315,18785,5646,,USD
costs,ipeds-110714,110714,2023-24,https://nces.ed.gov/ipeds/datacenter/data/IC2023_AY.zip,verified,2026-10-02,out_of_state,full_time_first_time_undergraduate,42611,2726,1315,18785,5646,,USD
costs,ipeds-111045,111045,2023-24,https://nces.ed.gov/ipeds/datacenter/data/IC2023_AY.zip,verified,2026-10-02,district,full_time_first_time_undergraduate,6500,510,900,,,,USD
costs,ipeds-111045,111045,2023-24,https://nces.ed.gov/ipeds/datacenter/data/IC2023_AY.zip,verified,2026-10-02,in_state,full_time_first_time_undergraduate,6500,510,900,,,,USD
costs,ipeds-111045,111045,2023-24,https://nces.ed.gov/ipeds/datacenter/data/IC2023_AY.zip,verified,2026-10-02,out_of_state,full_time_first_time_undergraduate,6500,510,900,,,,USD
costs,ipeds-111081,111081,2023-24,https://nces.ed.gov/ipeds/datacenter/data/IC2023_AY.zip,verified,2026-10-02,district,full_time_first_time_undergraduate,56074,650,938,12820,6826,,USD
costs,ipeds-111081,111081,2023-24,https://nces.ed.gov/ipeds/datacenter/data/IC2023_AY.zip,verified,2026-10-02,in_state,full_time_first_time_undergraduate,56074,650,938,12820,6826,,USD
costs,ipeds-111081,111081,2023-24,https://nces.ed.gov/ipeds/datacenter/data/IC2023_AY.zip,verified,2026-10-02,out_of_state,full_time_first_time_undergraduate,56074,650,938,12820,6826,,USD
costs,ipeds-111188,111188,2023-24,https://nces.ed.gov/ipeds/datacenter/data/IC2023_AY.zip,verified,2026-10-02,district,full_time_first_time_undergraduate,5742,1930,1032,13976,7382,,USD
costs,ipeds-111188,111188,2023-24,https://nces.ed.gov/ipeds/datacenter/data/IC2023_AY.zip,verified,2026-10-02,in_state,full_time_first_time_undergraduate,5742,1930,1032,13976,7382,,USD
costs,ipeds-111188,111188,2023-24,https://nces.ed.gov/ipeds/datacenter/data/IC2023_AY.zip,verified,2026-10-02,out_of_state,full_time_first_time_undergraduate,17622,1930,1032,13976,7382,,USD
costs,ipeds-111434,111434,2023-24,https://nces.ed.gov/ipeds/datacenter/data/IC2023_AY.zip,verified,2026-10-02,district,full_time_first_time_undergraduate,1288,44,1971,,,,USD
costs,ipeds-111434,111434,2023-24,https://nces.ed.gov/ipeds/datacenter/data/IC2023_AY.zip,verified,2026-10-02,in_state,full_time_first_time_undergraduate,1288,44,1971,,,,USD
costs,ipeds-111434,111434,2023-24,https://nces.ed.gov/ipeds/datacenter/data/IC2023_AY.zip,verified,2026-10-02,out_of_state,full_time_first_time_undergraduate,9464,44,1971,,,,USD
costs,ipeds-111461,111461,2023-24,https://nces.ed.gov/ipeds/datacenter/data/IC2023_AY.zip,verified,2026-10-02,district,full_time_first_time_undergraduate,1104,72,938,,,,USD
costs,ipeds-111461,111461,2023-24,https://nces.ed.gov/ipeds/datacenter/data/IC2023_AY.zip,verified,2026-10-02,in_state,full_time_first_time_undergraduate,1104,72,938,,,,USD
costs,ipeds-111461,111461,2023-24,https://nces.ed.gov/ipeds/datacenter/data/IC2023_AY.zip,verified,2026-10-02,out_of_state,full_time_first_time_undergraduate,11160,72,938,,,,USD
costs,ipeds-111887,111887,2023-24,https://nces.ed.gov/ipeds/datacenter/data/IC2023_AY.zip,verified,2026-10-02,district,full_time_first_time_undergraduate,1288,76,938,,,,USD
costs,ipeds-111887,111887,2023-24,https://nces.ed.gov/ipeds/datacenter/data/IC2023_AY.zip,verified,2026-10-02,in_state,full_time_first_time_undergraduate,1288,76,938,,,,USD
costs,ipeds-111887,111887,2023-24,https://nces.ed.gov/ipeds/datacenter/data/IC2023_AY.zip,verified,2026-10-02,out_of_state,full_time_first_time_undergraduate,11928,76,938,,,,USD
costs,ipeds-111896,111896,2023-24,https://nces.ed.gov/ipeds/datacenter/data/IC2023_AY.zip,verified,2026-10-02,district,full_time_first_time_undergraduate,1380,4,938,,,,USD
costs,ipeds-111896,111896,2023-24,https://nces.ed.gov/ipeds/datacenter/data/IC2023_AY.zip,verified,2026-10-02,in_state,full_time_first_time_undergraduate,1380,4,938,,,,USD
costs,ipeds-111896,111896,2023-24,https://nces.ed.gov/ipeds/datacenter/data/IC2023_AY.zip,verified,2026-10-02,out_of_state,full_time_first_time_undergraduate,10260,4,938,,,,USD
costs,ipeds-111920,111920,2023-24,https://nces.ed.gov/ipeds/datacenter/data/IC2023_AY.zip,verified,2026-10-02,district,full_time_first_time_undergraduate,1104,46,1152,,,,USD
costs,ipeds-111920,111920,2023-24,https://nces.ed.gov/ipeds/datacenter/data/IC2023_AY.zip,verified,2026-10-02,in_state,full_time_first_time_undergraduate,1104,46,1152,,,,USD
costs,ipeds-111920,111920,2023-24,https://nces.ed.gov/ipeds/datacenter/data/IC2023_AY.zip,verified,2026-10-02,out_of_state,full_time_first_time_undergraduate,8640,46,1152,,,,USD
costs,ipeds-111939,111939,2023-24,https://nces.ed.gov/ipeds/datacenter/data/IC2023_AY.zip,verified,2026-10-02,district,full_time_first_time_undergraduate,1104,80,938,,,,USD
costs,ipeds-111939,111939,2023-24,https://nces.ed.gov/ipeds/datacenter/data/IC2023_AY.zip,verified,2026-10-02,in_state,full_time_first_time_undergraduate,1104,80,938,,,,USD
costs,ipeds-111939,111939,2023-24,https://nces.ed.gov/ipeds/datacenter/data/IC2023_AY.zip,verified,2026-10-02,out_of_state,full_time_first_time_undergraduate,11040,80,938,,,,USD
costs,ipeds-111948,111948,2023-24,https://nces.ed.gov/ipeds/datacenter/data/IC2023_AY.zip,verified,2026-10-02,district,full_time_first_time_undergraduate,62400,384,1600,17378,3318,,USD
costs,ipeds-111948,111948,2023-24,https://nces.ed.gov/ipeds/datacenter/data/IC2023_AY.zip,verified,2026-10-02,in_state,full_time_first_time_undergraduate,62400,384,1600,17378,3318,,USD
costs,ipeds-111948,111948,2023-24,https://nces.ed.gov/ipeds/datacenter/data/IC2023_AY.zip,verified,2026-10-02,out_of_state,full_time_first_time_undergraduate,62400,384,1600,17378,3318,,USD
costs,ipeds-111966,111966,2023-24,https://nces.ed.gov/ipeds/datacenter/data/IC2023_AY.zip,verified,2026-10-02,district,full_time_first_time_undergraduate,18933,0,938,,,,USD
costs,ipeds-111966,111966,2023-24,https://nces.ed.gov/ipeds/datacenter/data/IC2023_AY.zip,verified,2026-10-02,in_state,full_time_first_time_undergraduate,18933,0,938,,,,USD
costs,ipeds-111966,111966,2023-24,https://nces.ed.gov/ipeds/datacenter/data/IC2023_AY.zip,verified,2026-10-02,out_of_state,full_time_first_time_undergraduate,18933,0,938,,,,USD
costs,ipeds-112075,112075,2023-24,https://nces.ed.gov/ipeds/datacenter/data/IC2023_AY.zip,verified,2026-10-02,district,full_time_first_time_undergraduate,40510,880,900,13330,4070,,USD
costs,ipeds-112075,112075,2023-24,https://nces.ed.gov/ipeds/datacenter/data/IC2023_AY.zip,verified,2026-10-02,in_state,full_time_first_time_undergraduate,40510,880,900,13330,4070,,USD
costs,ipeds-112075,112075,2023-24,https://nces.ed.gov/ipeds/datacenter/data/IC2023_AY.zip,verified,2026-10-02,out_of_state,full_time_first_time_undergraduate,40510,880,900,13330,4070,,USD
costs,ipeds-112084,112084,2023-24,https://nces.ed.gov/ipeds/datacenter/data/IC2023_AY.zip,verified,2026-10-02,district,full_time_first_time_undergraduate,24500,1800,1000,11080,5422,,USD
costs,ipeds-112084,112084,2023-24,https://nces.ed.gov/ipeds/datacenter/data/IC2023_AY.zip,verified,2026-10-02,in_state,full_time_first_time_undergraduate,24500,1800,1000,11080,5422,,USD
costs,ipeds-112084,112084,2023-24,https://nces.ed.gov/ipeds/datacenter/data/IC2023_AY.zip,verified,2026-10-02,out_of_state,full_time_first_time_undergraduate,24500,1800,1000,11080,5422,,USD
costs,ipeds-112172,112172,2023-24,https://nces.ed.gov/ipeds/datacenter/data/IC2023_AY.zip,verified,2026-10-02,district,full_time_first_time_undergraduate,1104,100,938,,,,USD
costs,ipeds-112172,112172,2023-24,https://nces.ed.gov/ipeds/datacenter/data/IC2023_AY.zip,verified,2026-10-02,in_state,full_time_first_time_undergraduate,1104,100,938,,,,USD
costs,ipeds-112172,112172,2023-24,https://nces.ed.gov/ipeds/datacenter/data/IC2023_AY.zip,verified,2026-10-02,out_of_state,full_time_first_time_undergraduate,9744,100,938,,,,USD
costs,ipeds-112190,112190,2023-24,https://nces.ed.gov/ipeds/datacenter/data/IC2023_AY.zip,verified,2026-10-02,district,full_time_first_time_undergraduate,0,1696,1233,,,,USD
costs,ipeds-112190,112190,2023-24,https://nces.ed.gov/ipeds/datacenter/data/IC2023_AY.zip,verified,2026-10-02,in_state,full_time_first_time_undergraduate,0,1696,1233,,,,USD
costs,ipeds-112190,112190,2023-24,https://nces.ed.gov/ipeds/datacenter/data/IC2023_AY.zip,verified,2026-10-02,out_of_state,full_time_first_time_undergraduate,12960,1696,1233,,,,USD
costs,ipeds-112260,112260,2023-24,https://nces.ed.gov/ipeds/datacenter/data/IC2023_AY.zip,verified,2026-10-02,district,full_time_first_time_undergraduate,63800,350,1200,19650,1500,,USD
costs,ipeds-112260,112260,2023-24,https://nces.ed.gov/ipeds/datacenter/data/IC2023_AY.zip,verified,2026-10-02,in_state,full_time_first_time_undergraduate,63800,350,1200,19650,1500,,USD
costs,ipeds-112260,112260,2023-24,https://nces.ed.gov/ipeds/datacenter/data/IC2023_AY.zip,verified,2026-10-02,out_of_state,full_time_first_time_undergraduate,63800,350,1200,19650,1500,,USD
costs,ipeds-112385,112385,2023-24,https://nces.ed.gov/ipeds/datacenter/data/IC2023_AY.zip,verified,2026-10-02,district,full_time_first_time_undergraduate,1104,76,1465,,,,USD
costs,ipeds-112385,112385,2023-24,https://nces.ed.gov/ipeds/datacenter/data/IC2023_AY.zip,verified,2026-10-02,in_state,full_time_first_time_undergraduate,1104,76,1465,,,,USD
costs,ipeds-112385,112385,2023-24,https://nces.ed.gov/ipeds/datacenter/data/IC2023_AY.zip,verified,2026-10-02,out_of_state,full_time_first_time_undergraduate,9888,76,1465,,,,USD
costs,ipeds-112394,112394,2023-24,https://nces.ed.gov/ipeds/datacenter/data/IC2023_AY.zip,verified,2026-10-02,district,full_time_first_time_undergraduate,21480,1000,834,19142,3816,,USD
costs,ipeds-112394,112394,2023-24,https://nces.ed.gov/ipeds/datacenter/data/IC2023_AY.zip,verified,2026-10-02,in_state,full_time_first_time_undergraduate,21480,1000,834,19142,3816,,USD
costs,ipeds-112394,112394,2023-24,https://nces.ed.gov/ipeds/datacenter/data/IC2023_AY.zip,verified,2026-10-02,out_of_state,full_time_first_time_undergraduate,21480,1000,834,19142,3816,,USD
costs,ipeds-112561,112561,2023-24,https://nces.ed.gov/ipeds/datacenter/data/IC2023_AY.zip,verified,2026-10-02,district,full_time_first_time_undergraduate,1465,82,940,,,,USD
costs,ipeds-112561,112561,2023-24,https://nces.ed.gov/ipeds/datacenter/data/IC2023_AY.zip,verified,2026-10-02,in_state,full_time_first_time_undergraduate,1465,82,940,,,,USD
costs,ipeds-112561,112561,2023-24,https://nces.ed.gov/ipeds/datacenter/data/IC2023_AY.zip,verified,2026-10-02,out_of_state,full_time_first_time_undergraduate,8788,82,940,,,,USD
costs,ipeds-112570,112570,2023-24,https://nces.ed.gov/ipeds/datacenter/data/IC2023_AY.zip,verified,2026-10-02,district,full_time_first_time_undergraduate,25680,495,1080,,,,USD
costs,ipeds-112570,112570,2023-24,https://nces.ed.gov/ipeds/datacenter/data/IC2023_AY.zip,verified,2026-10-02,in_state,full_time_first_time_undergraduate,25680,495,1080,,,,USD
costs,ipeds-112570,112570,2023-24,https://nces.ed.gov/ipeds/datacenter/data/IC2023_AY.zip,verified,2026-10-02,out_of_state,full_time_first_time_undergraduate,25680,495,1080,,,,USD
costs,ipeds-112686,112686,2023-24,https://nces.ed.gov/ipeds/datacenter/data/IC2023_AY.zip,verified,2026-10-02,district,full_time_first_time_undergraduate,1104,38,938,,,,USD
costs,ipeds-112686,112686,2023-24,https://nces.ed.gov/ipeds/datacenter/data/IC2023_AY.zip,verified,2026-10-02,in_state,full_time_first_time_undergraduate,1104,38,938,,,,USD
costs,ipeds-112686,112686,2023-24,https://nces.ed.gov/ipeds/datacenter/data/IC2023_AY.zip,verified,2026-10-02,out_of_state,full_time_first_time_undergraduate,8784,38,938,,,,USD
costs,ipeds-112826,112826,2023-24,https://nces.ed.gov/ipeds/datacenter/data/IC2023_AY.zip,verified,2026-10-02,district,full_time_first_time_undergraduate,1288,24,1190,,,,USD
costs,ipeds-112826,112826,2023-24,https://nces.ed.gov/ipeds/datacenter/data/IC2023_AY.zip,verified,2026-10-02,in_state,full_time_first_time_undergraduate,1288,24,1190,,,,USD
costs,ipeds-112826,112826,2023-24,https://nces.ed.gov/ipeds/datacenter/data/IC2023_AY.zip,verified,2026-10-02,out_of_state,full_time_first_time_undergraduate,8988,24,1190,,,,USD
costs,ipeds-113096,113096,2023-24,https://nces.ed.gov/ipeds/datacenter/data/IC2023_AY.zip,verified,2026-10-02,district,full_time_first_time_undergraduate,0,1288,1152,,,,USD
costs,ipeds-113096,113096,2023-24,https://nces.ed.gov/ipeds/datacenter/data/IC2023_AY.zip,verified,2026-10-02,in_state,full_time_first_time_undergraduate,0,1288,1152,,,,USD
costs,ipeds-113096,113096,2023-24,https://nces.ed.gov/ipeds/datacenter/data/IC2023_AY.zip,verified,2026-10-02,out_of_state,full_time_first_time_undergraduate,11520,1288,1152,,,,USD
costs,ipeds-113111,113111,2023-24,https://nces.ed.gov/ipeds/datacenter/data/IC2023_AY.zip,verified,2026-10-02,district,full_time_first_time_undergraduate,1104,84,938,,,,USD
costs,ipeds-113111,113111,2023-24,https://nces.ed.gov/ipeds/datacenter/data/IC2023_AY.zip,verified,2026-10-02,in_state,full_time_first_time_undergraduate,1104,84,938,,,,USD
costs,ipeds-113111,113111,2023-24,https://nces.ed.gov/ipeds/datacenter/data/IC2023_AY.zip,verified,2026-10-02,out_of_state,full_time_first_time_undergraduate,12144,176,938,,,,USD
costs,ipeds-113193,113193,2023-24,https://nces.ed.gov/ipeds/datacenter/data/IC2023_AY.zip,verified,2026-10-02,district,full_time_first_time_undergraduate,1288,52,1152,,,,USD
costs,ipeds-113193,113193,2023-24,https://nces.ed.gov/ipeds/datacenter/data/IC2023_AY.zip,verified,2026-10-02,in_state,full_time_first_time_undergraduate,1288,52,1152,,,,USD
costs,ipeds-113193,113193,2023-24,https://nces.ed.gov/ipeds/datacenter/data/IC2023_AY.zip,verified,2026-10-02,out_of_state,full_time_first_time_undergraduate,10948,52,1152,,,,USD
costs,ipeds-113218,113218,2023-24,https://nces.ed.gov/ipeds/datacenter/data/IC2023_AY.zip,verified,2026-10-02,district,full_time_first_time_undergraduate,1288,52,1200,,,,USD
costs,ipeds-113218,113218,2023-24,https://nces.ed.gov/ipeds/datacenter/data/IC2023_AY.zip,verified,2026-10-02,in_state,full_time_first_time_undergraduate,1288,52,1200,,,,USD
costs,ipeds-113218,113218,2023-24,https://nces.ed.gov/ipeds/datacenter/data/IC2023_AY.zip,verified,2026-10-02,out_of_state,full_time_first_time_undergraduate,10584,52,1200,,,,USD
costs,ipeds-113236,113236,2023-24,https://nces.ed.gov/ipeds/datacenter/data/IC2023_AY.zip,verified,2026-10-02,district,full_time_first_time_undergraduate,1104,46,2267,,,,USD
costs,ipeds-113236,113236,2023-24,https://nces.ed.gov/ipeds/datacenter/data/IC2023_AY.zip,verified,2026-10-02,in_state,full_time_first_time_undergraduate,1104,46,2267,,,,USD
costs,ipeds-113236,113236,2023-24,https://nces.ed.gov/ipeds/datacenter/data/IC2023_AY.zip,verified,2026-10-02,out_of_state,full_time_first_time_undergraduate,9312,87,2267,,,,USD
costs,ipeds-113333,113333,2023-24,https://nces.ed.gov/ipeds/datacenter/data/IC2023_AY.zip,verified,2026-10-02,district,full_time_first_time_undergraduate,1395,167,1794,,,,USD
costs,ipeds-113333,113333,2023-24,https://nces.ed.gov/ipeds/datacenter/data/IC2023_AY.zip,verified,2026-10-02,in_state,full_time_first_time_undergraduate,1395,167,1794,,,,USD
costs,ipeds-113333,113333,2023-24,https://nces.ed.gov/ipeds/datacenter/data/IC2023_AY.zip,verified,2026-10-02,out_of_state,full_time_first_time_undergraduate,12150,167,1794,,,,USD
costs,ipeds-113573,113573,2023-24,https://nces.ed.gov/ipeds/datacenter/data/IC2023_AY.zip,verified,2026-10-02,district,full_time_first_time_undergraduate,1288,38,938,,,,USD
costs,ipeds-113573,113573,2023-24,https://nces.ed.gov/ipeds/datacenter/data/IC2023_AY.zip,verified,2026-10-02,in_state,full_time_first_time_undergraduate,1288,38,938,,,,USD
costs,ipeds-113573,113573,2023-24,https://nces.ed.gov/ipeds/datacenter/data/IC2023_AY.zip,verified,2026-10-02,out_of_state,full_time_first_time_undergraduate,9548,38,938,,,,USD
costs,ipeds-113582,113582,2023-24,https://nces.ed.gov/ipeds/datacenter/data/IC2023_AY.zip,verified,2026-10-02,district,full_time_first_time_undergraduate,29250,100,938,,,,USD
costs,ipeds-113582,113582,2023-24,https://nces.ed.gov/ipeds/datacenter/data/IC2023_AY.zip,verified,2026-10-02,in_state,full_time_first_time_undergraduate,29250,100,938,,,,USD
costs,ipeds-113582,113582,2023-24,https://nces.ed.gov/ipeds/datacenter/data/IC2023_AY.zip,verified,2026-10-02,out_of_state,full_time_first_time_undergraduate,29250,100,938,,,,USD
costs,ipeds-113634,113634,2023-24,https://nces.ed.gov/ipeds/datacenter/data/IC2023_AY.zip,verified,2026-10-02,district,full_time_first_time_undergraduate,1288,24,1190,,,,USD
costs,ipeds-113634,113634,2023-24,https://nces.ed.gov/ipeds/datacenter/data/IC2023_AY.zip,verified,2026-10-02,in_state,full_time_first_time_undergraduate,1288,24,1190,,,,USD
costs,ipeds-113634,113634,2023-24,https://nces.ed.gov/ipeds/datacenter/data/IC2023_AY.zip,verified,2026-10-02,out_of_state,full_time_first_time_undergraduate,8988,24,1190,,,,USD
costs,ipeds-113698,113698,2023-24,https://nces.ed.gov/ipeds/datacenter/data/IC2023_AY.zip,verified,2026-10-02,district,full_time_first_time_undergraduate,49821,845,1152,15986,3122,,USD
costs,ipeds-113698,113698,2023-24,https://nces.ed.gov/ipeds/datacenter/data/IC2023_AY.zip,verified,2026-10-02,in_state,full_time_first_time_undergraduate,49821,845,1152,15986,3122,,USD
costs,ipeds-113698,113698,2023-24,https://nces.ed.gov/ipeds/datacenter/data/IC2023_AY.zip,verified,2026-10-02,out_of_state,full_time_first_time_undergraduate,49821,845,1152,15986,3122,,USD
costs,ipeds-113856,113856,2023-24,https://nces.ed.gov/ipeds/datacenter/data/IC2023_AY.zip,verified,2026-10-02,district,full_time_first_time_undergraduate,1196,42,938,,,,USD
costs,ipeds-113856,113856,2023-24,https://nces.ed.gov/ipeds/datacenter/data/IC2023_AY.zip,verified,2026-10-02,in_state,full_time_first_time_undergraduate,1196,42,938,,,,USD
costs,ipeds-113856,113856,2023-24,https://nces.ed.gov/ipeds/datacenter/data/IC2023_AY.zip,verified,2026-10-02,out_of_state,full_time_first_time_undergraduate,10088,42,938,,,,USD
costs,ipeds-113980,113980,2023-24,https://nces.ed.gov/ipeds/datacenter/data/IC2023_AY.zip,verified,2026-10-02,district,full_time_first_time_undergraduate,1104,40,2136,,,,USD
costs,ipeds-113980,113980,2023-24,https://nces.ed.gov/ipeds/datacenter/data/IC2023_AY.zip,verified,2026-10-02,in_state,full_time_first_time_undergraduate,1104,40,2136,,,,USD
costs,ipeds-113980,113980,2023-24,https://nces.ed.gov/ipeds/datacenter/data/IC2023_AY.zip,verified,2026-10-02,out_of_state,full_time_first_time_undergraduate,7104,40,2136,,,,USD
costs,ipeds-114266,114266,2023-24,https://nces.ed.gov/ipeds/datacenter/data/IC2023_AY.zip,verified,2026-10-02,district,full_time_first_time_undergraduate,1288,78,2727,,,,USD
costs,ipeds-114266,114266,2023-24,https://nces.ed.gov/ipeds/datacenter/data/IC2023_AY.zip,verified,2026-10-02,in_state,full_time_first_time_undergraduate,1288,78,2727,,,,USD
costs,ipeds-114266,114266,2023-24,https://nces.ed.gov/ipeds/datacenter/data/IC2023_AY.zip,verified,2026-10-02,out_of_state,full_time_first_time_undergraduate,8592,126,2727,,,,USD
costs,ipeds-114354,114354,2023-24,https://nces.ed.gov/ipeds/datacenter/data/IC2023_AY.zip,verified,2026-10-02,district,full_time_first_time_undergraduate,31725,2600,2183,,,,USD
costs,ipeds-114354,114354,2023-24,https://nces.ed.gov/ipeds/datacenter/data/IC2023_AY.zip,verified,2026-10-02,in_state,full_time_first_time_undergraduate,31725,2600,2183,,,,USD
costs,ipeds-114354,114354,2023-24,https://nces.ed.gov/ipeds/datacenter/data/IC2023_AY.zip,verified,2026-10-02,out_of_state,full_time_first_time_undergraduate,31725,2600,2183,,,,USD
costs,ipeds-114433,114433,2023-24,https://nces.ed.gov/ipeds/datacenter/data/IC2023_AY.zip,verified,2026-10-02,district,full_time_first_time_undergraduate,1380,85,938,12421,3978,,USD
costs,ipeds-114433,114433,2023-24,https://nces.ed.gov/ipeds/datacenter/data/IC2023_AY.zip,verified,2026-10-02,in_state,full_time_first_time_undergraduate,1380,85,938,12421,3978,,USD
costs,ipeds-114433,114433,2023-24,https://nces.ed.gov/ipeds/datacenter/data/IC2023_AY.zip,verified,2026-10-02,out_of_state,full_time_first_time_undergraduate,9840,85,938,12421,3978,,USD
costs,ipeds-114716,114716,2023-24,https://nces.ed.gov/ipeds/datacenter/data/IC2023_AY.zip,verified,2026-10-02,district,full_time_first_time_undergraduate,1395,170,1794,,,,USD
costs,ipeds-114716,114716,2023-24,https://nces.ed.gov/ipeds/datacenter/data/IC2023_AY.zip,verified,2026-10-02,in_state,full_time_first_time_undergraduate,1395,170,1794,,,,USD
costs,ipeds-114716,114716,2023-24,https://nces.ed.gov/ipeds/datacenter/data/IC2023_AY.zip,verified,2026-10-02,out_of_state,full_time_first_time_undergraduate,12150,170,1794,,,,USD
costs,ipeds-114789,114789,2023-24,https://nces.ed.gov/ipeds/datacenter/data/IC2023_AY.zip,verified,2026-10-02,district,full_time_first_time_undergraduate,1288,46,1980,,,,USD
costs,ipeds-114789,114789,2023-24,https://nces.ed.gov/ipeds/datacenter/data/IC2023_AY.zip,verified,2026-10-02,in_state,full_time_first_time_undergraduate,1288,46,1980,,,,USD
costs,ipeds-114789,114789,2023-24,https://nces.ed.gov/ipeds/datacenter/data/IC2023_AY.zip,verified,2026-10-02,out_of_state,full_time_first_time_undergraduate,9408,46,1980,,,,USD
costs,ipeds-114813,114813,2023-24,https://nces.ed.gov/ipeds/datacenter/data/IC2023_AY.zip,verified,2026-10-02,district,full_time_first_time_undergraduate,34960,598,1080,10148,2609,,USD
costs,ipeds-114813,114813,2023-24,https://nces.ed.gov/ipeds/datacenter/data/IC2023_AY.zip,verified,2026-10-02,in_state,full_time_first_time_undergraduate,34960,598,1080,10148,2609,,USD
costs,ipeds-114813,114813,2023-24,https://nces.ed.gov/ipeds/datacenter/data/IC2023_AY.zip,verified,2026-10-02,out_of_state,full_time_first_time_undergraduate,34960,598,1080,10148,2609,,USD
costs,ipeds-114859,114859,2023-24,https://nces.ed.gov/ipeds/datacenter/data/IC2023_AY.zip,verified,2026-10-02,district,full_time_first_time_undergraduate,1104,46,2267,,,,USD
costs,ipeds-114859,114859,2023-24,https://nces.ed.gov/ipeds/datacenter/data/IC2023_AY.zip,verified,2026-10-02,in_state,full_time_first_time_undergraduate,1104,46,2267,,,,USD
costs,ipeds-114859,114859,2023-24,https://nces.ed.gov/ipeds/datacenter/data/IC2023_AY.zip,verified,2026-10-02,out_of_state,full_time_first_time_undergraduate,9312,87,2267,,,,USD
costs,ipeds-114938,114938,2023-24,https://nces.ed.gov/ipeds/datacenter/data/IC2023_AY.zip,verified,2026-10-02,district,full_time_first_time_undergraduate,1444,62,938,,,,USD
costs,ipeds-114938,114938,2023-24,https://nces.ed.gov/ipeds/datacenter/data/IC2023_AY.zip,verified,2026-10-02,in_state,full_time_first_time_undergraduate,1444,62,938,,,,USD
costs,ipeds-114938,114938,2023-24,https://nces.ed.gov/ipeds/datacenter/data/IC2023_AY.zip,verified,2026-10-02,out_of_state,full_time_first_time_undergraduate,12184,62,938,,,,USD
costs,ipeds-115001,115001,2023-24,https://nces.ed.gov/ipeds/datacenter/data/IC2023_AY.zip,verified,2026-10-02,district,full_time_first_time_undergraduate,1104,77,938,,,,USD
costs,ipeds-115001,115001,2023-24,https://nces.ed.gov/ipeds/datacenter/data/IC2023_AY.zip,verified,2026-10-02,in_state,full_time_first_time_undergraduate,1104,77,938,,,,USD
costs,ipeds-115001,115001,2023-24,https://nces.ed.gov/ipeds/datacenter/data/IC2023_AY.zip,verified,2026-10-02,out_of_state,full_time_first_time_undergraduate,8304,77,938,,,,USD
costs,ipeds-115083,115083,2023-24,https://nces.ed.gov/ipeds/datacenter/data/IC2023_AY.zip,verified,2026-10-02,district,full_time_first_time_undergraduate,30988,255,1920,,,,USD
costs,ipeds-115083,115083,2023-24,https://nces.ed.gov/ipeds/datacenter/data/IC2023_AY.zip,verified,2026-10-02,in_state,full_time_first_time_undergraduate,30988,255,1920,,,,USD
costs,ipeds-115083,115083,2023-24,https://nces.ed.gov/ipeds/datacenter/data/IC2023_AY.zip,verified,2026-10-02,out_of_state,full_time_first_time_undergraduate,30988,255,1920,,,,USD
costs,ipeds-115126,115126,2023-24,https://nces.ed.gov/ipeds/datacenter/data/IC2023_AY.zip,verified,2026-10-02,district,full_time_first_time_undergraduate,1104,92,1465,,,,USD
costs,ipeds-115126,115126,2023-24,https://nces.ed.gov/ipeds/datacenter/data/IC2023_AY.zip,verified,2026-10-02,in_state,full_time_first_time_undergraduate,1104,92,1465,,,,USD
costs,ipeds-115126,115126,2023-24,https://nces.ed.gov/ipeds/datacenter/data/IC2023_AY.zip,verified,2026-10-02,out_of_state,full_time_first_time_undergraduate,10992,92,1465,,,,USD
costs,ipeds-115296,115296,2023-24,https://nces.ed.gov/ipeds/datacenter/data/IC2023_AY.zip,verified,2026-10-02,district,full_time_first_time_undergraduate,1288,44,1200,,,,USD
costs,ipeds-115296,115296,2023-24,https://nces.ed.gov/ipeds/datacenter/data/IC2023_AY.zip,verified,2026-10-02,in_state,full_time_first_time_undergraduate,1288,44,1200,,,,USD
costs,ipeds-115296,115296,2023-24,https://nces.ed.gov/ipeds/datacenter/data/IC2023_AY.zip,verified,2026-10-02,out_of_state,full_time_first_time_undergraduate,10584,44,1200,,,,USD
costs,ipeds-115393,115393,2023-24,https://nces.ed.gov/ipeds/datacenter/data/IC2023_AY.zip,verified,2026-10-02,district,full_time_first_time_undergraduate,1380,24,938,,,,USD
costs,ipeds-115393,115393,2023-24,https://nces.ed.gov/ipeds/datacenter/data/IC2023_AY.zip,verified,2026-10-02,in_state,full_time_first_time_undergraduate,1380,24,938,,,,USD
costs,ipeds-115393,115393,2023-24,https://nces.ed.gov/ipeds/datacenter/data/IC2023_AY.zip,verified,2026-10-02,out_of_state,full_time_first_time_undergraduate,8970,24,938,,,,USD
costs,ipeds-115409,115409,2023-24,https://nces.ed.gov/ipeds/datacenter/data/IC2023_AY.zip,verified,2026-10-02,district,full_time_first_time_undergraduate,65954,301,800,21710,1400,,USD
costs,ipeds-115409,115409,2023-24,https://nces.ed.gov/ipeds/datacenter/data/IC2023_AY.zip,verified,2026-10-02,in_state,full_time_first_time_undergraduate,65954,301,800,21710,1400,,USD
costs,ipeds-115409,115409,2023-24,https://nces.ed.gov/ipeds/datacenter/data/IC2023_AY.zip,verified,2026-10-02,out_of_state,full_time_first_time_undergraduate,65954,301,800,21710,1400,,USD
costs,ipeds-115755,115755,2023-24,https://nces.ed.gov/ipeds/datacenter/data/IC2023_AY.zip,verified,2026-10-02,district,full_time_first_time_undergraduate,5742,2171,836,13166,3742,,USD
costs,ipeds-115755,115755,2023-24,https://nces.ed.gov/ipeds/datacenter/data/IC2023_AY.zip,verified,2026-10-02,in_state,full_time_first_time_undergraduate,5742,2171,836,13166,3742,,USD
costs,ipeds-115755,115755,2023-24,https://nces.ed.gov/ipeds/datacenter/data/IC2023_AY.zip,verified,2026-10-02,out_of_state,full_time_first_time_undergraduate,17622,2171,836,13166,3742,,USD
costs,ipeds-115773,115773,2023-24,https://nces.ed.gov/ipeds/datacenter/data/IC2023_AY.zip,verified,2026-10-02,district,full_time_first_time_undergraduate,14760,0,938,,,,USD
costs,ipeds-115773,115773,2023-24,https://nces.ed.gov/ipeds/datacenter/data/IC2023_AY.zip,verified,2026-10-02,in_state,full_time_first_time_undergraduate,14760,0,938,,,,USD
costs,ipeds-115773,115773,2023-24,https://nces.ed.gov/ipeds/datacenter/data/IC2023_AY.zip,verified,2026-10-02,out_of_state,full_time_first_time_undergraduate,14760,0,938,,,,USD
costs,ipeds-115861,115861,2023-24,https://nces.ed.gov/ipeds/datacenter/data/IC2023_AY.zip,verified,2026-10-02,district,full_time_first_time_undergraduate,1104,22,938,7471,6192,,USD
costs,ipeds-115861,115861,2023-24,https://nces.ed.gov/ipeds/datacenter/data/IC2023_AY.zip,verified,2026-10-02,in_state,full_time_first_time_undergraduate,1104,22,938,7471,6192,,USD
costs,ipeds-115861,115861,2023-24,https://nces.ed.gov/ipeds/datacenter/data/IC2023_AY.zip,verified,2026-10-02,out_of_state,full_time_first_time_undergraduate,7968,22,938,7471,6192,,USD
costs,ipeds-116226,116226,2023-24,https://nces.ed.gov/ipeds/datacenter/data/IC2023_AY.zip,verified,2026-10-02,district,full_time_first_time_undergraduate,19950,300,1510,,,,USD
costs,ipeds-116226,116226,2023-24,https://nces.ed.gov/ipeds/datacenter/data/IC2023_AY.zip,verified,2026-10-02,in_state,full_time_first_time_undergraduate,19950,300,1510,,,,USD
costs,ipeds-116226,116226,2023-24,https://nces.ed.gov/ipeds/datacenter/data/IC2023_AY.zip,verified,2026-10-02,out_of_state,full_time_first_time_undergraduate,19950,300,1510,,,,USD
costs,ipeds-116439,116439,2023-24,https://nces.ed.gov/ipeds/datacenter/data/IC2023_AY.zip,verified,2026-10-02,district,full_time_first_time_undergraduate,1104,52,938,,,,USD
costs,ipeds-116439,116439,2023-24,https://nces.ed.gov/ipeds/datacenter/data/IC2023_AY.zip,verified,2026-10-02,in_state,full_time_first_time_undergraduate,1104,52,938,,,,USD
costs,ipeds-116439,116439,2023-24,https://nces.ed.gov/ipeds/datacenter/data/IC2023_AY.zip,verified,2026-10-02,out_of_state,full_time_first_time_undergraduate,10944,52,938,,,,USD
costs,ipeds-117052,117052,2023-24,https://nces.ed.gov/ipeds/datacenter/data/IC2023_AY.zip,verified,2026-10-02,district,full_time_first_time_undergraduate,1288,46,1980,7100,7506,,USD
costs,ipeds-117052,117052,2023-24,https://nces.ed.gov/ipeds/datacenter/data/IC2023_AY.zip,verified,2026-10-02,in_state,full_time_first_time_undergraduate,1288,46,1980,7100,7506,,USD
costs,ipeds-117052,117052,2023-24,https://nces.ed.gov/ipeds/datacenter/data/IC2023_AY.zip,verified,2026-10-02,out_of_state,full_time_first_time_undergraduate,9408,46,1980,7100,7506,,USD
costs,ipeds-117104,117104,2023-24,https://nces.ed.gov/ipeds/datacenter/data/IC2023_AY.zip,verified,2026-10-02,district,full_time_first_time_undergraduate,19512,950,938,11863,3978,,USD
costs,ipeds-117104,117104,2023-24,https://nces.ed.gov/ipeds/datacenter/data/IC2023_AY.zip,verified,2026-10-02,in_state,full_time_first_time_undergraduate,19512,950,938,11863,3978,,USD
costs,ipeds-117104,117104,2023-24,https://nces.ed.gov/ipeds/datacenter/data/IC2023_AY.zip,verified,2026-10-02,out_of_state,full_time_first_time_undergraduate,19512,950,938,11863,3978,,USD
costs,ipeds-117140,117140,2023-24,https://nces.ed.gov/ipeds/datacenter/data/IC2023_AY.zip,verified,2026-10-02,district,full_time_first_time_undergraduate,45850,1150,1152,15180,3122,,USD
costs,ipeds-117140,117140,2023-24,https://nces.ed.gov/ipeds/datacenter/data/IC2023_AY.zip,verified,2026-10-02,in_state,full_time_first_time_undergraduate,45850,1150,1152,15180,3122,,USD
costs,ipeds-117140,117140,2023-24,https://nces.ed.gov/ipeds/datacenter/data/IC2023_AY.zip,verified,2026-10-02,out_of_state,full_time_first_time_undergraduate,45850,1150,1152,15180,3122,,USD
costs,ipeds-117168,117168,2023-24,https://nces.ed.gov/ipeds/datacenter/data/IC2023_AY.zip,verified,2026-10-02,district,full_time_first_time_undergraduate,35650,0,2324,18071,3528,,USD
costs,ipeds-117168,117168,2023-24,https://nces.ed.gov/ipeds/datacenter/data/IC2023_AY.zip,verified,2026-10-02,in_state,full_time_first_time_undergraduate,35650,0,2324,18071,3528,,USD
costs,ipeds-117168,117168,2023-24,https://nces.ed.gov/ipeds/datacenter/data/IC2023_AY.zip,verified,2026-10-02,out_of_state,full_time_first_time_undergraduate,35650,0,2324,18071,3528,,USD
costs,ipeds-117195,117195,2023-24,https://nces.ed.gov/ipeds/datacenter/data/IC2023_AY.zip,verified,2026-10-02,district,full_time_first_time_undergraduate,1116,15,1971,11751,5274,,USD
costs,ipeds-117195,117195,2023-24,https://nces.ed.gov/ipeds/datacenter/data/IC2023_AY.zip,verified,2026-10-02,in_state,full_time_first_time_undergraduate,1116,15,1971,11751,5274,,USD
costs,ipeds-117195,117195,2023-24,https://nces.ed.gov/ipeds/datacenter/data/IC2023_AY.zip,verified,2026-10-02,out_of_state,full_time_first_time_undergraduate,11052,15,1971,11751,5274,,USD
costs,ipeds-117247,117247,2023-24,https://nces.ed.gov/ipeds/datacenter/data/IC2023_AY.zip,verified,2026-10-02,district,full_time_first_time_undergraduate,1104,44,1724,,,,USD
costs,ipeds-117247,117247,2023-24,https://nces.ed.gov/ipeds/datacenter/data/IC2023_AY.zip,verified,2026-10-02,in_state,full_time_first_time_undergraduate,1104,44,1724,,,,USD
costs,ipeds-117247,117247,2023-24,https://nces.ed.gov/ipeds/datacenter/data/IC2023_AY.zip,verified,2026-10-02,out_of_state,full_time_first_time_undergraduate,8472,212,1724,,,,USD
costs,ipeds-117274,117274,2023-24,https://nces.ed.gov/ipeds/datacenter/data/IC2023_AY.zip,verified,2026-10-02,district,full_time_first_time_undergraduate,1104,40,938,12300,3980,,USD
costs,ipeds-117274,117274,2023-24,https://nces.ed.gov/ipeds/datacenter/data/IC2023_AY.zip,verified,2026-10-02,in_state,full_time_first_time_undergraduate,1104,40,938,12300,3980,,USD
costs,ipeds-117274,117274,2023-24,https://nces.ed.gov/ipeds/datacenter/data/IC2023_AY.zip,verified,2026-10-02,out_of_state,full_time_first_time_undergraduate,8184,40,938,12300,3980,,USD
costs,ipeds-117283,117283,2023-24,https://nces.ed.gov/ipeds/datacenter/data/IC2023_AY.zip,verified,2026-10-02,district,full_time_first_time_undergraduate,10950,1370,650,9200,500,,USD
costs,ipeds-117283,117283,2023-24,https://nces.ed.gov/ipeds/datacenter/data/IC2023_AY.zip,verified,2026-10-02,in_state,full_time_first_time_undergraduate,10950,1370,650,9200,500,,USD
costs,ipeds-117283,117283,2023-24,https://nces.ed.gov/ipeds/datacenter/data/IC2023_AY.zip,verified,2026-10-02,out_of_state,full_time_first_time_undergraduate,10950,1370,650,9200,500,,USD
costs,ipeds-117557,117557,2023-24,https://nces.ed.gov/ipeds/datacenter/data/IC2023_AY.zip,verified,2026-10-02,district,full_time_first_time_undergraduate,10920,500,850,,,,USD
costs,ipeds-117557,117557,2023-24,https://nces.ed.gov/ipeds/datacenter/data/IC2023_AY.zip,verified,2026-10-02,in_state,full_time_first_time_undergraduate,10920,500,850,,,,USD
costs,ipeds-117557,117557,2023-24,https://nces.ed.gov/ipeds/datacenter/data/IC2023_AY.zip,verified,2026-10-02,out_of_state,full_time_first_time_undergraduate,10920,500,850,,,,USD
costs,ipeds-117575,117575,2023-24,https://nces.ed.gov/ipeds/datacenter/data/IC2023_AY.zip,verified,2026-10-02,district,full_time_first_time_undergraduate,17280,1440,938,15471,3978,,USD
costs,ipeds-117575,117575,2023-24,https://nces.ed.gov/ipeds/datacenter/data/IC2023_AY.zip,verified,2026-10-02,in_state,full_time_first_time_undergraduate,17280,1440,938,15471,3978,,USD
costs,ipeds-117575,117575,2023-24,https://nces.ed.gov/ipeds/datacenter/data/IC2023_AY.zip,verified,2026-10-02,out_of_state,full_time_first_time_undergraduate,17280,1440,938,15471,3978,,USD
costs,ipeds-117627,117627,2023-24,https://nces.ed.gov/ipeds/datacenter/data/IC2023_AY.zip,verified,2026-10-02,district,full_time_first_time_undergraduate,34920,990,1350,11670,3978,,USD
costs,ipeds-117627,117627,2023-24,https://nces.ed.gov/ipeds/datacenter/data/IC2023_AY.zip,verified,2026-10-02,in_state,full_time_first_time_undergraduate,34920,990,1350,11670,3978,,USD
costs,ipeds-117627,117627,2023-24,https://nces.ed.gov/ipeds/datacenter/data/IC2023_AY.zip,verified,2026-10-02,out_of_state,full_time_first_time_undergraduate,34920,990,1350,11670,3978,,USD
costs,ipeds-117645,117645,2023-24,https://nces.ed.gov/ipeds/datacenter/data/IC2023_AY.zip,verified,2026-10-02,district,full_time_first_time_undergraduate,1472,84,1152,,,,USD
costs,ipeds-117645,117645,2023-24,https://nces.ed.gov/ipeds/datacenter/data/IC2023_AY.zip,verified,2026-10-02,in_state,full_time_first_time_undergraduate,1472,84,1152,,,,USD
costs,ipeds-117645,117645,2023-24,https://nces.ed.gov/ipeds/datacenter/data/IC2023_AY.zip,verified,2026-10-02,out_of_state,full_time_first_time_undergraduate,11356,84,1152,,,,USD
costs,ipeds-117672,117672,2023-24,https://nces.ed.gov/ipeds/datacenter/data/IC2023_AY.zip,verified,2026-10-02,district,full_time_first_time_undergraduate,9900,869,1152,,,,USD
costs,ipeds-117672,117672,2023-24,https://nces.ed.gov/ipeds/datacenter/data/IC2023_AY.zip,verified,2026-10-02,in_state,full_time_first_time_undergraduate,9900,869,1152,,,,USD
costs,ipeds-117672,117672,2023-24,https://nces.ed.gov/ipeds/datacenter/data/IC2023_AY.zip,verified,2026-10-02,out_of_state,full_time_first_time_undergraduate,9900,869,1152,,,,USD
costs,ipeds-117690,117690,2023-24,https://nces.ed.gov/ipeds/datacenter/data/IC2023_AY.zip,verified,2026-10-02,district,full_time_first_time_undergraduate,1196,42,938,,,,USD
costs,ipeds-117690,117690,2023-24,https://nces.ed.gov/ipeds/datacenter/data/IC2023_AY.zip,verified,2026-10-02,in_state,full_time_first_time_undergraduate,1196,42,938,,,,USD
costs,ipeds-117690,117690,2023-24,https://nces.ed.gov/ipeds/datacenter/data/IC2023_AY.zip,verified,2026-10-02,out_of_state,full_time_first_time_undergraduate,10008,42,938,,,,USD
costs,ipeds-117706,117706,2023-24,https://nces.ed.gov/ipeds/datacenter/data/IC2023_AY.zip,verified,2026-10-02,district,full_time_first_time_undergraduate,1196,42,938,,,,USD
costs,ipeds-117706,117706,2023-24,https://nces.ed.gov/ipeds/datacenter/data/IC2023_AY.zip,verified,2026-10-02,in_state,full_time_first_time_undergraduate,1196,42,938,,,,USD
costs,ipeds-117706,117706,2023-24,https://nces.ed.gov/ipeds/datacenter/data/IC2023_AY.zip,verified,2026-10-02,out_of_state,full_time_first_time_undergraduate,10088,42,938,,,,USD
costs,ipeds-117715,117715,2023-24,https://nces.ed.gov/ipeds/datacenter/data/IC2023_AY.zip,verified,2026-10-02,district,full_time_first_time_undergraduate,1196,42,938,,,,USD
costs,ipeds-117715,117715,2023-24,https://nces.ed.gov/ipeds/datacenter/data/IC2023_AY.zip,verified,2026-10-02,in_state,full_time_first_time_undergraduate,1196,42,938,,,,USD
costs,ipeds-117715,117715,2023-24,https://nces.ed.gov/ipeds/datacenter/data/IC2023_AY.zip,verified,2026-10-02,out_of_state,full_time_first_time_undergraduate,10088,42,938,,,,USD
costs,ipeds-117724,117724,2023-24,https://nces.ed.gov/ipeds/datacenter/data/IC2023_AY.zip,verified,2026-10-02,district,full_time_first_time_undergraduate,1196,42,938,,,,USD
costs,ipeds-117724,117724,2023-24,https://nces.ed.gov/ipeds/datacenter/data/IC2023_AY.zip,verified,2026-10-02,in_state,full_time_first_time_undergraduate,1196,42,938,,,,USD
costs,ipeds-117724,117724,2023-24,https://nces.ed.gov/ipeds/datacenter/data/IC2023_AY.zip,verified,2026-10-02,out_of_state,full_time_first_time_undergraduate,10088,42,938,,,,USD
costs,ipeds-117733,117733,2023-24,https://nces.ed.gov/ipeds/datacenter/data/IC2023_AY.zip,verified,2026-10-02,district,full_time_first_time_undergraduate,1196,42,938,,,,USD
costs,ipeds-117733,117733,2023-24,https://nces.ed.gov/ipeds/datacenter/data/IC2023_AY.zip,verified,2026-10-02,in_state,full_time_first_time_undergraduate,1196,42,938,,,,USD
costs,ipeds-117733,117733,2023-24,https://nces.ed.gov/ipeds/datacenter/data/IC2023_AY.zip,verified,2026-10-02,out_of_state,full_time_first_time_undergraduate,10088,42,938,,,,USD
costs,ipeds-117751,117751,2023-24,https://nces.ed.gov/ipeds/datacenter/data/IC2023_AY.zip,verified,2026-10-02,district,full_time_first_time_undergraduate,35950,980,938,13700,2872,,USD
costs,ipeds-117751,117751,2023-24,https://nces.ed.gov/ipeds/datacenter/data/IC2023_AY.zip,verified,2026-10-02,in_state,full_time_first_time_undergraduate,35950,980,938,13700,2872,,USD
costs,ipeds-117751,117751,2023-24,https://nces.ed.gov/ipeds/datacenter/data/IC2023_AY.zip,verified,2026-10-02,out_of_state,full_time_first_time_undergraduate,35950,980,938,13700,2872,,USD
costs,ipeds-117788,117788,2023-24,https://nces.ed.gov/ipeds/datacenter/data/IC2023_AY.zip,verified,2026-10-02,district,full_time_first_time_undergraduate,1196,42,938,,,,USD
costs,ipeds-117788,117788,2023-24,https://nces.ed.gov/ipeds/datacenter/data/IC2023_AY.zip,verified,2026-10-02,in_state,full_time_first_time_undergraduate,1196,42,938,,,,USD
costs,ipeds-117788,117788,2023-24,https://nces.ed.gov/ipeds/datacenter/data/IC2023_AY.zip,verified,2026-10-02,out_of_state,full_time_first_time_undergraduate,10088,42,938,,,,USD
costs,ipeds-117867,117867,2023-24,https://nces.ed.gov/ipeds/datacenter/data/IC2023_AY.zip,verified,2026-10-02,district,full_time_first_time_undergraduate,1196,42,938,,,,USD
costs,ipeds-117867,117867,2023-24,https://nces.ed.gov/ipeds/datacenter/data/IC2023_AY.zip,verified,2026-10-02,in_state,full_time_first_time_undergraduate,1196,42,938,,,,USD
costs,ipeds-117867,117867,2023-24,https://nces.ed.gov/ipeds/datacenter/data/IC2023_AY.zip,verified,2026-10-02,out_of_state,full_time_first_time_undergraduate,10088,42,938,,,,USD
costs,ipeds-117894,117894,2023-24,https://nces.ed.gov/ipeds/datacenter/data/IC2023_AY.zip,verified,2026-10-02,district,full_time_first_time_undergraduate,1288,24,1190,,,,USD
costs,ipeds-117894,117894,2023-24,https://nces.ed.gov/ipeds/datacenter/data/IC2023_AY.zip,verified,2026-10-02,in_state,full_time_first_time_undergraduate,1288,24,1190,,,,USD
costs,ipeds-117894,117894,2023-24,https://nces.ed.gov/ipeds/datacenter/data/IC2023_AY.zip,verified,2026-10-02,out_of_state,full_time_first_time_undergraduate,8988,24,1190,,,,USD
costs,ipeds-117946,117946,2023-24,https://nces.ed.gov/ipeds/datacenter/data/IC2023_AY.zip,verified,2026-10-02,district,full_time_first_time_undergraduate,57602,1372,938,20713,3978,,USD
costs,ipeds-117946,117946,2023-24,https://nces.ed.gov/ipeds/datacenter/data/IC2023_AY.zip,verified,2026-10-02,in_state,full_time_first_time_undergraduate,57602,1372,938,20713,3978,,USD
costs,ipeds-117946,117946,2023-24,https://nces.ed.gov/ipeds/datacenter/data/IC2023_AY.zip,verified,2026-10-02,out_of_state,full_time_first_time_undergraduate,57602,1372,938,20713,3978,,USD
costs,ipeds-118347,118347,2023-24,https://nces.ed.gov/ipeds/datacenter/data/IC2023_AY.zip,verified,2026-10-02,district,full_time_first_time_undergraduate,1380,178,2169,,,,USD
costs,ipeds-118347,118347,2023-24,https://nces.ed.gov/ipeds/datacenter/data/IC2023_AY.zip,verified,2026-10-02,in_state,full_time_first_time_undergraduate,1380,178,2169,,,,USD
costs,ipeds-118347,118347,2023-24,https://nces.ed.gov/ipeds/datacenter/data/IC2023_AY.zip,verified,2026-10-02,out_of_state,full_time_first_time_undergraduate,10650,178,2169,,,,USD
costs,ipeds-118684,118684,2023-24,https://nces.ed.gov/ipeds/datacenter/data/IC2023_AY.zip,verified,2026-10-02,district,full_time_first_time_undergraduate,1380,43,1080,,,,USD
costs,ipeds-118684,118684,2023-24,https://nces.ed.gov/ipeds/datacenter/data/IC2023_AY.zip,verified,2026-10-02,in_state,full_time_first_time_undergraduate,1380,43,1080,,,,USD
costs,ipeds-118684,118684,2023-24,https://nces.ed.gov/ipeds/datacenter/data/IC2023_AY.zip,verified,2026-10-02,out_of_state,full_time_first_time_undergraduate,8850,43,1080,,,,USD
costs,ipeds-118693,118693,2023-24,https://nces.ed.gov/ipeds/datacenter/data/IC2023_AY.zip,verified,2026-10-02,district,full_time_first_time_undergraduate,50190,880,938,15537,4824,,USD
costs,ipeds-118693,118693,2023-24,https://nces.ed.gov/ipeds/datacenter/data/IC2023_AY.zip,verified,2026-10-02,in_state,full_time_first_time_undergraduate,50190,880,938,15537,4824,,USD
costs,ipeds-118693,118693,2023-24,https://nces.ed.gov/ipeds/datacenter/data/IC2023_AY.zip,verified,2026-10-02,out_of_state,full_time_first_time_undergraduate,50190,880,938,15537,4824,,USD
costs,ipeds-118718,118718,2023-24,https://nces.ed.gov/ipeds/datacenter/data/IC2023_AY.zip,verified,2026-10-02,district,full_time_first_time_undergraduate,1104,90,938,,,,USD
costs,ipeds-118718,118718,2023-24,https://nces.ed.gov/ipeds/datacenter/data/IC2023_AY.zip,verified,2026-10-02,in_state,full_time_first_time_undergraduate,1104,90,938,,,,USD
costs,ipeds-118718,118718,2023-24,https://nces.ed.gov/ipeds/datacenter/data/IC2023_AY.zip,verified,2026-10-02,out_of_state,full_time_first_time_undergraduate,8064,90,938,,,,USD
costs,ipeds-118772,118772,2023-24,https://nces.ed.gov/ipeds/datacenter/data/IC2023_AY.zip,verified,2026-10-02,district,full_time_first_time_undergraduate,1104,63,1724,,,,USD
costs,ipeds-118772,118772,2023-24,https://nces.ed.gov/ipeds/datacenter/data/IC2023_AY.zip,verified,2026-10-02,in_state,full_time_first_time_undergraduate,1104,63,1724,,,,USD
costs,ipeds-118772,118772,2023-24,https://nces.ed.gov/ipeds/datacenter/data/IC2023_AY.zip,verified,2026-10-02,out_of_state,full_time_first_time_undergraduate,8472,231,1724,,,,USD
costs,ipeds-118888,118888,2023-24,https://nces.ed.gov/ipeds/datacenter/data/IC2023_AY.zip,verified,2026-10-02,district,full_time_first_time_undergraduate,62000,1949,1000,18790,1800,,USD
costs,ipeds-118888,118888,2023-24,https://nces.ed.gov/ipeds/datacenter/data/IC2023_AY.zip,verified,2026-10-02,in_state,full_time_first_time_undergraduate,62000,1949,1000,18790,1800,,USD
costs,ipeds-118888,118888,2023-24,https://nces.ed.gov/ipeds/datacenter/data/IC2023_AY.zip,verified,2026-10-02,out_of_state,full_time_first_time_undergraduate,62000,1949,1000,18790,1800,,USD
costs,ipeds-118912,118912,2023-24,https://nces.ed.gov/ipeds/datacenter/data/IC2023_AY.zip,verified,2026-10-02,district,full_time_first_time_undergraduate,1104,48,938,,,,USD
costs,ipeds-118912,118912,2023-24,https://nces.ed.gov/ipeds/datacenter/data/IC2023_AY.zip,verified,2026-10-02,in_state,full_time_first_time_undergraduate,1104,48,938,,,,USD
costs,ipeds-118912,118912,2023-24,https://nces.ed.gov/ipeds/datacenter/data/IC2023_AY.zip,verified,2026-10-02,out_of_state,full_time_first_time_undergraduate,9072,48,938,,,,USD
costs,ipeds-118930,118930,2023-24,https://nces.ed.gov/ipeds/datacenter/data/IC2023_AY.zip,verified,2026-10-02,district,full_time_first_time_undergraduate,1380,58,938,,,,USD
costs,ipeds-118930,118930,2023-24,https://nces.ed.gov/ipeds/datacenter/data/IC2023_AY.zip,verified,2026-10-02,in_state,full_time_first_time_undergraduate,1380,58,938,,,,USD
costs,ipeds-118930,118930,2023-24,https://nces.ed.gov/ipeds/datacenter/data/IC2023_AY.zip,verified,2026-10-02,out_of_state,full_time_first_time_undergraduate,12120,100,938,,,,USD
costs,ipeds-118976,118976,2023-24,https://nces.ed.gov/ipeds/datacenter/data/IC2023_AY.zip,verified,2026-10-02,district,full_time_first_time_undergraduate,1188,82,938,,,,USD
costs,ipeds-118976,118976,2023-24,https://nces.ed.gov/ipeds/datacenter/data/IC2023_AY.zip,verified,2026-10-02,in_state,full_time_first_time_undergraduate,1188,82,938,,,,USD
costs,ipeds-118976,118976,2023-24,https://nces.ed.gov/ipeds/datacenter/data/IC2023_AY.zip,verified,2026-10-02,out_of_state,full_time_first_time_undergraduate,8788,82,938,,,,USD
costs,ipeds-119067,119067,2023-24,https://nces.ed.gov/ipeds/datacenter/data/IC2023_AY.zip,verified,2026-10-02,district,full_time_first_time_undergraduate,1104,84,938,,,,USD
costs,ipeds-119067,119067,2023-24,https://nces.ed.gov/ipeds/datacenter/data/IC2023_AY.zip,verified,2026-10-02,in_state,full_time_first_time_undergraduate,1104,84,938,,,,USD
costs,ipeds-119067,119067,2023-24,https://nces.ed.gov/ipeds/datacenter/data/IC2023_AY.zip,verified,2026-10-02,out_of_state,full_time_first_time_undergraduate,9840,84,938,,,,USD
costs,ipeds-119137,119137,2023-24,https://nces.ed.gov/ipeds/datacenter/data/IC2023_AY.zip,verified,2026-10-02,district,full_time_first_time_undergraduate,1344,72,1152,,,,USD
costs,ipeds-119137,119137,2023-24,https://nces.ed.gov/ipeds/datacenter/data/IC2023_AY.zip,verified,2026-10-02,in_state,full_time_first_time_undergraduate,1344,72,1152,,,,USD
costs,ipeds-119137,119137,2023-24,https://nces.ed.gov/ipeds/datacenter/data/IC2023_AY.zip,verified,2026-10-02,out_of_state,full_time_first_time_undergraduate,8092,87,1152,,,,USD
costs,ipeds-119164,119164,2023-24,https://nces.ed.gov/ipeds/datacenter/data/IC2023_AY.zip,verified,2026-10-02,district,full_time_first_time_undergraduate,1288,76,1434,,,,USD
costs,ipeds-119164,119164,2023-24,https://nces.ed.gov/ipeds/datacenter/data/IC2023_AY.zip,verified,2026-10-02,in_state,full_time_first_time_undergraduate,1288,76,1434,,,,USD
costs,ipeds-119164,119164,2023-24,https://nces.ed.gov/ipeds/datacenter/data/IC2023_AY.zip,verified,2026-10-02,out_of_state,full_time_first_time_undergraduate,10136,76,1434,,,,USD
costs,ipeds-119173,119173,2023-24,https://nces.ed.gov/ipeds/datacenter/data/IC2023_AY.zip,verified,2026-10-02,district,full_time_first_time_undergraduate,46726,1406,2434,14154,6970,,USD
costs,ipeds-119173,119173,2023-24,https://nces.ed.gov/ipeds/datacenter/data/IC2023_AY.zip,verified,2026-10-02,in_state,full_time_first_time_undergraduate,46726,1406,2434,14154,6970,,USD
costs,ipeds-119173,119173,2023-24,https://nces.ed.gov/ipeds/datacenter/data/IC2023_AY.zip,verified,2026-10-02,out_of_state,full_time_first_time_undergraduate,46726,1406,2434,14154,6970,,USD
costs,ipeds-119216,119216,2023-24,https://nces.ed.gov/ipeds/datacenter/data/IC2023_AY.zip,verified,2026-10-02,district,full_time_first_time_undergraduate,1380,26,1919,,,,USD
costs,ipeds-119216,119216,2023-24,https://nces.ed.gov/ipeds/datacenter/data/IC2023_AY.zip,verified,2026-10-02,in_state,full_time_first_time_undergraduate,1380,26,1919,,,,USD
costs,ipeds-119216,119216,2023-24,https://nces.ed.gov/ipeds/datacenter/data/IC2023_AY.zip,verified,2026-10-02,out_of_state,full_time_first_time_undergraduate,11250,26,1919,,,,USD
costs,ipeds-119270,119270,2023-24,https://nces.ed.gov/ipeds/datacenter/data/IC2023_AY.zip,verified,2026-10-02,district,full_time_first_time_undergraduate,27630,770,1746,,,,USD
costs,ipeds-119270,119270,2023-24,https://nces.ed.gov/ipeds/datacenter/data/IC2023_AY.zip,verified,2026-10-02,in_state,full_time_first_time_undergraduate,27630,770,1746,,,,USD
costs,ipeds-119270,119270,2023-24,https://nces.ed.gov/ipeds/datacenter/data/IC2023_AY.zip,verified,2026-10-02,out_of_state,full_time_first_time_undergraduate,27630,770,1746,,,,USD
costs,ipeds-119331,119331,2023-24,https://nces.ed.gov/ipeds/datacenter/data/IC2023_AY.zip,verified,2026-10-02,district,full_time_first_time_undergraduate,1104,52,938,,,,USD
costs,ipeds-119331,119331,2023-24,https://nces.ed.gov/ipeds/datacenter/data/IC2023_AY.zip,verified,2026-10-02,in_state,full_time_first_time_undergraduate,1104,52,938,,,,USD
costs,ipeds-119331,119331,2023-24,https://nces.ed.gov/ipeds/datacenter/data/IC2023_AY.zip,verified,2026-10-02,out_of_state,full_time_first_time_undergraduate,11856,52,938,,,,USD
costs,ipeds-119605,119605,2023-24,https://nces.ed.gov/ipeds/datacenter/data/IC2023_AY.zip,verified,2026-10-02,district,full_time_first_time_undergraduate,13320,0,938,,,,USD
costs,ipeds-119605,119605,2023-24,https://nces.ed.gov/ipeds/datacenter/data/IC2023_AY.zip,verified,2026-10-02,in_state,full_time_first_time_undergraduate,13320,0,938,,,,USD
costs,ipeds-119605,119605,2023-24,https://nces.ed.gov/ipeds/datacenter/data/IC2023_AY.zip,verified,2026-10-02,out_of_state,full_time_first_time_undergraduate,13320,0,938,,,,USD
costs,ipeds-119775,119775,2023-24,https://nces.ed.gov/ipeds/datacenter/data/IC2023_AY.zip,verified,2026-10-02,district,full_time_first_time_undergraduate,29691,600,3300,,,,USD
costs,ipeds-119775,119775,2023-24,https://nces.ed.gov/ipeds/datacenter/data/IC2023_AY.zip,verified,2026-10-02,in_state,full_time_first_time_undergraduate,29691,600,3300,,,,USD
costs,ipeds-119775,119775,2023-24,https://nces.ed.gov/ipeds/datacenter/data/IC2023_AY.zip,verified,2026-10-02,out_of_state,full_time_first_time_undergraduate,29691,600,3300,,,,USD
costs,ipeds-120166,120166,2023-24,https://nces.ed.gov/ipeds/datacenter/data/IC2023_AY.zip,verified,2026-10-02,district,full_time_first_time_undergraduate,7920,855,1210,9200,2950,,USD
costs,ipeds-120166,120166,2023-24,https://nces.ed.gov/ipeds/datacenter/data/IC2023_AY.zip,verified,2026-10-02,in_state,full_time_first_time_undergraduate,7920,855,1210,9200,2950,,USD
costs,ipeds-120166,120166,2023-24,https://nces.ed.gov/ipeds/datacenter/data/IC2023_AY.zip,verified,2026-10-02,out_of_state,full_time_first_time_undergraduate,7920,855,1210,9200,2950,,USD
costs,ipeds-120254,120254,2023-24,https://nces.ed.gov/ipeds/datacenter/data/IC2023_AY.zip,verified,2026-10-02,district,full_time_first_time_undergraduate,62850,596,1240,18284,1830,,USD
costs,ipeds-120254,120254,2023-24,https://nces.ed.gov/ipeds/datacenter/data/IC2023_AY.zip,verified,2026-10-02,in_state,full_time_first_time_undergraduate,62850,596,1240,18284,1830,,USD
costs,ipeds-120254,120254,2023-24,https://nces.ed.gov/ipeds/datacenter/data/IC2023_AY.zip,verified,2026-10-02,out_of_state,full_time_first_time_undergraduate,62850,596,1240,18284,1830,,USD
costs,ipeds-120290,120290,2023-24,https://nces.ed.gov/ipeds/datacenter/data/IC2023_AY.zip,verified,2026-10-02,district,full_time_first_time_undergraduate,1104,98,2000,,,,USD
costs,ipeds-120290,120290,2023-24,https://nces.ed.gov/ipeds/datacenter/data/IC2023_AY.zip,verified,2026-10-02,in_state,full_time_first_time_undergraduate,1104,98,2000,,,,USD
costs,ipeds-120290,120290,2023-24,https://nces.ed.gov/ipeds/datacenter/data/IC2023_AY.zip,verified,2026-10-02,out_of_state,full_time_first_time_undergraduate,8616,98,2000,,,,USD
costs,ipeds-120342,120342,2023-24,https://nces.ed.gov/ipeds/datacenter/data/IC2023_AY.zip,verified,2026-10-02,district,full_time_first_time_undergraduate,1104,104,1465,19159,4428,,USD
costs,ipeds-120342,120342,2023-24,https://nces.ed.gov/ipeds/datacenter/data/IC2023_AY.zip,verified,2026-10-02,in_state,full_time_first_time_undergraduate,1104,104,1465,19159,4428,,USD
costs,ipeds-120342,120342,2023-24,https://nces.ed.gov/ipeds/datacenter/data/IC2023_AY.zip,verified,2026-10-02,out_of_state,full_time_first_time_undergraduate,9888,104,1465,19159,4428,,USD
costs,ipeds-120403,120403,2023-24,https://nces.ed.gov/ipeds/datacenter/data/IC2023_AY.zip,verified,2026-10-02,district,full_time_first_time_undergraduate,51988,3525,938,17262,4632,,USD
costs,ipeds-120403,120403,2023-24,https://nces.ed.gov/ipeds/datacenter/data/IC2023_AY.zip,verified,2026-10-02,in_state,full_time_first_time_undergraduate,51988,3525,938,17262,4632,,USD
costs,ipeds-120403,120403,2023-24,https://nces.ed.gov/ipeds/datacenter/data/IC2023_AY.zip,verified,2026-10-02,out_of_state,full_time_first_time_undergraduate,51988,3525,938,17262,4632,,USD
costs,ipeds-120421,120421,2023-24,https://nces.ed.gov/ipeds/datacenter/data/IC2023_AY.zip,verified,2026-10-02,district,full_time_first_time_undergraduate,1344,72,1152,,,,USD
costs,ipeds-120421,120421,2023-24,https://nces.ed.gov/ipeds/datacenter/data/IC2023_AY.zip,verified,2026-10-02,in_state,full_time_first_time_undergraduate,1344,72,1152,,,,USD
costs,ipeds-120421,120421,2023-24,https://nces.ed.gov/ipeds/datacenter/data/IC2023_AY.zip,verified,2026-10-02,out_of_state,full_time_first_time_undergraduate,8092,87,1152,,,,USD
costs,ipeds-120537,120537,2023-24,https://nces.ed.gov/ipeds/datacenter/data/IC2023_AY.zip,verified,2026-10-02,district,full_time_first_time_undergraduate,35000,1250,938,13700,2871,,USD
costs,ipeds-120537,120537,2023-24,https://nces.ed.gov/ipeds/datacenter/data/IC2023_AY.zip,verified,2026-10-02,in_state,full_time_first_time_undergraduate,35000,1250,938,13700,2871,,USD
costs,ipeds-120537,120537,2023-24,https://nces.ed.gov/ipeds/datacenter/data/IC2023_AY.zip,verified,2026-10-02,out_of_state,full_time_first_time_undergraduate,35000,1250,938,13700,2871,,USD
costs,ipeds-120768,120768,2023-24,https://nces.ed.gov/ipeds/datacenter/data/IC2023_AY.zip,verified,2026-10-02,district,full_time_first_time_undergraduate,32040,1320,2028,,,,USD
costs,ipeds-120768,120768,2023-24,https://nces.ed.gov/ipeds/datacenter/data/IC2023_AY.zip,verified,2026-10-02,in_state,full_time_first_time_undergraduate,32040,1320,2028,,,,USD
costs,ipeds-120768,120768,2023-24,https://nces.ed.gov/ipeds/datacenter/data/IC2023_AY.zip,verified,2026-10-02,out_of_state,full_time_first_time_undergraduate,32040,1320,2028,,,,USD
costs,ipeds-120838,120838,2023-24,https://nces.ed.gov/ipeds/datacenter/data/IC2023_AY.zip,verified,2026-10-02,district,full_time_first_time_undergraduate,9120,690,1800,,,,USD
costs,ipeds-120838,120838,2023-24,https://nces.ed.gov/ipeds/datacenter/data/IC2023_AY.zip,verified,2026-10-02,in_state,full_time_first_time_undergraduate,9120,690,1800,,,,USD
costs,ipeds-120838,120838,2023-24,https://nces.ed.gov/ipeds/datacenter/data/IC2023_AY.zip,verified,2026-10-02,out_of_state,full_time_first_time_undergraduate,9120,690,1800,,,,USD
costs,ipeds-120865,120865,2023-24,https://nces.ed.gov/ipeds/datacenter/data/IC2023_AY.zip,verified,2026-10-02,district,full_time_first_time_undergraduate,34191,1023,938,9471,3979,,USD
costs,ipeds-120865,120865,2023-24,https://nces.ed.gov/ipeds/datacenter/data/IC2023_AY.zip,verified,2026-10-02,in_state,full_time_first_time_undergraduate,34191,1023,938,9471,3979,,USD
costs,ipeds-120865,120865,2023-24,https://nces.ed.gov/ipeds/datacenter/data/IC2023_AY.zip,verified,2026-10-02,out_of_state,full_time_first_time_undergraduate,34191,1023,938,9471,3979,,USD
costs,ipeds-120883,120883,2023-24,https://nces.ed.gov/ipeds/datacenter/data/IC2023_AY.zip,verified,2026-10-02,district,full_time_first_time_undergraduate,54506,834,938,16688,3550,,USD
costs,ipeds-120883,120883,2023-24,https://nces.ed.gov/ipeds/datacenter/data/IC2023_AY.zip,verified,2026-10-02,in_state,full_time_first_time_undergraduate,54506,834,938,16688,3550,,USD
costs,ipeds-120883,120883,2023-24,https://nces.ed.gov/ipeds/datacenter/data/IC2023_AY.zip,verified,2026-10-02,out_of_state,full_time_first_time_undergraduate,54506,834,938,16688,3550,,USD
costs,ipeds-120953,120953,2023-24,https://nces.ed.gov/ipeds/datacenter/data/IC2023_AY.zip,verified,2026-10-02,district,full_time_first_time_undergraduate,1288,0,2178,,,,USD
costs,ipeds-120953,120953,2023-24,https://nces.ed.gov/ipeds/datacenter/data/IC2023_AY.zip,verified,2026-10-02,in_state,full_time_first_time_undergraduate,1288,0,2178,,,,USD
costs,ipeds-120953,120953,2023-24,https://nces.ed.gov/ipeds/datacenter/data/IC2023_AY.zip,verified,2026-10-02,out_of_state,full_time_first_time_undergraduate,12880,0,2178,,,,USD
costs,ipeds-120971,120971,2023-24,https://nces.ed.gov/ipeds/datacenter/data/IC2023_AY.zip,verified,2026-10-02,district,full_time_first_time_undergraduate,1288,66,938,,,,USD
costs,ipeds-120971,120971,2023-24,https://nces.ed.gov/ipeds/datacenter/data/IC2023_AY.zip,verified,2026-10-02,in_state,full_time_first_time_undergraduate,1288,66,938,,,,USD
costs,ipeds-120971,120971,2023-24,https://nces.ed.gov/ipeds/datacenter/data/IC2023_AY.zip,verified,2026-10-02,out_of_state,full_time_first_time_undergraduate,10584,66,938,,,,USD
costs,ipeds-121044,121044,2023-24,https://nces.ed.gov/ipeds/datacenter/data/IC2023_AY.zip,verified,2026-10-02,district,full_time_first_time_undergraduate,1104,76,1152,,,,USD
costs,ipeds-121044,121044,2023-24,https://nces.ed.gov/ipeds/datacenter/data/IC2023_AY.zip,verified,2026-10-02,in_state,full_time_first_time_undergraduate,1104,76,1152,,,,USD
costs,ipeds-121044,121044,2023-24,https://nces.ed.gov/ipeds/datacenter/data/IC2023_AY.zip,verified,2026-10-02,out_of_state,full_time_first_time_undergraduate,10680,76,1152,,,,USD
costs,ipeds-121150,121150,2023-24,https://nces.ed.gov/ipeds/datacenter/data/IC2023_AY.zip,verified,2026-10-02,district,full_time_first_time_undergraduate,65990,752,1000,23270,2500,,USD
costs,ipeds-121150,121150,2023-24,https://nces.ed.gov/ipeds/datacenter/data/IC2023_AY.zip,verified,2026-10-02,in_state,full_time_first_time_undergraduate,65990,752,1000,23270,2500,,USD
costs,ipeds-121150,121150,2023-24,https://nces.ed.gov/ipeds/datacenter/data/IC2023_AY.zip,verified,2026-10-02,out_of_state,full_time_first_time_undergraduate,65990,752,1000,23270,2500,,USD
costs,ipeds-121257,121257,2023-24,https://nces.ed.gov/ipeds/datacenter/data/IC2023_AY.zip,verified,2026-10-02,district,full_time_first_time_undergraduate,62392,300,1100,21374,1300,,USD
costs,ipeds-121257,121257,2023-24,https://nces.ed.gov/ipeds/datacenter/data/IC2023_AY.zip,verified,2026-10-02,in_state,full_time_first_time_undergraduate,62392,300,1100,21374,1300,,USD
costs,ipeds-121257,121257,2023-24,https://nces.ed.gov/ipeds/datacenter/data/IC2023_AY.zip,verified,2026-10-02,out_of_state,full_time_first_time_undergraduate,62392,300,1100,21374,1300,,USD
costs,ipeds-121309,121309,2023-24,https://nces.ed.gov/ipeds/datacenter/data/IC2023_AY.zip,verified,2026-10-02,district,full_time_first_time_undergraduate,42600,950,938,12850,3530,,USD
costs,ipeds-121309,121309,2023-24,https://nces.ed.gov/ipeds/datacenter/data/IC2023_AY.zip,verified,2026-10-02,in_state,full_time_first_time_undergraduate,42600,950,938,12850,3530,,USD
costs,ipeds-121309,121309,2023-24,https://nces.ed.gov/ipeds/datacenter/data/IC2023_AY.zip,verified,2026-10-02,out_of_state,full_time_first_time_undergraduate,42600,950,938,12850,3530,,USD
costs,ipeds-121345,121345,2023-24,https://nces.ed.gov/ipeds/datacenter/data/IC2023_AY.zip,verified,2026-10-02,district,full_time_first_time_undergraduate,61906,420,1100,20374,1500,,USD
costs,ipeds-121345,121345,2023-24,https://nces.ed.gov/ipeds/datacenter/data/IC2023_AY.zip,verified,2026-10-02,in_state,full_time_first_time_undergraduate,61906,420,1100,20374,1500,,USD
costs,ipeds-121345,121345,2023-24,https://nces.ed.gov/ipeds/datacenter/data/IC2023_AY.zip,verified,2026-10-02,out_of_state,full_time_first_time_undergraduate,61906,420,1100,20374,1500,,USD
costs,ipeds-121363,121363,2023-24,https://nces.ed.gov/ipeds/datacenter/data/IC2023_AY.zip,verified,2026-10-02,district,full_time_first_time_undergraduate,1380,29,938,,,,USD
costs,ipeds-121363,121363,2023-24,https://nces.ed.gov/ipeds/datacenter/data/IC2023_AY.zip,verified,2026-10-02,in_state,full_time_first_time_undergraduate,1380,29,938,,,,USD
costs,ipeds-121363,121363,2023-24,https://nces.ed.gov/ipeds/datacenter/data/IC2023_AY.zip,verified,2026-10-02,out_of_state,full_time_first_time_undergraduate,10260,29,938,,,,USD
costs,ipeds-121619,121619,2023-24,https://nces.ed.gov/ipeds/datacenter/data/IC2023_AY.zip,verified,2026-10-02,district,full_time_first_time_undergraduate,1104,76,938,,,,USD
costs,ipeds-121619,121619,2023-24,https://nces.ed.gov/ipeds/datacenter/data/IC2023_AY.zip,verified,2026-10-02,in_state,full_time_first_time_undergraduate,1104,76,938,,,,USD
costs,ipeds-121619,121619,2023-24,https://nces.ed.gov/ipeds/datacenter/data/IC2023_AY.zip,verified,2026-10-02,out_of_state,full_time_first_time_undergraduate,9384,76,938,,,,USD
costs,ipeds-121691,121691,2023-24,https://nces.ed.gov/ipeds/datacenter/data/IC2023_AY.zip,verified,2026-10-02,district,full_time_first_time_undergraduate,57264,350,1700,17624,3536,,USD
costs,ipeds-121691,121691,2023-24,https://nces.ed.gov/ipeds/datacenter/data/IC2023_AY.zip,verified,2026-10-02,in_state,full_time_first_time_undergraduate,57264,350,1700,17624,3536,,USD
costs,ipeds-121691,121691,2023-24,https://nces.ed.gov/ipeds/datacenter/data/IC2023_AY.zip,verified,2026-10-02,out_of_state,full_time_first_time_undergraduate,57264,350,1700,17624,3536,,USD
costs,ipeds-121707,121707,2023-24,https://nces.ed.gov/ipeds/datacenter/data/IC2023_AY.zip,verified,2026-10-02,district,full_time_first_time_undergraduate,1104,43,938,8577,5373,,USD
costs,ipeds-121707,121707,2023-24,https://nces.ed.gov/ipeds/datacenter/data/IC2023_AY.zip,verified,2026-10-02,in_state,full_time_first_time_undergraduate,1104,43,938,8577,5373,,USD
costs,ipeds-121707,121707,2023-24,https://nces.ed.gov/ipeds/datacenter/data/IC2023_AY.zip,verified,2026-10-02,out_of_state,full_time_first_time_undergraduate,7740,43,938,8577,5373,,USD
costs,ipeds-121886,121886,2023-24,https://nces.ed.gov/ipeds/datacenter/data/IC2023_AY.zip,verified,2026-10-02,district,full_time_first_time_undergraduate,1306,82,938,,,,USD
costs,ipeds-121886,121886,2023-24,https://nces.ed.gov/ipeds/datacenter/data/IC2023_AY.zip,verified,2026-10-02,in_state,full_time_first_time_undergraduate,1306,82,938,,,,USD
costs,ipeds-121886,121886,2023-24,https://nces.ed.gov/ipeds/datacenter/data/IC2023_AY.zip,verified,2026-10-02,out_of_state,full_time_first_time_undergraduate,9802,82,938,,,,USD
costs,ipeds-121901,121901,2023-24,https://nces.ed.gov/ipeds/datacenter/data/IC2023_AY.zip,verified,2026-10-02,district,full_time_first_time_undergraduate,1380,40,1440,,,,USD
costs,ipeds-121901,121901,2023-24,https://nces.ed.gov/ipeds/datacenter/data/IC2023_AY.zip,verified,2026-10-02,in_state,full_time_first_time_undergraduate,1380,40,1440,,,,USD
costs,ipeds-121901,121901,2023-24,https://nces.ed.gov/ipeds/datacenter/data/IC2023_AY.zip,verified,2026-10-02,out_of_state,full_time_first_time_undergraduate,11190,40,1440,,,,USD
costs,ipeds-122180,122180,2023-24,https://nces.ed.gov/ipeds/datacenter/data/IC2023_AY.zip,verified,2026-10-02,district,full_time_first_time_undergraduate,0,1288,1152,,,,USD
costs,ipeds-122180,122180,2023-24,https://nces.ed.gov/ipeds/datacenter/data/IC2023_AY.zip,verified,2026-10-02,in_state,full_time_first_time_undergraduate,0,1288,1152,,,,USD
costs,ipeds-122180,122180,2023-24,https://nces.ed.gov/ipeds/datacenter/data/IC2023_AY.zip,verified,2026-10-02,out_of_state,full_time_first_time_undergraduate,11520,1288,1152,,,,USD
costs,ipeds-122205,122205,2023-24,https://nces.ed.gov/ipeds/datacenter/data/IC2023_AY.zip,verified,2026-10-02,district,full_time_first_time_undergraduate,1380,52,938,,,,USD
costs,ipeds-122205,122205,2023-24,https://nces.ed.gov/ipeds/datacenter/data/IC2023_AY.zip,verified,2026-10-02,in_state,full_time_first_time_undergraduate,1380,52,938,,,,USD
costs,ipeds-122205,122205,2023-24,https://nces.ed.gov/ipeds/datacenter/data/IC2023_AY.zip,verified,2026-10-02,out_of_state,full_time_first_time_undergraduate,13680,52,938,,,,USD
costs,ipeds-122339,122339,2023-24,https://nces.ed.gov/ipeds/datacenter/data/IC2023_AY.zip,verified,2026-10-02,district,full_time_first_time_undergraduate,1104,46,1152,,,,USD
costs,ipeds-122339,122339,2023-24,https://nces.ed.gov/ipeds/datacenter/data/IC2023_AY.zip,verified,2026-10-02,in_state,full_time_first_time_undergraduate,1104,46,1152,,,,USD
costs,ipeds-122339,122339,2023-24,https://nces.ed.gov/ipeds/datacenter/data/IC2023_AY.zip,verified,2026-10-02,out_of_state,full_time_first_time_undergraduate,9048,46,1152,,,,USD
costs,ipeds-122375,122375,2023-24,https://nces.ed.gov/ipeds/datacenter/data/IC2023_AY.zip,verified,2026-10-02,district,full_time_first_time_undergraduate,1104,46,938,,,,USD
costs,ipeds-122375,122375,2023-24,https://nces.ed.gov/ipeds/datacenter/data/IC2023_AY.zip,verified,2026-10-02,in_state,full_time_first_time_undergraduate,1104,46,938,,,,USD
costs,ipeds-122375,122375,2023-24,https://nces.ed.gov/ipeds/datacenter/data/IC2023_AY.zip,verified,2026-10-02,out_of_state,full_time_first_time_undergraduate,9048,46,938,,,,USD
costs,ipeds-122384,122384,2023-24,https://nces.ed.gov/ipeds/datacenter/data/IC2023_AY.zip,verified,2026-10-02,district,full_time_first_time_undergraduate,1104,46,938,,,,USD
costs,ipeds-122384,122384,2023-24,https://nces.ed.gov/ipeds/datacenter/data/IC2023_AY.zip,verified,2026-10-02,in_state,full_time_first_time_undergraduate,1104,46,938,,,,USD
costs,ipeds-122384,122384,2023-24,https://nces.ed.gov/ipeds/datacenter/data/IC2023_AY.zip,verified,2026-10-02,out_of_state,full_time_first_time_undergraduate,9048,46,938,,,,USD
costs,ipeds-122409,122409,2023-24,https://nces.ed.gov/ipeds/datacenter/data/IC2023_AY.zip,verified,2026-10-02,district,full_time_first_time_undergraduate,5742,2548,908,21630,3244,,USD
costs,ipeds-122409,122409,2023-24,https://nces.ed.gov/ipeds/datacenter/data/IC2023_AY.zip,verified,2026-10-02,in_state,full_time_first_time_undergraduate,5742,2548,908,21630,3244,,USD
costs,ipeds-122409,122409,2023-24,https://nces.ed.gov/ipeds/datacenter/data/IC2023_AY.zip,verified,2026-10-02,out_of_state,full_time_first_time_undergraduate,17622,2548,908,21630,3244,,USD
costs,ipeds-122436,122436,2023-24,https://nces.ed.gov/ipeds/datacenter/data/IC2023_AY.zip,verified,2026-10-02,district,full_time_first_time_undergraduate,55690,754,938,18084,3978,,USD
costs,ipeds-122436,122436,2023-24,https://nces.ed.gov/ipeds/datacenter/data/IC2023_AY.zip,verified,2026-10-02,in_state,full_time_first_time_undergraduate,55690,754,938,18084,3978,,USD
costs,ipeds-122436,122436,2023-24,https://nces.ed.gov/ipeds/datacenter/data/IC2023_AY.zip,verified,2026-10-02,out_of_state,full_time_first_time_undergraduate,55690,754,938,18084,3978,,USD
costs,ipeds-122506,122506,2023-24,https://nces.ed.gov/ipeds/datacenter/data/IC2023_AY.zip,verified,2026-10-02,district,full_time_first_time_undergraduate,52800,1750,1000,20200,5782,,USD
costs,ipeds-122506,122506,2023-24,https://nces.ed.gov/ipeds/datacenter/data/IC2023_AY.zip,verified,2026-10-02,in_state,full_time_first_time_undergraduate,52800,1750,1000,20200,5782,,USD
costs,ipeds-122506,122506,2023-24,https://nces.ed.gov/ipeds/datacenter/data/IC2023_AY.zip,verified,2026-10-02,out_of_state,full_time_first_time_undergraduate,52800,1750,1000,20200,5782,,USD
costs,ipeds-122597,122597,2023-24,https://nces.ed.gov/ipeds/datacenter/data/IC2023_AY.zip,verified,2026-10-02,district,full_time_first_time_undergraduate,5742,1682,1099,17955,3978,,USD
costs,ipeds-122597,122597,2023-24,https://nces.ed.gov/ipeds/datacenter/data/IC2023_AY.zip,verified,2026-10-02,in_state,full_time_first_time_undergraduate,5742,1682,1099,17955,3978,,USD
costs,ipeds-122597,122597,2023-24,https://nces.ed.gov/ipeds/datacenter/data/IC2023_AY.zip,verified,2026-10-02,out_of_state,full_time_first_time_undergraduate,17622,1682,1099,17955,3978,,USD
costs,ipeds-122612,122612,2023-24,https://nces.ed.gov/ipeds/datacenter/data/IC2023_AY.zip,verified,2026-10-02,district,full_time_first_time_undergraduate,57670,552,1152,17300,4752,,USD
costs,ipeds-122612,122612,2023-24,https://nces.ed.gov/ipeds/datacenter/data/IC2023_AY.zip,verified,2026-10-02,in_state,full_time_first_time_undergraduate,57670,552,1152,17300,4752,,USD
costs,ipeds-122612,122612,2023-24,https://nces.ed.gov/ipeds/datacenter/data/IC2023_AY.zip,verified,2026-10-02,out_of_state,full_time_first_time_undergraduate,57670,552,1152,17300,4752,,USD
costs,ipeds-122658,122658,2023-24,https://nces.ed.gov/ipeds/datacenter/data/IC2023_AY.zip,verified,2026-10-02,district,full_time_first_time_undergraduate,1288,0,938,,,,USD
costs,ipeds-122658,122658,2023-24,https://nces.ed.gov/ipeds/datacenter/data/IC2023_AY.zip,verified,2026-10-02,in_state,full_time_first_time_undergraduate,1288,0,938,,,,USD
costs,ipeds-122658,122658,2023-24,https://nces.ed.gov/ipeds/datacenter/data/IC2023_AY.zip,verified,2026-10-02,out_of_state,full_time_first_time_undergraduate,9072,0,938,,,,USD
costs,ipeds-122728,122728,2023-24,https://nces.ed.gov/ipeds/datacenter/data/IC2023_AY.zip,verified,2026-10-02,district,full_time_first_time_undergraduate,36000,1150,938,13249,3978,,USD
costs,ipeds-122728,122728,2023-24,https://nces.ed.gov/ipeds/datacenter/data/IC2023_AY.zip,verified,2026-10-02,in_state,full_time_first_time_undergraduate,36000,1150,938,13249,3978,,USD
costs,ipeds-122728,122728,2023-24,https://nces.ed.gov/ipeds/datacenter/data/IC2023_AY.zip,verified,2026-10-02,out_of_state,full_time_first_time_undergraduate,36000,1150,938,13249,3978,,USD
costs,ipeds-122746,122746,2023-24,https://nces.ed.gov/ipeds/datacenter/data/IC2023_AY.zip,verified,2026-10-02,district,full_time_first_time_undergraduate,1288,78,2727,,,,USD
costs,ipeds-122746,122746,2023-24,https://nces.ed.gov/ipeds/datacenter/data/IC2023_AY.zip,verified,2026-10-02,in_state,full_time_first_time_undergraduate,1288,78,2727,,,,USD
costs,ipeds-122746,122746,2023-24,https://nces.ed.gov/ipeds/datacenter/data/IC2023_AY.zip,verified,2026-10-02,out_of_state,full_time_first_time_undergraduate,9408,78,2727,,,,USD
costs,ipeds-122755,122755,2023-24,https://nces.ed.gov/ipeds/datacenter/data/IC2023_AY.zip,verified,2026-10-02,district,full_time_first_time_undergraduate,5742,2250,938,19866,3514,,USD
costs,ipeds-122755,122755,2023-24,https://nces.ed.gov/ipeds/datacenter/data/IC2023_AY.zip,verified,2026-10-02,in_state,full_time_first_time_undergraduate,5742,2250,938,19866,3514,,USD
costs,ipeds-122755,122755,2023-24,https://nces.ed.gov/ipeds/datacenter/data/IC2023_AY.zip,verified,2026-10-02,out_of_state,full_time_first_time_undergraduate,17622,2250,938,19866,3514,,USD
costs,ipeds-122791,122791,2023-24,https://nces.ed.gov/ipeds/datacenter/data/IC2023_AY.zip,verified,2026-10-02,district,full_time_first_time_undergraduate,1288,44,1971,,,,USD
costs,ipeds-122791,122791,2023-24,https://nces.ed.gov/ipeds/datacenter/data/IC2023_AY.zip,verified,2026-10-02,in_state,full_time_first_time_undergraduate,1288,44,1971,,,,USD
costs,ipeds-122791,122791,2023-24,https://nces.ed.gov/ipeds/datacenter/data/IC2023_AY.zip,verified,2026-10-02,out_of_state,full_time_first_time_undergraduate,11340,44,1971,,,,USD
costs,ipeds-122889,122889,2023-24,https://nces.ed.gov/ipeds/datacenter/data/IC2023_AY.zip,verified,2026-10-02,district,full_time_first_time_undergraduate,1104,130,938,,,,USD
costs,ipeds-122889,122889,2023-24,https://nces.ed.gov/ipeds/datacenter/data/IC2023_AY.zip,verified,2026-10-02,in_state,full_time_first_time_undergraduate,1104,130,938,,,,USD
costs,ipeds-122889,122889,2023-24,https://nces.ed.gov/ipeds/datacenter/data/IC2023_AY.zip,verified,2026-10-02,out_of_state,full_time_first_time_undergraduate,9528,658,938,,,,USD
costs,ipeds-122931,122931,2023-24,https://nces.ed.gov/ipeds/datacenter/data/IC2023_AY.zip,verified,2026-10-02,district,full_time_first_time_undergraduate,58587,654,939,18984,3978,,USD
costs,ipeds-122931,122931,2023-24,https://nces.ed.gov/ipeds/datacenter/data/IC2023_AY.zip,verified,2026-10-02,in_state,full_time_first_time_undergraduate,58587,654,939,18984,3978,,USD
costs,ipeds-122931,122931,2023-24,https://nces.ed.gov/ipeds/datacenter/data/IC2023_AY.zip,verified,2026-10-02,out_of_state,full_time_first_time_undergraduate,58587,654,939,18984,3978,,USD
costs,ipeds-122977,122977,2023-24,https://nces.ed.gov/ipeds/datacenter/data/IC2023_AY.zip,verified,2026-10-02,district,full_time_first_time_undergraduate,1104,52,1746,,,,USD
costs,ipeds-122977,122977,2023-24,https://nces.ed.gov/ipeds/datacenter/data/IC2023_AY.zip,verified,2026-10-02,in_state,full_time_first_time_undergraduate,1104,52,1746,,,,USD
costs,ipeds-122977,122977,2023-24,https://nces.ed.gov/ipeds/datacenter/data/IC2023_AY.zip,verified,2026-10-02,out_of_state,full_time_first_time_undergraduate,9264,52,1746,,,,USD
costs,ipeds-123013,123013,2023-24,https://nces.ed.gov/ipeds/datacenter/data/IC2023_AY.zip,verified,2026-10-02,district,full_time_first_time_undergraduate,1242,76,1298,,,,USD
costs,ipeds-123013,123013,2023-24,https://nces.ed.gov/ipeds/datacenter/data/IC2023_AY.zip,verified,2026-10-02,in_state,full_time_first_time_undergraduate,1242,76,1298,,,,USD
costs,ipeds-123013,123013,2023-24,https://nces.ed.gov/ipeds/datacenter/data/IC2023_AY.zip,verified,2026-10-02,out_of_state,full_time_first_time_undergraduate,11232,76,1298,,,,USD
costs,ipeds-123165,123165,2023-24,https://nces.ed.gov/ipeds/datacenter/data/IC2023_AY.zip,verified,2026-10-02,district,full_time_first_time_undergraduate,63216,218,800,20998,2000,,USD
costs,ipeds-123165,123165,2023-24,https://nces.ed.gov/ipeds/datacenter/data/IC2023_AY.zip,verified,2026-10-02,in_state,full_time_first_time_undergraduate,63216,218,800,20998,2000,,USD
costs,ipeds-123165,123165,2023-24,https://nces.ed.gov/ipeds/datacenter/data/IC2023_AY.zip,verified,2026-10-02,out_of_state,full_time_first_time_undergraduate,63216,218,800,20998,2000,,USD
costs,ipeds-123217,123217,2023-24,https://nces.ed.gov/ipeds/datacenter/data/IC2023_AY.zip,verified,2026-10-02,district,full_time_first_time_undergraduate,1288,106,1000,,,,USD
costs,ipeds-123217,123217,2023-24,https://nces.ed.gov/ipeds/datacenter/data/IC2023_AY.zip,verified,2026-10-02,in_state,full_time_first_time_undergraduate,1288,106,1000,,,,USD
costs,ipeds-123217,123217,2023-24,https://nces.ed.gov/ipeds/datacenter/data/IC2023_AY.zip,verified,2026-10-02,out_of_state,full_time_first_time_undergraduate,8232,106,1000,,,,USD
costs,ipeds-123280,123280,2023-24,https://nces.ed.gov/ipeds/datacenter/data/IC2023_AY.zip,verified,2026-10-02,district,full_time_first_time_undergraduate,13600,935,900,4500,6700,,USD
costs,ipeds-123280,123280,2023-24,https://nces.ed.gov/ipeds/datacenter/data/IC2023_AY.zip,verified,2026-10-02,in_state,full_time_first_time_undergraduate,13600,935,900,4500,6700,,USD
costs,ipeds-123280,123280,2023-24,https://nces.ed.gov/ipeds/datacenter/data/IC2023_AY.zip,verified,2026-10-02,out_of_state,full_time_first_time_undergraduate,13600,935,900,4500,6700,,USD
costs,ipeds-123299,123299,2023-24,https://nces.ed.gov/ipeds/datacenter/data/IC2023_AY.zip,verified,2026-10-02,district,full_time_first_time_undergraduate,1104,93,1152,5475,4429,,USD
costs,ipeds-123299,123299,2023-24,https://nces.ed.gov/ipeds/datacenter/data/IC2023_AY.zip,verified,2026-10-02,in_state,full_time_first_time_undergraduate,1104,93,1152,5475,4429,,USD
costs,ipeds-123299,123299,2023-24,https://nces.ed.gov/ipeds/datacenter/data/IC2023_AY.zip,verified,2026-10-02,out_of_state,full_time_first_time_undergraduate,8184,93,1152,5475,4429,,USD
costs,ipeds-123341,123341,2023-24,https://nces.ed.gov/ipeds/datacenter/data/IC2023_AY.zip,verified,2026-10-02,district,full_time_first_time_undergraduate,1104,52,1792,8000,6804,,USD
costs,ipeds-123341,123341,2023-24,https://nces.ed.gov/ipeds/datacenter/data/IC2023_AY.zip,verified,2026-10-02,in_state,full_time_first_time_undergraduate,1104,52,1792,8000,6804,,USD
costs,ipeds-123341,123341,2023-24,https://nces.ed.gov/ipeds/datacenter/data/IC2023_AY.zip,verified,2026-10-02,out_of_state,full_time_first_time_undergraduate,9936,52,1792,8000,6804,,USD
costs,ipeds-123457,123457,2023-24,https://nces.ed.gov/ipeds/datacenter/data/IC2023_AY.zip,verified,2026-10-02,district,full_time_first_time_undergraduate,37022,1500,1200,11900,3000,,USD
costs,ipeds-123457,123457,2023-24,https://nces.ed.gov/ipeds/datacenter/data/IC2023_AY.zip,verified,2026-10-02,in_state,full_time_first_time_undergraduate,37022,1500,1200,11900,3000,,USD
costs,ipeds-123457,123457,2023-24,https://nces.ed.gov/ipeds/datacenter/data/IC2023_AY.zip,verified,2026-10-02,out_of_state,full_time_first_time_undergraduate,37022,1500,1200,11900,3000,,USD
costs,ipeds-123484,123484,2023-24,https://nces.ed.gov/ipeds/datacenter/data/IC2023_AY.zip,verified,2026-10-02,district,full_time_first_time_undergraduate,1380,64,1233,9028,5481,,USD
costs,ipeds-123484,123484,2023-24,https://nces.ed.gov/ipeds/datacenter/data/IC2023_AY.zip,verified,2026-10-02,in_state,full_time_first_time_undergraduate,1380,64,1233,9028,5481,,USD
costs,ipeds-123484,123484,2023-24,https://nces.ed.gov/ipeds/datacenter/data/IC2023_AY.zip,verified,2026-10-02,out_of_state,full_time_first_time_undergraduate,9330,64,1233,9028,5481,,USD
costs,ipeds-123509,123509,2023-24,https://nces.ed.gov/ipeds/datacenter/data/IC2023_AY.zip,verified,2026-10-02,district,full_time_first_time_undergraduate,1288,44,1971,,,,USD
costs,ipeds-123509,123509,2023-24,https://nces.ed.gov/ipeds/datacenter/data/IC2023_AY.zip,verified,2026-10-02,in_state,full_time_first_time_undergraduate,1288,44,1971,,,,USD
costs,ipeds-123509,123509,2023-24,https://nces.ed.gov/ipeds/datacenter/data/IC2023_AY.zip,verified,2026-10-02,out_of_state,full_time_first_time_undergraduate,11340,44,1971,,,,USD
costs,ipeds-123527,123527,2023-24,https://nces.ed.gov/ipeds/datacenter/data/IC2023_AY.zip,verified,2026-10-02,district,full_time_first_time_undergraduate,1104,81,2850,,,,USD
costs,ipeds-123527,123527,2023-24,https://nces.ed.gov/ipeds/datacenter/data/IC2023_AY.zip,verified,2026-10-02,in_state,full_time_first_time_undergraduate,1104,81,2850,,,,USD
costs,ipeds-123527,123527,2023-24,https://nces.ed.gov/ipeds/datacenter/data/IC2023_AY.zip,verified,2026-10-02,out_of_state,full_time_first_time_undergraduate,9936,81,2850,,,,USD
costs,ipeds-123554,123554,2023-24,https://nces.ed.gov/ipeds/datacenter/data/IC2023_AY.zip,verified,2026-10-02,district,full_time_first_time_undergraduate,55634,500,938,16900,3978,,USD
costs,ipeds-123554,123554,2023-24,https://nces.ed.gov/ipeds/datacenter/data/IC2023_AY.zip,verified,2026-10-02,in_state,full_time_first_time_undergraduate,55634,500,938,16900,3978,,USD
costs,ipeds-123554,123554,2023-24,https://nces.ed.gov/ipeds/datacenter/data/IC2023_AY.zip,verified,2026-10-02,out_of_state,full_time_first_time_undergraduate,55634,500,938,16900,3978,,USD
costs,ipeds-123563,123563,2023-24,https://nces.ed.gov/ipeds/datacenter/data/IC2023_AY.zip,verified,2026-10-02,district,full_time_first_time_undergraduate,1104,68,938,,,,USD
costs,ipeds-123563,123563,2023-24,https://nces.ed.gov/ipeds/datacenter/data/IC2023_AY.zip,verified,2026-10-02,in_state,full_time_first_time_undergraduate,1104,68,938,,,,USD
costs,ipeds-123563,123563,2023-24,https://nces.ed.gov/ipeds/datacenter/data/IC2023_AY.zip,verified,2026-10-02,out_of_state,full_time_first_time_undergraduate,8832,68,938,,,,USD
costs,ipeds-123572,123572,2023-24,https://nces.ed.gov/ipeds/datacenter/data/IC2023_AY.zip,verified,2026-10-02,district,full_time_first_time_undergraduate,5742,2448,822,15770,2492,,USD
costs,ipeds-123572,123572,2023-24,https://nces.ed.gov/ipeds/datacenter/data/IC2023_AY.zip,verified,2026-10-02,in_state,full_time_first_time_undergraduate,5742,2448,822,15770,2492,,USD
costs,ipeds-123572,123572,2023-24,https://nces.ed.gov/ipeds/datacenter/data/IC2023_AY.zip,verified,2026-10-02,out_of_state,full_time_first_time_undergraduate,17622,2448,822,15770,2492,,USD
costs,ipeds-123642,123642,2023-24,https://nces.ed.gov/ipeds/datacenter/data/IC2023_AY.zip,verified,2026-10-02,district,full_time_first_time_undergraduate,12000,1409,938,,,,USD
costs,ipeds-123642,123642,2023-24,https://nces.ed.gov/ipeds/datacenter/data/IC2023_AY.zip,verified,2026-10-02,in_state,full_time_first_time_undergraduate,12000,1409,938,,,,USD
costs,ipeds-123642,123642,2023-24,https://nces.ed.gov/ipeds/datacenter/data/IC2023_AY.zip,verified,2026-10-02,out_of_state,full_time_first_time_undergraduate,12000,1409,938,,,,USD
costs,ipeds-123651,123651,2023-24,https://nces.ed.gov/ipeds/datacenter/data/IC2023_AY.zip,verified,2026-10-02,district,full_time_first_time_undergraduate,39250,700,935,10790,5875,,USD
costs,ipeds-123651,123651,2023-24,https://nces.ed.gov/ipeds/datacenter/data/IC2023_AY.zip,verified,2026-10-02,in_state,full_time_first_time_undergraduate,39250,700,935,10790,5875,,USD
costs,ipeds-123651,123651,2023-24,https://nces.ed.gov/ipeds/datacenter/data/IC2023_AY.zip,verified,2026-10-02,out_of_state,full_time_first_time_undergraduate,39250,700,935,10790,5875,,USD
costs,ipeds-123800,123800,2023-24,https://nces.ed.gov/ipeds/datacenter/data/IC2023_AY.zip,verified,2026-10-02,district,full_time_first_time_undergraduate,1288,56,1210,,,,USD
costs,ipeds-123800,123800,2023-24,https://nces.ed.gov/ipeds/datacenter/data/IC2023_AY.zip,verified,2026-10-02,in_state,full_time_first_time_undergraduate,1288,56,1210,,,,USD
costs,ipeds-123800,123800,2023-24,https://nces.ed.gov/ipeds/datacenter/data/IC2023_AY.zip,verified,2026-10-02,out_of_state,full_time_first_time_undergraduate,9436,56,1210,,,,USD
costs,ipeds-123952,123952,2023-24,https://nces.ed.gov/ipeds/datacenter/data/IC2023_AY.zip,verified,2026-10-02,district,full_time_first_time_undergraduate,51964,1600,3920,,,,USD
costs,ipeds-123952,123952,2023-24,https://nces.ed.gov/ipeds/datacenter/data/IC2023_AY.zip,verified,2026-10-02,in_state,full_time_first_time_undergraduate,51964,1600,3920,,,,USD
costs,ipeds-123952,123952,2023-24,https://nces.ed.gov/ipeds/datacenter/data/IC2023_AY.zip,verified,2026-10-02,out_of_state,full_time_first_time_undergraduate,51964,1600,3920,,,,USD
costs,ipeds-123961,123961,2023-24,https://nces.ed.gov/ipeds/datacenter/data/IC2023_AY.zip,verified,2026-10-02,district,full_time_first_time_undergraduate,66640,1597,1200,19198,1818,,USD
costs,ipeds-123961,123961,2023-24,https://nces.ed.gov/ipeds/datacenter/data/IC2023_AY.zip,verified,2026-10-02,in_state,full_time_first_time_undergraduate,66640,1597,1200,19198,1818,,USD
costs,ipeds-123961,123961,2023-24,https://nces.ed.gov/ipeds/datacenter/data/IC2023_AY.zip,verified,2026-10-02,out_of_state,full_time_first_time_undergraduate,66640,1597,1200,19198,1818,,USD
costs,ipeds-124113,124113,2023-24,https://nces.ed.gov/ipeds/datacenter/data/IC2023_AY.zip,verified,2026-10-02,district,full_time_first_time_undergraduate,1104,4,938,8077,3978,,USD
costs,ipeds-124113,124113,2023-24,https://nces.ed.gov/ipeds/datacenter/data/IC2023_AY.zip,verified,2026-10-02,in_state,full_time_first_time_undergraduate,1104,4,938,8077,3978,,USD
costs,ipeds-124113,124113,2023-24,https://nces.ed.gov/ipeds/datacenter/data/IC2023_AY.zip,verified,2026-10-02,out_of_state,full_time_first_time_undergraduate,9072,4,938,8077,3978,,USD
costs,ipeds-124292,124292,2023-24,https://nces.ed.gov/ipeds/datacenter/data/IC2023_AY.zip,verified,2026-10-02,district,full_time_first_time_undergraduate,28700,0,0,10700,4026,,USD
costs,ipeds-124292,124292,2023-24,https://nces.ed.gov/ipeds/datacenter/data/IC2023_AY.zip,verified,2026-10-02,in_state,full_time_first_time_undergraduate,28700,0,0,10700,4026,,USD
costs,ipeds-124292,124292,2023-24,https://nces.ed.gov/ipeds/datacenter/data/IC2023_AY.zip,verified,2026-10-02,out_of_state,full_time_first_time_undergraduate,28700,0,0,10700,4026,,USD
costs,ipeds-124487,124487,2023-24,https://nces.ed.gov/ipeds/datacenter/data/IC2023_AY.zip,verified,2026-10-02,district,full_time_first_time_undergraduate,14352,720,750,,,,USD
costs,ipeds-124487,124487,2023-24,https://nces.ed.gov/ipeds/datacenter/data/IC2023_AY.zip,verified,2026-10-02,in_state,full_time_first_time_undergraduate,14352,720,750,,,,USD
costs,ipeds-124487,124487,2023-24,https://nces.ed.gov/ipeds/datacenter/data/IC2023_AY.zip,verified,2026-10-02,out_of_state,full_time_first_time_undergraduate,14352,720,750,,,,USD
costs,ipeds-125028,125028,2023-24,https://nces.ed.gov/ipeds/datacenter/data/IC2023_AY.zip,verified,2026-10-02,district,full_time_first_time_undergraduate,1344,72,1152,,,,USD
costs,ipeds-125028,125028,2023-24,https://nces.ed.gov/ipeds/datacenter/data/IC2023_AY.zip,verified,2026-10-02,in_state,full_time_first_time_undergraduate,1344,72,1152,,,,USD
costs,ipeds-125028,125028,2023-24,https://nces.ed.gov/ipeds/datacenter/data/IC2023_AY.zip,verified,2026-10-02,out_of_state,full_time_first_time_undergraduate,8092,87,1152,,,,USD
costs,ipeds-125091,125091,2023-24,https://nces.ed.gov/ipeds/datacenter/data/IC2023_AY.zip,verified,2026-10-02,district,full_time_first_time_undergraduate,1402,23,1080,,,,USD
costs,ipeds-125091,125091,2023-24,https://nces.ed.gov/ipeds/datacenter/data/IC2023_AY.zip,verified,2026-10-02,in_state,full_time_first_time_undergraduate,1402,23,1080,,,,USD
costs,ipeds-125091,125091,2023-24,https://nces.ed.gov/ipeds/datacenter/data/IC2023_AY.zip,verified,2026-10-02,out_of_state,full_time_first_time_undergraduate,10102,23,1080,,,,USD
costs,ipeds-125170,125170,2023-24,https://nces.ed.gov/ipeds/datacenter/data/IC2023_AY.zip,verified,2026-10-02,district,full_time_first_time_undergraduate,1104,44,1971,,,,USD
costs,ipeds-125170,125170,2023-24,https://nces.ed.gov/ipeds/datacenter/data/IC2023_AY.zip,verified,2026-10-02,in_state,full_time_first_time_undergraduate,1104,44,1971,,,,USD
costs,ipeds-125170,125170,2023-24,https://nces.ed.gov/ipeds/datacenter/data/IC2023_AY.zip,verified,2026-10-02,out_of_state,full_time_first_time_undergraduate,8472,212,1971,,,,USD
costs,ipeds-125462,125462,2023-24,https://nces.ed.gov/ipeds/datacenter/data/IC2023_AY.zip,verified,2026-10-02,district,full_time_first_time_undergraduate,1380,,938,7800,3978,,USD
costs,ipeds-125462,125462,2023-24,https://nces.ed.gov/ipeds/datacenter/data/IC2023_AY.zip,verified,2026-10-02,in_state,full_time_first_time_undergraduate,1380,,938,7800,3978,,USD
costs,ipeds-125462,125462,2023-24,https://nces.ed.gov/ipeds/datacenter/data/IC2023_AY.zip,verified,2026-10-02,out_of_state,full_time_first_time_undergraduate,10080,,938,7800,3978,,USD
costs,ipeds-125471,125471,2023-24,https://nces.ed.gov/ipeds/datacenter/data/IC2023_AY.zip,verified,2026-10-02,district,full_time_first_time_undergraduate,1196,42,938,,,,USD
costs,ipeds-125471,125471,2023-24,https://nces.ed.gov/ipeds/datacenter/data/IC2023_AY.zip,verified,2026-10-02,in_state,full_time_first_time_undergraduate,1196,42,938,,,,USD
costs,ipeds-125471,125471,2023-24,https://nces.ed.gov/ipeds/datacenter/data/IC2023_AY.zip,verified,2026-10-02,out_of_state,full_time_first_time_undergraduate,10088,42,938,,,,USD
costs,ipeds-125499,125499,2023-24,https://nces.ed.gov/ipeds/datacenter/data/IC2023_AY.zip,verified,2026-10-02,district,full_time_first_time_undergraduate,1380,110,1152,,,,USD
costs,ipeds-125499,125499,2023-24,https://nces.ed.gov/ipeds/datacenter/data/IC2023_AY.zip,verified,2026-10-02,in_state,full_time_first_time_undergraduate,1380,110,1152,,,,USD
costs,ipeds-125499,125499,2023-24,https://nces.ed.gov/ipeds/datacenter/data/IC2023_AY.zip,verified,2026-10-02,out_of_state,full_time_first_time_undergraduate,8592,110,1152,,,,USD
costs,ipeds-125727,125727,2023-24,https://nces.ed.gov/ipeds/datacenter/data/IC2023_AY.zip,verified,2026-10-02,district,full_time_first_time_undergraduate,50550,1240,1600,16360,1400,,USD
costs,ipeds-125727,125727,2023-24,https://nces.ed.gov/ipeds/datacenter/data/IC2023_AY.zip,verified,2026-10-02,in_state,full_time_first_time_undergraduate,50550,1240,1600,16360,1400,,USD
costs,ipeds-125727,125727,2023-24,https://nces.ed.gov/ipeds/datacenter/data/IC2023_AY.zip,verified,2026-10-02,out_of_state,full_time_first_time_undergraduate,50550,1240,1600,16360,1400,,USD
costs,ipeds-125763,125763,2023-24,https://nces.ed.gov/ipeds/datacenter/data/IC2023_AY.zip,verified,2026-10-02,district,full_time_first_time_undergraduate,48924,940,1000,15623,1000,,USD
costs,ipeds-125763,125763,2023-24,https://nces.ed.gov/ipeds/datacenter/data/IC2023_AY.zip,verified,2026-10-02,in_state,full_time_first_time_undergraduate,48924,940,1000,15623,1000,,USD
costs,ipeds-125763,125763,2023-24,https://nces.ed.gov/ipeds/datacenter/data/IC2023_AY.zip,verified,2026-10-02,out_of_state,full_time_first_time_undergraduate,48924,940,1000,15623,1000,,USD
costs,ipeds-125897,125897,2023-24,https://nces.ed.gov/ipeds/datacenter/data/IC2023_AY.zip,verified,2026-10-02,district,full_time_first_time_undergraduate,43392,1494,938,14138,3978,,USD
costs,ipeds-125897,125897,2023-24,https://nces.ed.gov/ipeds/datacenter/data/IC2023_AY.zip,verified,2026-10-02,in_state,full_time_first_time_undergraduate,43392,1494,938,14138,3978,,USD
costs,ipeds-125897,125897,2023-24,https://nces.ed.gov/ipeds/datacenter/data/IC2023_AY.zip,verified,2026-10-02,out_of_state,full_time_first_time_undergraduate,43392,1494,938,14138,3978,,USD
costs,ipeds-126076,126076,2023-24,https://nces.ed.gov/ipeds/datacenter/data/IC2023_AY.zip,verified,2026-10-02,district,full_time_first_time_undergraduate,16200,700,300,8100,6000,,USD
costs,ipeds-126076,126076,2023-24,https://nces.ed.gov/ipeds/datacenter/data/IC2023_AY.zip,verified,2026-10-02,in_state,full_time_first_time_undergraduate,16200,700,300,8100,6000,,USD
costs,ipeds-126076,126076,2023-24,https://nces.ed.gov/ipeds/datacenter/data/IC2023_AY.zip,verified,2026-10-02,out_of_state,full_time_first_time_undergraduate,16200,700,300,8100,6000,,USD
costs,ipeds-126119,126119,2023-24,https://nces.ed.gov/ipeds/datacenter/data/IC2023_AY.zip,verified,2026-10-02,district,full_time_first_time_undergraduate,1104,24,1080,,,,USD
costs,ipeds-126119,126119,2023-24,https://nces.ed.gov/ipeds/datacenter/data/IC2023_AY.zip,verified,2026-10-02,in_state,full_time_first_time_undergraduate,1104,24,1080,,,,USD
costs,ipeds-126119,126119,2023-24,https://nces.ed.gov/ipeds/datacenter/data/IC2023_AY.zip,verified,2026-10-02,out_of_state,full_time_first_time_undergraduate,8184,24,1080,,,,USD
costs,ipeds-154022,154022,2023-24,https://nces.ed.gov/ipeds/datacenter/data/IC2023_AY.zip,verified,2026-10-02,district,full_time_first_time_undergraduate,12240,920,1150,,,,USD
costs,ipeds-154022,154022,2023-24,https://nces.ed.gov/ipeds/datacenter/data/IC2023_AY.zip,verified,2026-10-02,in_state,full_time_first_time_undergraduate,12240,920,1150,,,,USD
costs,ipeds-154022,154022,2023-24,https://nces.ed.gov/ipeds/datacenter/data/IC2023_AY.zip,verified,2026-10-02,out_of_state,full_time_first_time_undergraduate,12240,920,1150,,,,USD
costs,ipeds-243744,243744,2023-24,https://nces.ed.gov/ipeds/datacenter/data/IC2023_AY.zip,verified,2026-10-02,district,full_time_first_time_undergraduate,61731,753,825,19922,4602,,USD
costs,ipeds-243744,243744,2023-24,https://nces.ed.gov/ipeds/datacenter/data/IC2023_AY.zip,verified,2026-10-02,in_state,full_time_first_time_undergraduate,61731,753,825,19922,4602,,USD
costs,ipeds-243744,243744,2023-24,https://nces.ed.gov/ipeds/datacenter/data/IC2023_AY.zip,verified,2026-10-02,out_of_state,full_time_first_time_undergraduate,61731,753,825,19922,4602,,USD
costs,ipeds-260789,260789,2023-24,https://nces.ed.gov/ipeds/datacenter/data/IC2023_AY.zip,verified,2026-10-02,district,full_time_first_time_undergraduate,14804,0,1123,,,,USD
costs,ipeds-260789,260789,2023-24,https://nces.ed.gov/ipeds/datacenter/data/IC2023_AY.zip,verified,2026-10-02,in_state,full_time_first_time_undergraduate,14804,0,1123,,,,USD
costs,ipeds-260789,260789,2023-24,https://nces.ed.gov/ipeds/datacenter/data/IC2023_AY.zip,verified,2026-10-02,out_of_state,full_time_first_time_undergraduate,14804,0,1123,,,,USD
costs,ipeds-262086,262086,2023-24,https://nces.ed.gov/ipeds/datacenter/data/IC2023_AY.zip,verified,2026-10-02,district,full_time_first_time_undergraduate,12000,520,936,,,,USD
costs,ipeds-262086,262086,2023-24,https://nces.ed.gov/ipeds/datacenter/data/IC2023_AY.zip,verified,2026-10-02,in_state,full_time_first_time_undergraduate,12000,520,936,,,,USD
costs,ipeds-262086,262086,2023-24,https://nces.ed.gov/ipeds/datacenter/data/IC2023_AY.zip,verified,2026-10-02,out_of_state,full_time_first_time_undergraduate,12000,520,936,,,,USD
costs,ipeds-366401,366401,2023-24,https://nces.ed.gov/ipeds/datacenter/data/IC2023_AY.zip,verified,2026-10-02,district,full_time_first_time_undergraduate,1104,64,1152,,,,USD
costs,ipeds-366401,366401,2023-24,https://nces.ed.gov/ipeds/datacenter/data/IC2023_AY.zip,verified,2026-10-02,in_state,full_time_first_time_undergraduate,1104,64,1152,,,,USD
costs,ipeds-366401,366401,2023-24,https://nces.ed.gov/ipeds/datacenter/data/IC2023_AY.zip,verified,2026-10-02,out_of_state,full_time_first_time_undergraduate,8112,64,1152,,,,USD
costs,ipeds-366711,366711,2023-24,https://nces.ed.gov/ipeds/datacenter/data/IC2023_AY.zip,verified,2026-10-02,district,full_time_first_time_undergraduate,5742,1997,1018,14152,3714,,USD
costs,ipeds-366711,366711,2023-24,https://nces.ed.gov/ipeds/datacenter/data/IC2023_AY.zip,verified,2026-10-02,in_state,full_time_first_time_undergraduate,5742,1997,1018,14152,3714,,USD
costs,ipeds-366711,366711,2023-24,https://nces.ed.gov/ipeds/datacenter/data/IC2023_AY.zip,verified,2026-10-02,out_of_state,full_time_first_time_undergraduate,17622,1997,1018,14152,3714,,USD
costs,ipeds-378576,378576,2023-24,https://nces.ed.gov/ipeds/datacenter/data/IC2023_AY.zip,verified,2026-10-02,district,full_time_first_time_undergraduate,10492,240,910,,,,USD
costs,ipeds-378576,378576,2023-24,https://nces.ed.gov/ipeds/datacenter/data/IC2023_AY.zip,verified,2026-10-02,in_state,full_time_first_time_undergraduate,10492,240,910,,,,USD
costs,ipeds-378576,378576,2023-24,https://nces.ed.gov/ipeds/datacenter/data/IC2023_AY.zip,verified,2026-10-02,out_of_state,full_time_first_time_undergraduate,10492,240,910,,,,USD
costs,ipeds-395362,395362,2023-24,https://nces.ed.gov/ipeds/datacenter/data/IC2023_AY.zip,verified,2026-10-02,district,full_time_first_time_undergraduate,1104,10,938,,,,USD
costs,ipeds-395362,395362,2023-24,https://nces.ed.gov/ipeds/datacenter/data/IC2023_AY.zip,verified,2026-10-02,in_state,full_time_first_time_undergraduate,1104,10,938,,,,USD
costs,ipeds-395362,395362,2023-24,https://nces.ed.gov/ipeds/datacenter/data/IC2023_AY.zip,verified,2026-10-02,out_of_state,full_time_first_time_undergraduate,11040,10,938,,,,USD
costs,ipeds-399212,399212,2023-24,https://nces.ed.gov/ipeds/datacenter/data/IC2023_AY.zip,verified,2026-10-02,district,full_time_first_time_undergraduate,1104,60,1500,,,,USD
costs,ipeds-399212,399212,2023-24,https://nces.ed.gov/ipeds/datacenter/data/IC2023_AY.zip,verified,2026-10-02,in_state,full_time_first_time_undergraduate,1104,60,1500,,,,USD
costs,ipeds-399212,399212,2023-24,https://nces.ed.gov/ipeds/datacenter/data/IC2023_AY.zip,verified,2026-10-02,out_of_state,full_time_first_time_undergraduate,9552,60,1500,,,,USD
costs,ipeds-399869,399869,2023-24,https://nces.ed.gov/ipeds/datacenter/data/IC2023_AY.zip,verified,2026-10-02,district,full_time_first_time_undergraduate,17915,2600,1440,,,,USD
costs,ipeds-399869,399869,2023-24,https://nces.ed.gov/ipeds/datacenter/data/IC2023_AY.zip,verified,2026-10-02,in_state,full_time_first_time_undergraduate,17915,2600,1440,,,,USD
costs,ipeds-399869,399869,2023-24,https://nces.ed.gov/ipeds/datacenter/data/IC2023_AY.zip,verified,2026-10-02,out_of_state,full_time_first_time_undergraduate,17915,2600,1440,,,,USD
costs,ipeds-399911,399911,2023-24,https://nces.ed.gov/ipeds/datacenter/data/IC2023_AY.zip,verified,2026-10-02,district,full_time_first_time_undergraduate,34382,3068,938,13892,2784,,USD
costs,ipeds-399911,399911,2023-24,https://nces.ed.gov/ipeds/datacenter/data/IC2023_AY.zip,verified,2026-10-02,in_state,full_time_first_time_undergraduate,34382,3068,938,13892,2784,,USD
costs,ipeds-399911,399911,2023-24,https://nces.ed.gov/ipeds/datacenter/data/IC2023_AY.zip,verified,2026-10-02,out_of_state,full_time_first_time_undergraduate,34382,3068,938,13892,2784,,USD
costs,ipeds-400558,400558,2023-24,https://nces.ed.gov/ipeds/datacenter/data/IC2023_AY.zip,verified,2026-10-02,district,full_time_first_time_undergraduate,6600,530,1193,,,,USD
costs,ipeds-400558,400558,2023-24,https://nces.ed.gov/ipeds/datacenter/data/IC2023_AY.zip,verified,2026-10-02,in_state,full_time_first_time_undergraduate,6600,530,1193,,,,USD
costs,ipeds-400558,400558,2023-24,https://nces.ed.gov/ipeds/datacenter/data/IC2023_AY.zip,verified,2026-10-02,out_of_state,full_time_first_time_undergraduate,6600,530,1193,,,,USD
costs,ipeds-401223,401223,2023-24,https://nces.ed.gov/ipeds/datacenter/data/IC2023_AY.zip,verified,2026-10-02,district,full_time_first_time_undergraduate,6720,200,600,,,,USD
costs,ipeds-401223,401223,2023-24,https://nces.ed.gov/ipeds/datacenter/data/IC2023_AY.zip,verified,2026-10-02,in_state,full_time_first_time_undergraduate,6720,200,600,,,,USD
costs,ipeds-401223,401223,2023-24,https://nces.ed.gov/ipeds/datacenter/data/IC2023_AY.zip,verified,2026-10-02,out_of_state,full_time_first_time_undergraduate,6720,200,600,,,,USD
costs,ipeds-409698,409698,2023-24,https://nces.ed.gov/ipeds/datacenter/data/IC2023_AY.zip,verified,2026-10-02,district,full_time_first_time_undergraduate,5742,1695,864,16413,4005,,USD
costs,ipeds-409698,409698,2023-24,https://nces.ed.gov/ipeds/datacenter/data/IC2023_AY.zip,verified,2026-10-02,in_state,full_time_first_time_undergraduate,5742,1695,864,16413,4005,,USD
costs,ipeds-409698,409698,2023-24,https://nces.ed.gov/ipeds/datacenter/data/IC2023_AY.zip,verified,2026-10-02,out_of_state,full_time_first_time_undergraduate,17622,1695,864,16413,4005,,USD
costs,ipeds-419183,419183,2023-24,https://nces.ed.gov/ipeds/datacenter/data/IC2023_AY.zip,verified,2026-10-02,district,full_time_first_time_undergraduate,9820,75,500,,,,USD
costs,ipeds-419183,419183,2023-24,https://nces.ed.gov/ipeds/datacenter/data/IC2023_AY.zip,verified,2026-10-02,in_state,full_time_first_time_undergraduate,9820,75,500,,,,USD
costs,ipeds-419183,419183,2023-24,https://nces.ed.gov/ipeds/datacenter/data/IC2023_AY.zip,verified,2026-10-02,out_of_state,full_time_first_time_undergraduate,9820,75,500,,,,USD
costs,ipeds-432384,432384,2023-24,https://nces.ed.gov/ipeds/datacenter/data/IC2023_AY.zip,verified,2026-10-02,district,full_time_first_time_undergraduate,14804,0,1123,,,,USD
costs,ipeds-432384,432384,2023-24,https://nces.ed.gov/ipeds/datacenter/data/IC2023_AY.zip,verified,2026-10-02,in_state,full_time_first_time_undergraduate,14804,0,1123,,,,USD
costs,ipeds-432384,432384,2023-24,https://nces.ed.gov/ipeds/datacenter/data/IC2023_AY.zip,verified,2026-10-02,out_of_state,full_time_first_time_undergraduate,14804,0,1123,,,,USD
costs,ipeds-433004,433004,2023-24,https://nces.ed.gov/ipeds/datacenter/data/IC2023_AY.zip,verified,2026-10-02,district,full_time_first_time_undergraduate,21420,3155,1500,,,,USD
costs,ipeds-433004,433004,2023-24,https://nces.ed.gov/ipeds/datacenter/data/IC2023_AY.zip,verified,2026-10-02,in_state,full_time_first_time_undergraduate,21420,3155,1500,,,,USD
costs,ipeds-433004,433004,2023-24,https://nces.ed.gov/ipeds/datacenter/data/IC2023_AY.zip,verified,2026-10-02,out_of_state,full_time_first_time_undergraduate,21420,3155,1500,,,,USD
costs,ipeds-433420,433420,2023-24,https://nces.ed.gov/ipeds/datacenter/data/IC2023_AY.zip,verified,2026-10-02,district,full_time_first_time_undergraduate,15030,20435,0,8150,3822,,USD
costs,ipeds-433420,433420,2023-24,https://nces.ed.gov/ipeds/datacenter/data/IC2023_AY.zip,verified,2026-10-02,in_state,full_time_first_time_undergraduate,15030,20435,0,8150,3822,,USD
costs,ipeds-433420,433420,2023-24,https://nces.ed.gov/ipeds/datacenter/data/IC2023_AY.zip,verified,2026-10-02,out_of_state,full_time_first_time_undergraduate,15030,20435,0,8150,3822,,USD
costs,ipeds-437750,437750,2023-24,https://nces.ed.gov/ipeds/datacenter/data/IC2023_AY.zip,verified,2026-10-02,district,full_time_first_time_undergraduate,15160,3150,500,,,,USD
costs,ipeds-437750,437750,2023-24,https://nces.ed.gov/ipeds/datacenter/data/IC2023_AY.zip,verified,2026-10-02,in_state,full_time_first_time_undergraduate,15160,3150,500,,,,USD
costs,ipeds-437750,437750,2023-24,https://nces.ed.gov/ipeds/datacenter/data/IC2023_AY.zip,verified,2026-10-02,out_of_state,full_time_first_time_undergraduate,15160,3150,500,,,,USD
costs,ipeds-440819,440819,2023-24,https://nces.ed.gov/ipeds/datacenter/data/IC2023_AY.zip,verified,2026-10-02,district,full_time_first_time_undergraduate,19400,0,5000,,,,USD
costs,ipeds-440819,440819,2023-24,https://nces.ed.gov/ipeds/datacenter/data/IC2023_AY.zip,verified,2026-10-02,in_state,full_time_first_time_undergraduate,19400,0,5000,,,,USD
costs,ipeds-440819,440819,2023-24,https://nces.ed.gov/ipeds/datacenter/data/IC2023_AY.zip,verified,2026-10-02,out_of_state,full_time_first_time_undergraduate,19400,0,5000,,,,USD
costs,ipeds-441229,441229,2023-24,https://nces.ed.gov/ipeds/datacenter/data/IC2023_AY.zip,verified,2026-10-02,district,full_time_first_time_undergraduate,17985,1115,821,,,,USD
costs,ipeds-441229,441229,2023-24,https://nces.ed.gov/ipeds/datacenter/data/IC2023_AY.zip,verified,2026-10-02,in_state,full_time_first_time_undergraduate,17985,1115,821,,,,USD
costs,ipeds-441229,441229,2023-24,https://nces.ed.gov/ipeds/datacenter/data/IC2023_AY.zip,verified,2026-10-02,out_of_state,full_time_first_time_undergraduate,17985,1115,821,,,,USD
costs,ipeds-441937,441937,2023-24,https://nces.ed.gov/ipeds/datacenter/data/IC2023_AY.zip,verified,2026-10-02,district,full_time_first_time_undergraduate,5742,1075,906,14200,3714,,USD
costs,ipeds-441937,441937,2023-24,https://nces.ed.gov/ipeds/datacenter/data/IC2023_AY.zip,verified,2026-10-02,in_state,full_time_first_time_undergraduate,5742,1075,906,14200,3714,,USD
costs,ipeds-441937,441937,2023-24,https://nces.ed.gov/ipeds/datacenter/data/IC2023_AY.zip,verified,2026-10-02,out_of_state,full_time_first_time_undergraduate,17622,1075,906,14200,3714,,USD
costs,ipeds-443331,443331,2023-24,https://nces.ed.gov/ipeds/datacenter/data/IC2023_AY.zip,verified,2026-10-02,district,full_time_first_time_undergraduate,35784,1410,3992,,,,USD
costs,ipeds-443331,443331,2023-24,https://nces.ed.gov/ipeds/datacenter/data/IC2023_AY.zip,verified,2026-10-02,in_state,full_time_first_time_undergraduate,35784,1410,3992,,,,USD
costs,ipeds-443331,443331,2023-24,https://nces.ed.gov/ipeds/datacenter/data/IC2023_AY.zip,verified,2026-10-02,out_of_state,full_time_first_time_undergraduate,35784,1410,3992,,,,USD
costs,ipeds-444219,444219,2023-24,https://nces.ed.gov/ipeds/datacenter/data/IC2023_AY.zip,verified,2026-10-02,district,full_time_first_time_undergraduate,0,1288,1152,,,,USD
costs,ipeds-444219,444219,2023-24,https://nces.ed.gov/ipeds/datacenter/data/IC2023_AY.zip,verified,2026-10-02,in_state,full_time_first_time_undergraduate,0,1288,1152,,,,USD
costs,ipeds-444219,444219,2023-24,https://nces.ed.gov/ipeds/datacenter/data/IC2023_AY.zip,verified,2026-10-02,out_of_state,full_time_first_time_undergraduate,11520,1288,1152,,,,USD
costs,ipeds-445188,445188,2023-24,https://nces.ed.gov/ipeds/datacenter/data/IC2023_AY.zip,verified,2026-10-02,district,full_time_first_time_undergraduate,11834,2333,1214,20293,5011,,USD
costs,ipeds-445188,445188,2023-24,https://nces.ed.gov/ipeds/datacenter/data/IC2023_AY.zip,verified,2026-10-02,in_state,full_time_first_time_undergraduate,11834,2333,1214,20293,5011,,USD
costs,ipeds-445188,445188,2023-24,https://nces.ed.gov/ipeds/datacenter/data/IC2023_AY.zip,verified,2026-10-02,out_of_state,full_time_first_time_undergraduate,42611,2333,1214,20293,5011,,USD
costs,ipeds-446163,446163,2023-24,https://nces.ed.gov/ipeds/datacenter/data/IC2023_AY.zip,verified,2026-10-02,district,full_time_first_time_undergraduate,9585,110,300,,,,USD
costs,ipeds-446163,446163,2023-24,https://nces.ed.gov/ipeds/datacenter/data/IC2023_AY.zip,verified,2026-10-02,in_state,full_time_first_time_undergraduate,9585,110,300,,,,USD
costs,ipeds-446163,446163,2023-24,https://nces.ed.gov/ipeds/datacenter/data/IC2023_AY.zip,verified,2026-10-02,out_of_state,full_time_first_time_undergraduate,9585,110,300,,,,USD
costs,ipeds-446385,446385,2023-24,https://nces.ed.gov/ipeds/datacenter/data/IC2023_AY.zip,verified,2026-10-02,district,full_time_first_time_undergraduate,24450,1200,900,17253,4671,,USD
costs,ipeds-446385,446385,2023-24,https://nces.ed.gov/ipeds/datacenter/data/IC2023_AY.zip,verified,2026-10-02,in_state,full_time_first_time_undergraduate,24450,1200,900,17253,4671,,USD
costs,ipeds-446385,446385,2023-24,https://nces.ed.gov/ipeds/datacenter/data/IC2023_AY.zip,verified,2026-10-02,out_of_state,full_time_first_time_undergraduate,24450,1200,900,17253,4671,,USD
costs,ipeds-447050,447050,2023-24,https://nces.ed.gov/ipeds/datacenter/data/IC2023_AY.zip,verified,2026-10-02,district,full_time_first_time_undergraduate,6000,600,1600,,,,USD
costs,ipeds-447050,447050,2023-24,https://nces.ed.gov/ipeds/datacenter/data/IC2023_AY.zip,verified,2026-10-02,in_state,full_time_first_time_undergraduate,6000,600,1600,,,,USD
costs,ipeds-447050,447050,2023-24,https://nces.ed.gov/ipeds/datacenter/data/IC2023_AY.zip,verified,2026-10-02,out_of_state,full_time_first_time_undergraduate,6000,600,1600,,,,USD
costs,ipeds-447953,447953,2023-24,https://nces.ed.gov/ipeds/datacenter/data/IC2023_AY.zip,verified,2026-10-02,district,full_time_first_time_undergraduate,9600,860,800,7380,4746,,USD
costs,ipeds-447953,447953,2023-24,https://nces.ed.gov/ipeds/datacenter/data/IC2023_AY.zip,verified,2026-10-02,in_state,full_time_first_time_undergraduate,9600,860,800,7380,4746,,USD
costs,ipeds-447953,447953,2023-24,https://nces.ed.gov/ipeds/datacenter/data/IC2023_AY.zip,verified,2026-10-02,out_of_state,full_time_first_time_undergraduate,9600,860,800,7380,4746,,USD
costs,ipeds-448594,448594,2023-24,https://nces.ed.gov/ipeds/datacenter/data/IC2023_AY.zip,verified,2026-10-02,district,full_time_first_time_undergraduate,1380,,938,,,,USD
costs,ipeds-448594,448594,2023-24,https://nces.ed.gov/ipeds/datacenter/data/IC2023_AY.zip,verified,2026-10-02,in_state,full_time_first_time_undergraduate,1380,,938,,,,USD
costs,ipeds-448594,448594,2023-24,https://nces.ed.gov/ipeds/datacenter/data/IC2023_AY.zip,verified,2026-10-02,out_of_state,full_time_first_time_undergraduate,10080,,938,,,,USD
costs,ipeds-449384,449384,2023-24,https://nces.ed.gov/ipeds/datacenter/data/IC2023_AY.zip,verified,2026-10-02,district,full_time_first_time_undergraduate,33390,825,938,,,,USD
costs,ipeds-449384,449384,2023-24,https://nces.ed.gov/ipeds/datacenter/data/IC2023_AY.zip,verified,2026-10-02,in_state,full_time_first_time_undergraduate,33390,825,938,,,,USD
costs,ipeds-449384,449384,2023-24,https://nces.ed.gov/ipeds/datacenter/data/IC2023_AY.zip,verified,2026-10-02,out_of_state,full_time_first_time_undergraduate,33390,825,938,,,,USD
costs,ipeds-449870,449870,2023-24,https://nces.ed.gov/ipeds/datacenter/data/IC2023_AY.zip,verified,2026-10-02,district,full_time_first_time_undergraduate,13560,1158,938,12760,4380,,USD
costs,ipeds-449870,449870,2023-24,https://nces.ed.gov/ipeds/datacenter/data/IC2023_AY.zip,verified,2026-10-02,in_state,full_time_first_time_undergraduate,13560,1158,938,12760,4380,,USD
costs,ipeds-449870,449870,2023-24,https://nces.ed.gov/ipeds/datacenter/data/IC2023_AY.zip,verified,2026-10-02,out_of_state,full_time_first_time_undergraduate,13560,1158,938,12760,4380,,USD
costs,ipeds-455512,455512,2023-24,https://nces.ed.gov/ipeds/datacenter/data/IC2023_AY.zip,verified,2026-10-02,district,full_time_first_time_undergraduate,1104,20,938,,,,USD
costs,ipeds-455512,455512,2023-24,https://nces.ed.gov/ipeds/datacenter/data/IC2023_AY.zip,verified,2026-10-02,in_state,full_time_first_time_undergraduate,1104,20,938,,,,USD
costs,ipeds-455512,455512,2023-24,https://nces.ed.gov/ipeds/datacenter/data/IC2023_AY.zip,verified,2026-10-02,out_of_state,full_time_first_time_undergraduate,8164,20,938,,,,USD
costs,ipeds-455664,455664,2023-24,https://nces.ed.gov/ipeds/datacenter/data/IC2023_AY.zip,verified,2026-10-02,district,full_time_first_time_undergraduate,18576,2268,2184,,,,USD
costs,ipeds-455664,455664,2023-24,https://nces.ed.gov/ipeds/datacenter/data/IC2023_AY.zip,verified,2026-10-02,in_state,full_time_first_time_undergraduate,18576,2268,2184,,,,USD
costs,ipeds-455664,455664,2023-24,https://nces.ed.gov/ipeds/datacenter/data/IC2023_AY.zip,verified,2026-10-02,out_of_state,full_time_first_time_undergraduate,18576,2268,2184,,,,USD
costs,ipeds-455770,455770,2023-24,https://nces.ed.gov/ipeds/datacenter/data/IC2023_AY.zip,verified,2026-10-02,district,full_time_first_time_undergraduate,34322,825,1200,11288,7507,,USD
costs,ipeds-455770,455770,2023-24,https://nces.ed.gov/ipeds/datacenter/data/IC2023_AY.zip,verified,2026-10-02,in_state,full_time_first_time_undergraduate,34322,825,1200,11288,7507,,USD
costs,ipeds-455770,455770,2023-24,https://nces.ed.gov/ipeds/datacenter/data/IC2023_AY.zip,verified,2026-10-02,out_of_state,full_time_first_time_undergraduate,34322,825,1200,11288,7507,,USD
costs,ipeds-458210,458210,2023-24,https://nces.ed.gov/ipeds/datacenter/data/IC2023_AY.zip,verified,2026-10-02,district,full_time_first_time_undergraduate,21558,1127,2496,,,,USD
costs,ipeds-458210,458210,2023-24,https://nces.ed.gov/ipeds/datacenter/data/IC2023_AY.zip,verified,2026-10-02,in_state,full_time_first_time_undergraduate,21558,1127,2496,,,,USD
costs,ipeds-458210,458210,2023-24,https://nces.ed.gov/ipeds/datacenter/data/IC2023_AY.zip,verified,2026-10-02,out_of_state,full_time_first_time_undergraduate,21558,1127,2496,,,,USD
costs,ipeds-458229,458229,2023-24,https://nces.ed.gov/ipeds/datacenter/data/IC2023_AY.zip,verified,2026-10-02,district,full_time_first_time_undergraduate,35784,1410,3992,,,,USD
costs,ipeds-458229,458229,2023-24,https://nces.ed.gov/ipeds/datacenter/data/IC2023_AY.zip,verified,2026-10-02,in_state,full_time_first_time_undergraduate,35784,1410,3992,,,,USD
costs,ipeds-458229,458229,2023-24,https://nces.ed.gov/ipeds/datacenter/data/IC2023_AY.zip,verified,2026-10-02,out_of_state,full_time_first_time_undergraduate,35784,1410,3992,,,,USD
costs,ipeds-459727,459727,2023-24,https://nces.ed.gov/ipeds/datacenter/data/IC2023_AY.zip,verified,2026-10-02,district,full_time_first_time_undergraduate,14400,200,1046,,,,USD
costs,ipeds-459727,459727,2023-24,https://nces.ed.gov/ipeds/datacenter/data/IC2023_AY.zip,verified,2026-10-02,in_state,full_time_first_time_undergraduate,14400,200,1046,,,,USD
costs,ipeds-459727,459727,2023-24,https://nces.ed.gov/ipeds/datacenter/data/IC2023_AY.zip,verified,2026-10-02,out_of_state,full_time_first_time_undergraduate,14400,200,1046,,,,USD
costs,ipeds-460394,460394,2023-24,https://nces.ed.gov/ipeds/datacenter/data/IC2023_AY.zip,verified,2026-10-02,district,full_time_first_time_undergraduate,1380,40,1440,,,,USD
costs,ipeds-460394,460394,2023-24,https://nces.ed.gov/ipeds/datacenter/data/IC2023_AY.zip,verified,2026-10-02,in_state,full_time_first_time_undergraduate,1380,40,1440,,,,USD
costs,ipeds-460394,460394,2023-24,https://nces.ed.gov/ipeds/datacenter/data/IC2023_AY.zip,verified,2026-10-02,out_of_state,full_time_first_time_undergraduate,11190,40,1440,,,,USD
costs,ipeds-460464,460464,2023-24,https://nces.ed.gov/ipeds/datacenter/data/IC2023_AY.zip,verified,2026-10-02,district,full_time_first_time_undergraduate,1380,40,1440,,,,USD
costs,ipeds-460464,460464,2023-24,https://nces.ed.gov/ipeds/datacenter/data/IC2023_AY.zip,verified,2026-10-02,in_state,full_time_first_time_undergraduate,1380,40,1440,,,,USD
costs,ipeds-460464,460464,2023-24,https://nces.ed.gov/ipeds/datacenter/data/IC2023_AY.zip,verified,2026-10-02,out_of_state,full_time_first_time_undergraduate,11190,40,1440,,,,USD
costs,ipeds-461148,461148,2023-24,https://nces.ed.gov/ipeds/datacenter/data/IC2023_AY.zip,verified,2026-10-02,district,full_time_first_time_undergraduate,34898,1840,1000,23752,4504,,USD
costs,ipeds-461148,461148,2023-24,https://nces.ed.gov/ipeds/datacenter/data/IC2023_AY.zip,verified,2026-10-02,in_state,full_time_first_time_undergraduate,34898,1840,1000,23752,4504,,USD
costs,ipeds-461148,461148,2023-24,https://nces.ed.gov/ipeds/datacenter/data/IC2023_AY.zip,verified,2026-10-02,out_of_state,full_time_first_time_undergraduate,34898,1840,1000,23752,4504,,USD
costs,ipeds-462354,462354,2023-24,https://nces.ed.gov/ipeds/datacenter/data/IC2023_AY.zip,verified,2026-10-02,district,full_time_first_time_undergraduate,28500,1000,1905,15099,6822,,USD
costs,ipeds-462354,462354,2023-24,https://nces.ed.gov/ipeds/datacenter/data/IC2023_AY.zip,verified,2026-10-02,in_state,full_time_first_time_undergraduate,28500,1000,1905,15099,6822,,USD
costs,ipeds-462354,462354,2023-24,https://nces.ed.gov/ipeds/datacenter/data/IC2023_AY.zip,verified,2026-10-02,out_of_state,full_time_first_time_undergraduate,28500,1000,1905,15099,6822,,USD
costs,ipeds-474863,474863,2023-24,https://nces.ed.gov/ipeds/datacenter/data/IC2023_AY.zip,verified,2026-10-02,district,full_time_first_time_undergraduate,11976,0,1200,,,,USD
costs,ipeds-474863,474863,2023-24,https://nces.ed.gov/ipeds/datacenter/data/IC2023_AY.zip,verified,2026-10-02,in_state,full_time_first_time_undergraduate,11976,0,1200,,,,USD
costs,ipeds-474863,474863,2023-24,https://nces.ed.gov/ipeds/datacenter/data/IC2023_AY.zip,verified,2026-10-02,out_of_state,full_time_first_time_undergraduate,11976,0,1200,,,,USD
costs,ipeds-475635,475635,2023-24,https://nces.ed.gov/ipeds/datacenter/data/IC2023_AY.zip,verified,2026-10-02,district,full_time_first_time_undergraduate,23220,0,2400,,,,USD
costs,ipeds-475635,475635,2023-24,https://nces.ed.gov/ipeds/datacenter/data/IC2023_AY.zip,verified,2026-10-02,in_state,full_time_first_time_undergraduate,23220,0,2400,,,,USD
costs,ipeds-475635,475635,2023-24,https://nces.ed.gov/ipeds/datacenter/data/IC2023_AY.zip,verified,2026-10-02,out_of_state,full_time_first_time_undergraduate,23220,0,2400,,,,USD
costs,ipeds-480204,480204,2023-24,https://nces.ed.gov/ipeds/datacenter/data/IC2023_AY.zip,verified,2026-10-02,district,full_time_first_time_undergraduate,14804,0,1123,,,,USD
costs,ipeds-480204,480204,2023-24,https://nces.ed.gov/ipeds/datacenter/data/IC2023_AY.zip,verified,2026-10-02,in_state,full_time_first_time_undergraduate,14804,0,1123,,,,USD
costs,ipeds-480204,480204,2023-24,https://nces.ed.gov/ipeds/datacenter/data/IC2023_AY.zip,verified,2026-10-02,out_of_state,full_time_first_time_undergraduate,14804,0,1123,,,,USD
costs,ipeds-480781,480781,2023-24,https://nces.ed.gov/ipeds/datacenter/data/IC2023_AY.zip,verified,2026-10-02,district,full_time_first_time_undergraduate,9744,250,938,,,,USD
costs,ipeds-480781,480781,2023-24,https://nces.ed.gov/ipeds/datacenter/data/IC2023_AY.zip,verified,2026-10-02,in_state,full_time_first_time_undergraduate,9744,250,938,,,,USD
costs,ipeds-480781,480781,2023-24,https://nces.ed.gov/ipeds/datacenter/data/IC2023_AY.zip,verified,2026-10-02,out_of_state,full_time_first_time_undergraduate,9744,250,938,,,,USD
costs,ipeds-481058,481058,2023-24,https://nces.ed.gov/ipeds/datacenter/data/IC2023_AY.zip,verified,2026-10-02,district,full_time_first_time_undergraduate,3240,240,1250,,,,USD
costs,ipeds-481058,481058,2023-24,https://nces.ed.gov/ipeds/datacenter/data/IC2023_AY.zip,verified,2026-10-02,in_state,full_time_first_time_undergraduate,3240,240,1250,,,,USD
costs,ipeds-481058,481058,2023-24,https://nces.ed.gov/ipeds/datacenter/data/IC2023_AY.zip,verified,2026-10-02,out_of_state,full_time_first_time_undergraduate,3240,240,1250,,,,USD
costs,ipeds-482431,482431,2023-24,https://nces.ed.gov/ipeds/datacenter/data/IC2023_AY.zip,verified,2026-10-02,district,full_time_first_time_undergraduate,16448,1040,400,,,,USD
costs,ipeds-482431,482431,2023-24,https://nces.ed.gov/ipeds/datacenter/data/IC2023_AY.zip,verified,2026-10-02,in_state,full_time_first_time_undergraduate,16448,1040,400,,,,USD
costs,ipeds-482431,482431,2023-24,https://nces.ed.gov/ipeds/datacenter/data/IC2023_AY.zip,verified,2026-10-02,out_of_state,full_time_first_time_undergraduate,16448,1040,400,,,,USD
costs,ipeds-484844,484844,2023-24,https://nces.ed.gov/ipeds/datacenter/data/IC2023_AY.zip,verified,2026-10-02,district,full_time_first_time_undergraduate,18700,0,1000,13350,4000,,USD
costs,ipeds-484844,484844,2023-24,https://nces.ed.gov/ipeds/datacenter/data/IC2023_AY.zip,verified,2026-10-02,in_state,full_time_first_time_undergraduate,18700,0,1000,13350,4000,,USD
costs,ipeds-484844,484844,2023-24,https://nces.ed.gov/ipeds/datacenter/data/IC2023_AY.zip,verified,2026-10-02,out_of_state,full_time_first_time_undergraduate,18700,0,1000,13350,4000,,USD
costs,ipeds-485519,485519,2023-24,https://nces.ed.gov/ipeds/datacenter/data/IC2023_AY.zip,verified,2026-10-02,district,full_time_first_time_undergraduate,14985,303,0,,,,USD
costs,ipeds-485519,485519,2023-24,https://nces.ed.gov/ipeds/datacenter/data/IC2023_AY.zip,verified,2026-10-02,in_state,full_time_first_time_undergraduate,14985,303,0,,,,USD
costs,ipeds-485519,485519,2023-24,https://nces.ed.gov/ipeds/datacenter/data/IC2023_AY.zip,verified,2026-10-02,out_of_state,full_time_first_time_undergraduate,14985,303,0,,,,USD
costs,ipeds-486123,486123,2023-24,https://nces.ed.gov/ipeds/datacenter/data/IC2023_AY.zip,verified,2026-10-02,district,full_time_first_time_undergraduate,21830,110,938,,,,USD
costs,ipeds-486123,486123,2023-24,https://nces.ed.gov/ipeds/datacenter/data/IC2023_AY.zip,verified,2026-10-02,in_state,full_time_first_time_undergraduate,21830,110,938,,,,USD
costs,ipeds-486123,486123,2023-24,https://nces.ed.gov/ipeds/datacenter/data/IC2023_AY.zip,verified,2026-10-02,out_of_state,full_time_first_time_undergraduate,21830,110,938,,,,USD
costs,ipeds-486488,486488,2023-24,https://nces.ed.gov/ipeds/datacenter/data/IC2023_AY.zip,verified,2026-10-02,district,full_time_first_time_undergraduate,23600,100,938,,,,USD
costs,ipeds-486488,486488,2023-24,https://nces.ed.gov/ipeds/datacenter/data/IC2023_AY.zip,verified,2026-10-02,in_state,full_time_first_time_undergraduate,23600,100,938,,,,USD
costs,ipeds-486488,486488,2023-24,https://nces.ed.gov/ipeds/datacenter/data/IC2023_AY.zip,verified,2026-10-02,out_of_state,full_time_first_time_undergraduate,23600,100,938,,,,USD
costs,ipeds-486558,486558,2023-24,https://nces.ed.gov/ipeds/datacenter/data/IC2023_AY.zip,verified,2026-10-02,district,full_time_first_time_undergraduate,16520,237,1000,,,,USD
costs,ipeds-486558,486558,2023-24,https://nces.ed.gov/ipeds/datacenter/data/IC2023_AY.zip,verified,2026-10-02,in_state,full_time_first_time_undergraduate,16520,237,1000,,,,USD
costs,ipeds-486558,486558,2023-24,https://nces.ed.gov/ipeds/datacenter/data/IC2023_AY.zip,verified,2026-10-02,out_of_state,full_time_first_time_undergraduate,16520,237,1000,,,,USD
costs,ipeds-488031,488031,2023-24,https://nces.ed.gov/ipeds/datacenter/data/IC2023_AY.zip,verified,2026-10-02,district,full_time_first_time_undergraduate,9960,480,938,,,,USD
costs,ipeds-488031,488031,2023-24,https://nces.ed.gov/ipeds/datacenter/data/IC2023_AY.zip,verified,2026-10-02,in_state,full_time_first_time_undergraduate,9960,480,938,,,,USD
costs,ipeds-488031,488031,2023-24,https://nces.ed.gov/ipeds/datacenter/data/IC2023_AY.zip,verified,2026-10-02,out_of_state,full_time_first_time_undergraduate,9960,480,938,,,,USD
costs,ipeds-488563,488563,2023-24,https://nces.ed.gov/ipeds/datacenter/data/IC2023_AY.zip,verified,2026-10-02,district,full_time_first_time_undergraduate,17910,920,400,,,,USD
costs,ipeds-488563,488563,2023-24,https://nces.ed.gov/ipeds/datacenter/data/IC2023_AY.zip,verified,2026-10-02,in_state,full_time_first_time_undergraduate,17910,920,400,,,,USD
costs,ipeds-488563,488563,2023-24,https://nces.ed.gov/ipeds/datacenter/data/IC2023_AY.zip,verified,2026-10-02,out_of_state,full_time_first_time_undergraduate,17910,920,400,,,,USD
costs,ipeds-488785,488785,2023-24,https://nces.ed.gov/ipeds/datacenter/data/IC2023_AY.zip,verified,2026-10-02,district,full_time_first_time_undergraduate,27000,1800,938,,,,USD
costs,ipeds-488785,488785,2023-24,https://nces.ed.gov/ipeds/datacenter/data/IC2023_AY.zip,verified,2026-10-02,in_state,full_time_first_time_undergraduate,27000,1800,938,,,,USD
costs,ipeds-488785,488785,2023-24,https://nces.ed.gov/ipeds/datacenter/data/IC2023_AY.zip,verified,2026-10-02,out_of_state,full_time_first_time_undergraduate,27000,1800,938,,,,USD
costs,ipeds-488846,488846,2023-24,https://nces.ed.gov/ipeds/datacenter/data/IC2023_AY.zip,verified,2026-10-02,district,full_time_first_time_undergraduate,0,1200,0,,,,USD
costs,ipeds-488846,488846,2023-24,https://nces.ed.gov/ipeds/datacenter/data/IC2023_AY.zip,verified,2026-10-02,in_state,full_time_first_time_undergraduate,0,1200,0,,,,USD
costs,ipeds-488846,488846,2023-24,https://nces.ed.gov/ipeds/datacenter/data/IC2023_AY.zip,verified,2026-10-02,out_of_state,full_time_first_time_undergraduate,0,1200,0,,,,USD
costs,ipeds-489201,489201,2023-24,https://nces.ed.gov/ipeds/datacenter/data/IC2023_AY.zip,verified,2026-10-02,district,full_time_first_time_undergraduate,1288,46,1980,,,,USD
costs,ipeds-489201,489201,2023-24,https://nces.ed.gov/ipeds/datacenter/data/IC2023_AY.zip,verified,2026-10-02,in_state,full_time_first_time_undergraduate,1288,46,1980,,,,USD
costs,ipeds-489201,489201,2023-24,https://nces.ed.gov/ipeds/datacenter/data/IC2023_AY.zip,verified,2026-10-02,out_of_state,full_time_first_time_undergraduate,9408,46,1980,,,,USD
costs,ipeds-489353,489353,2023-24,https://nces.ed.gov/ipeds/datacenter/data/IC2023_AY.zip,verified,2026-10-02,district,full_time_first_time_undergraduate,19622,840,600,,,,USD
costs,ipeds-489353,489353,2023-24,https://nces.ed.gov/ipeds/datacenter/data/IC2023_AY.zip,verified,2026-10-02,in_state,full_time_first_time_undergraduate,19622,840,600,,,,USD
costs,ipeds-489353,489353,2023-24,https://nces.ed.gov/ipeds/datacenter/data/IC2023_AY.zip,verified,2026-10-02,out_of_state,full_time_first_time_undergraduate,19622,840,600,,,,USD
costs,ipeds-490045,490045,2023-24,https://nces.ed.gov/ipeds/datacenter/data/IC2023_AY.zip,verified,2026-10-02,district,full_time_first_time_undergraduate,8206,633,1300,,,,USD
costs,ipeds-490045,490045,2023-24,https://nces.ed.gov/ipeds/datacenter/data/IC2023_AY.zip,verified,2026-10-02,in_state,full_time_first_time_undergraduate,8206,633,1300,,,,USD
costs,ipeds-490045,490045,2023-24,https://nces.ed.gov/ipeds/datacenter/data/IC2023_AY.zip,verified,2026-10-02,out_of_state,full_time_first_time_undergraduate,8206,633,1300,,,,USD
costs,ipeds-490081,490081,2023-24,https://nces.ed.gov/ipeds/datacenter/data/IC2023_AY.zip,verified,2026-10-02,district,full_time_first_time_undergraduate,6000,200,1200,,,,USD
costs,ipeds-490081,490081,2023-24,https://nces.ed.gov/ipeds/datacenter/data/IC2023_AY.zip,verified,2026-10-02,in_state,full_time_first_time_undergraduate,6000,200,1200,,,,USD
costs,ipeds-490081,490081,2023-24,https://nces.ed.gov/ipeds/datacenter/data/IC2023_AY.zip,verified,2026-10-02,out_of_state,full_time_first_time_undergraduate,6000,200,1200,,,,USD
costs,ipeds-490124,490124,2023-24,https://nces.ed.gov/ipeds/datacenter/data/IC2023_AY.zip,verified,2026-10-02,district,full_time_first_time_undergraduate,31518,100,1000,,,,USD
costs,ipeds-490124,490124,2023-24,https://nces.ed.gov/ipeds/datacenter/data/IC2023_AY.zip,verified,2026-10-02,in_state,full_time_first_time_undergraduate,31518,100,1000,,,,USD
costs,ipeds-490124,490124,2023-24,https://nces.ed.gov/ipeds/datacenter/data/IC2023_AY.zip,verified,2026-10-02,out_of_state,full_time_first_time_undergraduate,31518,100,1000,,,,USD
costs,ipeds-490133,490133,2023-24,https://nces.ed.gov/ipeds/datacenter/data/IC2023_AY.zip,verified,2026-10-02,district,full_time_first_time_undergraduate,20850,150,938,,,,USD
costs,ipeds-490133,490133,2023-24,https://nces.ed.gov/ipeds/datacenter/data/IC2023_AY.zip,verified,2026-10-02,in_state,full_time_first_time_undergraduate,20850,150,938,,,,USD
costs,ipeds-490133,490133,2023-24,https://nces.ed.gov/ipeds/datacenter/data/IC2023_AY.zip,verified,2026-10-02,out_of_state,full_time_first_time_undergraduate,20850,150,938,,,,USD
costs,ipeds-490285,490285,2023-24,https://nces.ed.gov/ipeds/datacenter/data/IC2023_AY.zip,verified,2026-10-02,district,full_time_first_time_undergraduate,14640,750,1124,,,,USD
costs,ipeds-490285,490285,2023-24,https://nces.ed.gov/ipeds/datacenter/data/IC2023_AY.zip,verified,2026-10-02,in_state,full_time_first_time_undergraduate,14640,750,1124,,,,USD
costs,ipeds-490285,490285,2023-24,https://nces.ed.gov/ipeds/datacenter/data/IC2023_AY.zip,verified,2026-10-02,out_of_state,full_time_first_time_undergraduate,14640,750,1124,,,,USD
costs,ipeds-490878,490878,2023-24,https://nces.ed.gov/ipeds/datacenter/data/IC2023_AY.zip,verified,2026-10-02,district,full_time_first_time_undergraduate,14804,0,1123,,,,USD
costs,ipeds-490878,490878,2023-24,https://nces.ed.gov/ipeds/datacenter/data/IC2023_AY.zip,verified,2026-10-02,in_state,full_time_first_time_undergraduate,14804,0,1123,,,,USD
costs,ipeds-490878,490878,2023-24,https://nces.ed.gov/ipeds/datacenter/data/IC2023_AY.zip,verified,2026-10-02,out_of_state,full_time_first_time_undergraduate,14804,0,1123,,,,USD
costs,ipeds-491190,491190,2023-24,https://nces.ed.gov/ipeds/datacenter/data/IC2023_AY.zip,verified,2026-10-02,district,full_time_first_time_undergraduate,18576,2268,2184,,,,USD
costs,ipeds-491190,491190,2023-24,https://nces.ed.gov/ipeds/datacenter/data/IC2023_AY.zip,verified,2026-10-02,in_state,full_time_first_time_undergraduate,18576,2268,2184,,,,USD
costs,ipeds-491190,491190,2023-24,https://nces.ed.gov/ipeds/datacenter/data/IC2023_AY.zip,verified,2026-10-02,out_of_state,full_time_first_time_undergraduate,18576,2268,2184,,,,USD
costs,ipeds-493479,493479,2023-24,https://nces.ed.gov/ipeds/datacenter/data/IC2023_AY.zip,verified,2026-10-02,district,full_time_first_time_undergraduate,19476,100,850,,,,USD
costs,ipeds-493479,493479,2023-24,https://nces.ed.gov/ipeds/datacenter/data/IC2023_AY.zip,verified,2026-10-02,in_state,full_time_first_time_undergraduate,19476,100,850,,,,USD
costs,ipeds-493479,493479,2023-24,https://nces.ed.gov/ipeds/datacenter/data/IC2023_AY.zip,verified,2026-10-02,out_of_state,full_time_first_time_undergraduate,19476,100,850,,,,USD
costs,ipeds-493512,493512,2023-24,https://nces.ed.gov/ipeds/datacenter/data/IC2023_AY.zip,verified,2026-10-02,district,full_time_first_time_undergraduate,10320,3454,0,,,,USD
costs,ipeds-493512,493512,2023-24,https://nces.ed.gov/ipeds/datacenter/data/IC2023_AY.zip,verified,2026-10-02,in_state,full_time_first_time_undergraduate,10320,3454,0,,,,USD
costs,ipeds-493512,493512,2023-24,https://nces.ed.gov/ipeds/datacenter/data/IC2023_AY.zip,verified,2026-10-02,out_of_state,full_time_first_time_undergraduate,10320,3454,0,,,,USD
costs,ipeds-493619,493619,2023-24,https://nces.ed.gov/ipeds/datacenter/data/IC2023_AY.zip,verified,2026-10-02,district,full_time_first_time_undergraduate,10540,3490,1000,,,,USD
costs,ipeds-493619,493619,2023-24,https://nces.ed.gov/ipeds/datacenter/data/IC2023_AY.zip,verified,2026-10-02,in_state,full_time_first_time_undergraduate,10540,3490,1000,,,,USD
costs,ipeds-493619,493619,2023-24,https://nces.ed.gov/ipeds/datacenter/data/IC2023_AY.zip,verified,2026-10-02,out_of_state,full_time_first_time_undergraduate,10540,3490,1000,,,,USD
costs,ipeds-495059,495059,2023-24,https://nces.ed.gov/ipeds/datacenter/data/IC2023_AY.zip,verified,2026-10-02,district,full_time_first_time_undergraduate,16000,100,600,,,,USD
costs,ipeds-495059,495059,2023-24,https://nces.ed.gov/ipeds/datacenter/data/IC2023_AY.zip,verified,2026-10-02,in_state,full_time_first_time_undergraduate,16000,100,600,,,,USD
costs,ipeds-495059,495059,2023-24,https://nces.ed.gov/ipeds/datacenter/data/IC2023_AY.zip,verified,2026-10-02,out_of_state,full_time_first_time_undergraduate,16000,100,600,,,,USD
costs,ipeds-495271,495271,2023-24,https://nces.ed.gov/ipeds/datacenter/data/IC2023_AY.zip,verified,2026-10-02,district,full_time_first_time_undergraduate,7680,63,1080,,,,USD
costs,ipeds-495271,495271,2023-24,https://nces.ed.gov/ipeds/datacenter/data/IC2023_AY.zip,verified,2026-10-02,in_state,full_time_first_time_undergraduate,7680,63,1080,,,,USD
costs,ipeds-495271,495271,2023-24,https://nces.ed.gov/ipeds/datacenter/data/IC2023_AY.zip,verified,2026-10-02,out_of_state,full_time_first_time_undergraduate,7680,63,1080,,,,USD
costs,ipeds-496186,496186,2023-24,https://nces.ed.gov/ipeds/datacenter/data/IC2023_AY.zip,verified,2026-10-02,district,full_time_first_time_undergraduate,14640,750,1124,,,,USD
costs,ipeds-496186,496186,2023-24,https://nces.ed.gov/ipeds/datacenter/data/IC2023_AY.zip,verified,2026-10-02,in_state,full_time_first_time_undergraduate,14640,750,1124,,,,USD
costs,ipeds-496186,496186,2023-24,https://nces.ed.gov/ipeds/datacenter/data/IC2023_AY.zip,verified,2026-10-02,out_of_state,full_time_first_time_undergraduate,14640,750,1124,,,,USD
costs,ipeds-496399,496399,2023-24,https://nces.ed.gov/ipeds/datacenter/data/IC2023_AY.zip,verified,2026-10-02,district,full_time_first_time_undergraduate,7617,515,1847,,,,USD
costs,ipeds-496399,496399,2023-24,https://nces.ed.gov/ipeds/datacenter/data/IC2023_AY.zip,verified,2026-10-02,in_state,full_time_first_time_undergraduate,7617,515,1847,,,,USD
costs,ipeds-496399,496399,2023-24,https://nces.ed.gov/ipeds/datacenter/data/IC2023_AY.zip,verified,2026-10-02,out_of_state,full_time_first_time_undergraduate,7617,515,1847,,,,USD
costs,ipeds-496627,496627,2023-24,https://nces.ed.gov/ipeds/datacenter/data/IC2023_AY.zip,verified,2026-10-02,district,full_time_first_time_undergraduate,55063,1438,2700,,,,USD
costs,ipeds-496627,496627,2023-24,https://nces.ed.gov/ipeds/datacenter/data/IC2023_AY.zip,verified,2026-10-02,in_state,full_time_first_time_undergraduate,55063,1438,2700,,,,USD
costs,ipeds-496627,496627,2023-24,https://nces.ed.gov/ipeds/datacenter/data/IC2023_AY.zip,verified,2026-10-02,out_of_state,full_time_first_time_undergraduate,55063,1438,2700,,,,USD
costs,ipeds-496654,496654,2023-24,https://nces.ed.gov/ipeds/datacenter/data/IC2023_AY.zip,verified,2026-10-02,district,full_time_first_time_undergraduate,64500,0,5500,,,,USD
costs,ipeds-496654,496654,2023-24,https://nces.ed.gov/ipeds/datacenter/data/IC2023_AY.zip,verified,2026-10-02,in_state,full_time_first_time_undergraduate,64500,0,5500,,,,USD
costs,ipeds-496654,496654,2023-24,https://nces.ed.gov/ipeds/datacenter/data/IC2023_AY.zip,verified,2026-10-02,out_of_state,full_time_first_time_undergraduate,64500,0,5500,,,,USD
costs,ipeds-497046,497046,2023-24,https://nces.ed.gov/ipeds/datacenter/data/IC2023_AY.zip,verified,2026-10-02,district,full_time_first_time_undergraduate,1288,46,1980,,,,USD
costs,ipeds-497046,497046,2023-24,https://nces.ed.gov/ipeds/datacenter/data/IC2023_AY.zip,verified,2026-10-02,in_state,full_time_first_time_undergraduate,1288,46,1980,,,,USD
costs,ipeds-497046,497046,2023-24,https://nces.ed.gov/ipeds/datacenter/data/IC2023_AY.zip,verified,2026-10-02,out_of_state,full_time_first_time_undergraduate,9408,46,1980,,,,USD
costs,ipeds-497480,497480,2023-24,https://nces.ed.gov/ipeds/datacenter/data/IC2023_AY.zip,verified,2026-10-02,district,full_time_first_time_undergraduate,12374,0,1200,,,,USD
costs,ipeds-497480,497480,2023-24,https://nces.ed.gov/ipeds/datacenter/data/IC2023_AY.zip,verified,2026-10-02,in_state,full_time_first_time_undergraduate,12374,0,1200,,,,USD
costs,ipeds-497480,497480,2023-24,https://nces.ed.gov/ipeds/datacenter/data/IC2023_AY.zip,verified,2026-10-02,out_of_state,full_time_first_time_undergraduate,12374,0,1200,,,,USD
costs,ipeds-498456,498456,2023-24,https://nces.ed.gov/ipeds/datacenter/data/IC2023_AY.zip,verified,2026-10-02,district,full_time_first_time_undergraduate,28853,1280,,,,,USD
costs,ipeds-498456,498456,2023-24,https://nces.ed.gov/ipeds/datacenter/data/IC2023_AY.zip,verified,2026-10-02,in_state,full_time_first_time_undergraduate,28853,1280,,,,,USD
costs,ipeds-498456,498456,2023-24,https://nces.ed.gov/ipeds/datacenter/data/IC2023_AY.zip,verified,2026-10-02,out_of_state,full_time_first_time_undergraduate,28853,1280,,,,,USD
