domain,institution_key,unitid,academic_year,source_url,verification_status,last_verified_at,display_name,state_code,city,website_url,control,active_as_of_academic_year
institutions,ipeds-108232,108232,2023-24,https://nces.ed.gov/ipeds/datacenter/data/HD2023.zip,verified,2026-10-02,Academy of Art University,CA,San Francisco,www.academyart.edu/,private_for_profit,True
institutions,ipeds-108269,108269,2023-24,https://nces.ed.gov/ipeds/datacenter/data/HD2023.zip,verified,2026-10-02,Academy of Chinese Culture and Health Sciences,CA,Oakland,www.acchs.edu/,private_nonprofit,True
institutions,ipeds-108667,108667,2023-24,https://nces.ed.gov/ipeds/datacenter/data/HD2023.zip,verified,2026-10-02,College of Alameda,CA,Alameda,https://alameda.edu/,public,True
institutions,ipeds-108807,108807,2023-24,https://nces.ed.gov/ipeds/datacenter/data/HD2023.zip,verified,2026-10-02,Allan Hancock College,CA,Santa Maria,www.hancockcollege.edu/,public,True
institutions,ipeds-108852,108852,2023-24,https://nces.ed.gov/ipeds/datacenter/data/HD2023.zip,verified,2026-10-02,American Academy of Dramatic Arts-Los Angeles,CA,Los Angeles,www.aada.edu/,private_nonprofit,True
institutions,ipeds-108861,108861,2023-24,https://nces.ed.gov/ipeds/datacenter/data/HD2023.zip,verified,2026-10-02,Berkeley School of Theology,CA,Berkeley,www.bst.edu/,private_nonprofit,True
institutions,ipeds-108870,108870,2023-24,https://nces.ed.gov/ipeds/datacenter/data/HD2023.zip,verified,2026-10-02,American Film Institute Conservatory,CA,Los Angeles,www.afi.com/,private_nonprofit,True
institutions,ipeds-108977,108977,2023-24,https://nces.ed.gov/ipeds/datacenter/data/HD2023.zip,verified,2026-10-02,American Beauty College,CA,West Covina,https://www.americanbeautycollege.edu/,private_for_profit,True
institutions,ipeds-109040,109040,2023-24,https://nces.ed.gov/ipeds/datacenter/data/HD2023.zip,verified,2026-10-02,American Career College-Los Angeles,CA,Los Angeles,https://americancareercollege.edu/,private_for_profit,True
institutions,ipeds-109208,109208,2023-24,https://nces.ed.gov/ipeds/datacenter/data/HD2023.zip,verified,2026-10-02,American River College,CA,Sacramento,https://www.arc.losrios.edu/,public,True
institutions,ipeds-109350,109350,2023-24,https://nces.ed.gov/ipeds/datacenter/data/HD2023.zip,verified,2026-10-02,Antelope Valley Community College District,CA,Lancaster,www.avc.edu/,public,True
institutions,ipeds-109651,109651,2023-24,https://nces.ed.gov/ipeds/datacenter/data/HD2023.zip,verified,2026-10-02,Art Center College of Design,CA,Pasadena,www.artcenter.edu/,private_nonprofit,True
institutions,ipeds-109721,109721,2023-24,https://nces.ed.gov/ipeds/datacenter/data/HD2023.zip,verified,2026-10-02,Associated Technical College-Los Angeles,CA,Los Angeles,www.atcla.edu/,private_for_profit,True
institutions,ipeds-109730,109730,2023-24,https://nces.ed.gov/ipeds/datacenter/data/HD2023.zip,verified,2026-10-02,Associated Technical College-San Diego,CA,San Diego,www.atcsd.edu/,private_for_profit,True
institutions,ipeds-109785,109785,2023-24,https://nces.ed.gov/ipeds/datacenter/data/HD2023.zip,verified,2026-10-02,Azusa Pacific University,CA,Azusa,www.apu.edu/,private_nonprofit,True
institutions,ipeds-109819,109819,2023-24,https://nces.ed.gov/ipeds/datacenter/data/HD2023.zip,verified,2026-10-02,Bakersfield College,CA,Bakersfield,https://www.bakersfieldcollege.edu/,public,True
institutions,ipeds-109907,109907,2023-24,https://nces.ed.gov/ipeds/datacenter/data/HD2023.zip,verified,2026-10-02,Barstow Community College,CA,Barstow,www.barstow.edu/,public,True
institutions,ipeds-109934,109934,2023-24,https://nces.ed.gov/ipeds/datacenter/data/HD2023.zip,verified,2026-10-02,Bellus Academy-Chula Vista,CA,Chula Vista,www.bellusacademy.edu/,private_for_profit,True
institutions,ipeds-110060,110060,2023-24,https://nces.ed.gov/ipeds/datacenter/data/HD2023.zip,verified,2026-10-02,Bethesda University,CA,Anaheim,www.buc.edu/,private_nonprofit,True
institutions,ipeds-110097,110097,2023-24,https://nces.ed.gov/ipeds/datacenter/data/HD2023.zip,verified,2026-10-02,Biola University,CA,La Mirada,https://www.biola.edu/,private_nonprofit,True
institutions,ipeds-110194,110194,2023-24,https://nces.ed.gov/ipeds/datacenter/data/HD2023.zip,verified,2026-10-02,Brownson Technical School,CA,Anaheim,https://brownson.edu/,private_for_profit,True
institutions,ipeds-110246,110246,2023-24,https://nces.ed.gov/ipeds/datacenter/data/HD2023.zip,verified,2026-10-02,Butte College,CA,Oroville,www.butte.edu/,public,True
institutions,ipeds-110316,110316,2023-24,https://nces.ed.gov/ipeds/datacenter/data/HD2023.zip,verified,2026-10-02,California Institute of Integral Studies,CA,San Francisco,https://www.ciis.edu/,private_nonprofit,True
institutions,ipeds-110334,110334,2023-24,https://nces.ed.gov/ipeds/datacenter/data/HD2023.zip,verified,2026-10-02,Cabrillo College,CA,Aptos,https://www.cabrillo.edu/,public,True
institutions,ipeds-110361,110361,2023-24,https://nces.ed.gov/ipeds/datacenter/data/HD2023.zip,verified,2026-10-02,California Baptist University,CA,Riverside,www.calbaptist.edu/,private_nonprofit,True
institutions,ipeds-110370,110370,2023-24,https://nces.ed.gov/ipeds/datacenter/data/HD2023.zip,verified,2026-10-02,California College of the Arts,CA,San Francisco,www.cca.edu/,private_nonprofit,True
institutions,ipeds-110398,110398,2023-24,https://nces.ed.gov/ipeds/datacenter/data/HD2023.zip,verified,2026-10-02,University of California College of the Law-San Francisco,CA,San Francisco,www.uclawsf.edu/,public,True
institutions,ipeds-110404,110404,2023-24,https://nces.ed.gov/ipeds/datacenter/data/HD2023.zip,verified,2026-10-02,California Institute of Technology,CA,Pasadena,www.caltech.edu/,private_nonprofit,True
institutions,ipeds-110413,110413,2023-24,https://nces.ed.gov/ipeds/datacenter/data/HD2023.zip,verified,2026-10-02,California Lutheran University,CA,Thousand Oaks,www.callutheran.edu/,private_nonprofit,True
institutions,ipeds-110422,110422,2023-24,https://nces.ed.gov/ipeds/datacenter/data/HD2023.zip,verified,2026-10-02,California Polytechnic State University-San Luis Obispo,CA,San Luis Obispo,calpoly.edu/,public,True
institutions,ipeds-110468,110468,2023-24,https://nces.ed.gov/ipeds/datacenter/data/HD2023.zip,verified,2026-10-02,Alliant International University-San Diego,CA,San Diego,https://www.alliant.edu/,private_for_profit,True
institutions,ipeds-110486,110486,2023-24,https://nces.ed.gov/ipeds/datacenter/data/HD2023.zip,verified,2026-10-02,California State University-Bakersfield,CA,Bakersfield,www.csub.edu/,public,True
institutions,ipeds-110495,110495,2023-24,https://nces.ed.gov/ipeds/datacenter/data/HD2023.zip,verified,2026-10-02,California State University-Stanislaus,CA,Turlock,https://www.csustan.edu/,public,True
institutions,ipeds-110501,110501,2023-24,https://nces.ed.gov/ipeds/datacenter/data/HD2023.zip,verified,2026-10-02,California State University-Chancellors Office,CA,Long Beach,www.calstate.edu/,public,True
institutions,ipeds-110510,110510,2023-24,https://nces.ed.gov/ipeds/datacenter/data/HD2023.zip,verified,2026-10-02,California State University-San Bernardino,CA,San Bernardino,www.csusb.edu/,public,True
institutions,ipeds-110529,110529,2023-24,https://nces.ed.gov/ipeds/datacenter/data/HD2023.zip,verified,2026-10-02,California State Polytechnic University-Pomona,CA,Pomona,www.cpp.edu/,public,True
institutions,ipeds-110538,110538,2023-24,https://nces.ed.gov/ipeds/datacenter/data/HD2023.zip,verified,2026-10-02,California State University-Chico,CA,Chico,www.csuchico.edu/,public,True
institutions,ipeds-110547,110547,2023-24,https://nces.ed.gov/ipeds/datacenter/data/HD2023.zip,verified,2026-10-02,California State University-Dominguez Hills,CA,Carson,https://www.csudh.edu/,public,True
institutions,ipeds-110556,110556,2023-24,https://nces.ed.gov/ipeds/datacenter/data/HD2023.zip,verified,2026-10-02,California State University-Fresno,CA,Fresno,www.fresnostate.edu/,public,True
institutions,ipeds-110565,110565,2023-24,https://nces.ed.gov/ipeds/datacenter/data/HD2023.zip,verified,2026-10-02,California State University-Fullerton,CA,Fullerton,www.fullerton.edu/,public,True
institutions,ipeds-110574,110574,2023-24,https://nces.ed.gov/ipeds/datacenter/data/HD2023.zip,verified,2026-10-02,California State University-East Bay,CA,Hayward,https://www.csueastbay.edu/,public,True
institutions,ipeds-110583,110583,2023-24,https://nces.ed.gov/ipeds/datacenter/data/HD2023.zip,verified,2026-10-02,California State University-Long Beach,CA,Long Beach,www.csulb.edu/,public,True
institutions,ipeds-110592,110592,2023-24,https://nces.ed.gov/ipeds/datacenter/data/HD2023.zip,verified,2026-10-02,California State University-Los Angeles,CA,Los Angeles,https://www.calstatela.edu/,public,True
institutions,ipeds-110608,110608,2023-24,https://nces.ed.gov/ipeds/datacenter/data/HD2023.zip,verified,2026-10-02,California State University-Northridge,CA,Northridge,https://www.csun.edu/,public,True
institutions,ipeds-110617,110617,2023-24,https://nces.ed.gov/ipeds/datacenter/data/HD2023.zip,verified,2026-10-02,California State University-Sacramento,CA,Sacramento,https://www.csus.edu/,public,True
institutions,ipeds-110635,110635,2023-24,https://nces.ed.gov/ipeds/datacenter/data/HD2023.zip,verified,2026-10-02,University of California-Berkeley,CA,Berkeley,www.berkeley.edu/,public,True
institutions,ipeds-110644,110644,2023-24,https://nces.ed.gov/ipeds/datacenter/data/HD2023.zip,verified,2026-10-02,University of California-Davis,CA,Davis,ucdavis.edu/,public,True
institutions,ipeds-110653,110653,2023-24,https://nces.ed.gov/ipeds/datacenter/data/HD2023.zip,verified,2026-10-02,University of California-Irvine,CA,Irvine,www.uci.edu/,public,True
institutions,ipeds-110662,110662,2023-24,https://nces.ed.gov/ipeds/datacenter/data/HD2023.zip,verified,2026-10-02,University of California-Los Angeles,CA,Los Angeles,www.ucla.edu/,public,True
institutions,ipeds-110671,110671,2023-24,https://nces.ed.gov/ipeds/datacenter/data/HD2023.zip,verified,2026-10-02,University of California-Riverside,CA,Riverside,www.ucr.edu/,public,True
institutions,ipeds-110680,110680,2023-24,https://nces.ed.gov/ipeds/datacenter/data/HD2023.zip,verified,2026-10-02,University of California-San Diego,CA,La Jolla,www.ucsd.edu/,public,True
institutions,ipeds-110699,110699,2023-24,https://nces.ed.gov/ipeds/datacenter/data/HD2023.zip,verified,2026-10-02,University of California-San Francisco,CA,San Francisco,ucsf.edu/,public,True
institutions,ipeds-110705,110705,2023-24,https://nces.ed.gov/ipeds/datacenter/data/HD2023.zip,verified,2026-10-02,University of California-Santa Barbara,CA,Santa Barbara,www.ucsb.edu/,public,True
institutions,ipeds-110714,110714,2023-24,https://nces.ed.gov/ipeds/datacenter/data/HD2023.zip,verified,2026-10-02,University of California-Santa Cruz,CA,Santa Cruz,www.ucsc.edu/,public,True
institutions,ipeds-110778,110778,2023-24,https://nces.ed.gov/ipeds/datacenter/data/HD2023.zip,verified,2026-10-02,Sofia University,CA,Palo Alto,www.sofia.edu/,private_for_profit,True
institutions,ipeds-110875,110875,2023-24,https://nces.ed.gov/ipeds/datacenter/data/HD2023.zip,verified,2026-10-02,California Beauty School,CA,Modesto,www.calbeautycollege.edu/,private_for_profit,True
institutions,ipeds-111045,111045,2023-24,https://nces.ed.gov/ipeds/datacenter/data/HD2023.zip,verified,2026-10-02,Haven University,CA,Garden Grove,www.haven.edu/,private_nonprofit,True
institutions,ipeds-111054,111054,2023-24,https://nces.ed.gov/ipeds/datacenter/data/HD2023.zip,verified,2026-10-02,California Hair Design Academy,CA,La Mesa,https://chdaschools.com/,private_for_profit,True
institutions,ipeds-111081,111081,2023-24,https://nces.ed.gov/ipeds/datacenter/data/HD2023.zip,verified,2026-10-02,California Institute of the Arts,CA,Valencia,https://www.calarts.edu/,private_nonprofit,True
institutions,ipeds-111188,111188,2023-24,https://nces.ed.gov/ipeds/datacenter/data/HD2023.zip,verified,2026-10-02,California State University Maritime Academy,CA,Vallejo,https://www.csum.edu/,public,True
institutions,ipeds-111391,111391,2023-24,https://nces.ed.gov/ipeds/datacenter/data/HD2023.zip,verified,2026-10-02,California Western School of Law,CA,San Diego,https://www.cwsl.edu/,private_nonprofit,True
institutions,ipeds-111434,111434,2023-24,https://nces.ed.gov/ipeds/datacenter/data/HD2023.zip,verified,2026-10-02,Canada College,CA,Redwood City,canadacollege.edu/,public,True
institutions,ipeds-111461,111461,2023-24,https://nces.ed.gov/ipeds/datacenter/data/HD2023.zip,verified,2026-10-02,College of the Canyons,CA,Santa Clarita,www.canyons.edu/,public,True
institutions,ipeds-111513,111513,2023-24,https://nces.ed.gov/ipeds/datacenter/data/HD2023.zip,verified,2026-10-02,Career Academy of Beauty,CA,Garden Grove,caofb.com/,private_for_profit,True
institutions,ipeds-111638,111638,2023-24,https://nces.ed.gov/ipeds/datacenter/data/HD2023.zip,verified,2026-10-02,Casa Loma College-Los Angeles,CA,Sherman Oaks,https://www.casalomacollege.edu/,private_nonprofit,True
institutions,ipeds-111708,111708,2023-24,https://nces.ed.gov/ipeds/datacenter/data/HD2023.zip,verified,2026-10-02,CET-San Diego,CA,San Diego,https://www.cetweb.edu/,private_nonprofit,True
institutions,ipeds-111717,111717,2023-24,https://nces.ed.gov/ipeds/datacenter/data/HD2023.zip,verified,2026-10-02,CET-San Jose,CA,San Jose,https://cetweb.edu/,private_nonprofit,True
institutions,ipeds-111726,111726,2023-24,https://nces.ed.gov/ipeds/datacenter/data/HD2023.zip,verified,2026-10-02,CET-El Centro,CA,El Centro,https://cetweb.edu/,private_nonprofit,True
institutions,ipeds-111744,111744,2023-24,https://nces.ed.gov/ipeds/datacenter/data/HD2023.zip,verified,2026-10-02,CET-Colton,CA,Colton,https://cetweb.edu/,private_nonprofit,True
institutions,ipeds-111762,111762,2023-24,https://nces.ed.gov/ipeds/datacenter/data/HD2023.zip,verified,2026-10-02,CET-Watsonville,CA,Watsonville,https://www.cetweb.edu/,private_nonprofit,True
institutions,ipeds-111799,111799,2023-24,https://nces.ed.gov/ipeds/datacenter/data/HD2023.zip,verified,2026-10-02,CET-Salinas,CA,Salinas,https://cetweb.edu/,private_nonprofit,True
institutions,ipeds-111887,111887,2023-24,https://nces.ed.gov/ipeds/datacenter/data/HD2023.zip,verified,2026-10-02,Cerritos College,CA,Norwalk,www.cerritos.edu/,public,True
institutions,ipeds-111896,111896,2023-24,https://nces.ed.gov/ipeds/datacenter/data/HD2023.zip,verified,2026-10-02,Cerro Coso Community College,CA,Ridgecrest,https://cerrocoso.edu/,public,True
institutions,ipeds-111920,111920,2023-24,https://nces.ed.gov/ipeds/datacenter/data/HD2023.zip,verified,2026-10-02,Chabot College,CA,Hayward,www.chabotcollege.edu/,public,True
institutions,ipeds-111939,111939,2023-24,https://nces.ed.gov/ipeds/datacenter/data/HD2023.zip,verified,2026-10-02,Chaffey College,CA,Rancho Cucamonga,https://www.chaffey.edu/,public,True
institutions,ipeds-111948,111948,2023-24,https://nces.ed.gov/ipeds/datacenter/data/HD2023.zip,verified,2026-10-02,Chapman University,CA,Orange,https://www.chapman.edu/,private_nonprofit,True
institutions,ipeds-111966,111966,2023-24,https://nces.ed.gov/ipeds/datacenter/data/HD2023.zip,verified,2026-10-02,Charles R Drew University of Medicine and Science,CA,Los Angeles,www.cdrewu.edu/,private_nonprofit,True
institutions,ipeds-112075,112075,2023-24,https://nces.ed.gov/ipeds/datacenter/data/HD2023.zip,verified,2026-10-02,Concordia University-Irvine,CA,Irvine,www.cui.edu/,private_nonprofit,True
institutions,ipeds-112084,112084,2023-24,https://nces.ed.gov/ipeds/datacenter/data/HD2023.zip,verified,2026-10-02,San Diego Christian College,CA,Santee,sdcc.edu/,private_nonprofit,True
institutions,ipeds-112127,112127,2023-24,https://nces.ed.gov/ipeds/datacenter/data/HD2023.zip,verified,2026-10-02,Church Divinity School of the Pacific,CA,Berkeley,www.cdsp.edu/,private_nonprofit,True
institutions,ipeds-112172,112172,2023-24,https://nces.ed.gov/ipeds/datacenter/data/HD2023.zip,verified,2026-10-02,Citrus College,CA,Glendora,https://www.citruscollege.edu/,public,True
institutions,ipeds-112181,112181,2023-24,https://nces.ed.gov/ipeds/datacenter/data/HD2023.zip,verified,2026-10-02,Citrus Heights Beauty College,CA,Citrus Heights,chbeautycollege.com/,private_for_profit,True
institutions,ipeds-112190,112190,2023-24,https://nces.ed.gov/ipeds/datacenter/data/HD2023.zip,verified,2026-10-02,City College of San Francisco,CA,San Francisco,www.ccsf.edu/,public,True
institutions,ipeds-112251,112251,2023-24,https://nces.ed.gov/ipeds/datacenter/data/HD2023.zip,verified,2026-10-02,Claremont Graduate University,CA,Claremont,www.cgu.edu/,private_nonprofit,True
institutions,ipeds-112260,112260,2023-24,https://nces.ed.gov/ipeds/datacenter/data/HD2023.zip,verified,2026-10-02,Claremont McKenna College,CA,Claremont,www.cmc.edu/,private_nonprofit,True
institutions,ipeds-112288,112288,2023-24,https://nces.ed.gov/ipeds/datacenter/data/HD2023.zip,verified,2026-10-02,Milan Institute-Visalia,CA,Visalia,www.milaninstitute.edu/,private_for_profit,True
institutions,ipeds-112367,112367,2023-24,https://nces.ed.gov/ipeds/datacenter/data/HD2023.zip,verified,2026-10-02,Clovis Adult Education,CA,Clovis,clovisadult.cusd.com/,public,True
institutions,ipeds-112376,112376,2023-24,https://nces.ed.gov/ipeds/datacenter/data/HD2023.zip,verified,2026-10-02,Coast Community College District Office,CA,Costa Mesa,www.cccd.edu/,public,True
institutions,ipeds-112385,112385,2023-24,https://nces.ed.gov/ipeds/datacenter/data/HD2023.zip,verified,2026-10-02,Coastline Community College,CA,Fountain Valley,www.coastline.edu/,public,True
institutions,ipeds-112394,112394,2023-24,https://nces.ed.gov/ipeds/datacenter/data/HD2023.zip,verified,2026-10-02,University of Silicon Valley,CA,San Jose,https://usv.edu/,private_for_profit,True
institutions,ipeds-112455,112455,2023-24,https://nces.ed.gov/ipeds/datacenter/data/HD2023.zip,verified,2026-10-02,Coba Academy,CA,Anaheim,www.coba.edu/,private_for_profit,True
institutions,ipeds-112525,112525,2023-24,https://nces.ed.gov/ipeds/datacenter/data/HD2023.zip,verified,2026-10-02,Western University of Health Sciences,CA,Pomona,www.westernu.edu/,private_nonprofit,True
institutions,ipeds-112561,112561,2023-24,https://nces.ed.gov/ipeds/datacenter/data/HD2023.zip,verified,2026-10-02,Columbia College,CA,Sonora,https://www.gocolumbia.edu/,public,True
institutions,ipeds-112570,112570,2023-24,https://nces.ed.gov/ipeds/datacenter/data/HD2023.zip,verified,2026-10-02,California College of ASU,CA,Los Angeles,https://www.columbiacollege.edu/,private_nonprofit,True
institutions,ipeds-112686,112686,2023-24,https://nces.ed.gov/ipeds/datacenter/data/HD2023.zip,verified,2026-10-02,Compton College,CA,Compton,www.compton.edu/,public,True
institutions,ipeds-112817,112817,2023-24,https://nces.ed.gov/ipeds/datacenter/data/HD2023.zip,verified,2026-10-02,Contra Costa Community College District Office,CA,Martinez,https://www.4cd.edu/,public,True
institutions,ipeds-112826,112826,2023-24,https://nces.ed.gov/ipeds/datacenter/data/HD2023.zip,verified,2026-10-02,Contra Costa College,CA,San Pablo,https://www.contracosta.edu/,public,True
institutions,ipeds-113096,113096,2023-24,https://nces.ed.gov/ipeds/datacenter/data/HD2023.zip,verified,2026-10-02,Cosumnes River College,CA,Sacramento,https://www.crc.losrios.edu/,public,True
institutions,ipeds-113111,113111,2023-24,https://nces.ed.gov/ipeds/datacenter/data/HD2023.zip,verified,2026-10-02,Crafton Hills College,CA,Yucaipa,www.craftonhills.edu/,public,True
institutions,ipeds-113193,113193,2023-24,https://nces.ed.gov/ipeds/datacenter/data/HD2023.zip,verified,2026-10-02,Cuesta College,CA,San Luis Obispo,https://www.cuesta.edu/,public,True
institutions,ipeds-113218,113218,2023-24,https://nces.ed.gov/ipeds/datacenter/data/HD2023.zip,verified,2026-10-02,Cuyamaca College,CA,El Cajon,https://www.cuyamaca.edu/,public,True
institutions,ipeds-113236,113236,2023-24,https://nces.ed.gov/ipeds/datacenter/data/HD2023.zip,verified,2026-10-02,Cypress College,CA,Cypress,www.cypresscollege.edu/,public,True
institutions,ipeds-113333,113333,2023-24,https://nces.ed.gov/ipeds/datacenter/data/HD2023.zip,verified,2026-10-02,De Anza College,CA,Cupertino,https://www.deanza.edu/,public,True
institutions,ipeds-113449,113449,2023-24,https://nces.ed.gov/ipeds/datacenter/data/HD2023.zip,verified,2026-10-02,International School of Beauty Inc,CA,Palm Desert,https://btyschool.com/,private_for_profit,True
institutions,ipeds-113537,113537,2023-24,https://nces.ed.gov/ipeds/datacenter/data/HD2023.zip,verified,2026-10-02,Dell'Arte International School of Physical Theatre,CA,Blue Lake,www.dellarte.com/school,private_nonprofit,True
institutions,ipeds-113573,113573,2023-24,https://nces.ed.gov/ipeds/datacenter/data/HD2023.zip,verified,2026-10-02,College of the Desert,CA,Palm Desert,www.collegeofthedesert.edu/,public,True
institutions,ipeds-113582,113582,2023-24,https://nces.ed.gov/ipeds/datacenter/data/HD2023.zip,verified,2026-10-02,Design Institute of San Diego,CA,San Diego,www.disd.edu/,private_for_profit,True
institutions,ipeds-113616,113616,2023-24,https://nces.ed.gov/ipeds/datacenter/data/HD2023.zip,verified,2026-10-02,Dharma Realm Buddhist University,CA,Ukiah,https://drbu.edu/,private_nonprofit,True
institutions,ipeds-113634,113634,2023-24,https://nces.ed.gov/ipeds/datacenter/data/HD2023.zip,verified,2026-10-02,Diablo Valley College,CA,Pleasant Hill,https://www.dvc.edu/,public,True
institutions,ipeds-113698,113698,2023-24,https://nces.ed.gov/ipeds/datacenter/data/HD2023.zip,verified,2026-10-02,Dominican University of California,CA,San Rafael,https://www.dominican.edu/,private_nonprofit,True
institutions,ipeds-113704,113704,2023-24,https://nces.ed.gov/ipeds/datacenter/data/HD2023.zip,verified,2026-10-02,Dominican School of Philosophy & Theology,CA,Berkeley,https://www.dspt.edu/,private_nonprofit,True
institutions,ipeds-113856,113856,2023-24,https://nces.ed.gov/ipeds/datacenter/data/HD2023.zip,verified,2026-10-02,East Los Angeles College,CA,Monterey Park,www.elac.edu/,public,True
institutions,ipeds-113980,113980,2023-24,https://nces.ed.gov/ipeds/datacenter/data/HD2023.zip,verified,2026-10-02,El Camino Community College District,CA,Torrance,www.elcamino.edu/,public,True
institutions,ipeds-114114,114114,2023-24,https://nces.ed.gov/ipeds/datacenter/data/HD2023.zip,verified,2026-10-02,Emperor's College of Traditional Oriental Medicine,CA,Santa Monica,www.emperors.edu/,private_for_profit,True
institutions,ipeds-114123,114123,2023-24,https://nces.ed.gov/ipeds/datacenter/data/HD2023.zip,verified,2026-10-02,Empire College,CA,Santa Rosa,https://empcol.edu/,private_for_profit,True
institutions,ipeds-114266,114266,2023-24,https://nces.ed.gov/ipeds/datacenter/data/HD2023.zip,verified,2026-10-02,Evergreen Valley College,CA,San Jose,https://www.evc.edu/,public,True
institutions,ipeds-114354,114354,2023-24,https://nces.ed.gov/ipeds/datacenter/data/HD2023.zip,verified,2026-10-02,FIDM-Fashion Institute of Design & Merchandising,CA,Los Angeles,www.fidm.edu/,private_for_profit,True
institutions,ipeds-114433,114433,2023-24,https://nces.ed.gov/ipeds/datacenter/data/HD2023.zip,verified,2026-10-02,Feather River Community College District,CA,Quincy,www.frc.edu/,public,True
institutions,ipeds-114460,114460,2023-24,https://nces.ed.gov/ipeds/datacenter/data/HD2023.zip,verified,2026-10-02,Federico Beauty Institute,CA,Sacramento,federico.edu/,private_for_profit,True
institutions,ipeds-114549,114549,2023-24,https://nces.ed.gov/ipeds/datacenter/data/HD2023.zip,verified,2026-10-02,Fielding Graduate University,CA,Santa Barbara,www.fielding.edu/,private_nonprofit,True
institutions,ipeds-114585,114585,2023-24,https://nces.ed.gov/ipeds/datacenter/data/HD2023.zip,verified,2026-10-02,Five Branches University,CA,Santa Cruz,www.fivebranches.edu/,private_for_profit,True
institutions,ipeds-114637,114637,2023-24,https://nces.ed.gov/ipeds/datacenter/data/HD2023.zip,verified,2026-10-02,Redondo Beach Beauty College,CA,Torrance,rbbeautycollege.com/,private_for_profit,True
institutions,ipeds-114716,114716,2023-24,https://nces.ed.gov/ipeds/datacenter/data/HD2023.zip,verified,2026-10-02,Foothill College,CA,Los Altos Hills,https://foothill.edu/,public,True
institutions,ipeds-114734,114734,2023-24,https://nces.ed.gov/ipeds/datacenter/data/HD2023.zip,verified,2026-10-02,Franciscan School of Theology,CA,San Diego,www.fst.edu/,private_nonprofit,True
institutions,ipeds-114761,114761,2023-24,https://nces.ed.gov/ipeds/datacenter/data/HD2023.zip,verified,2026-10-02,Fredrick and Charles Beauty College,CA,Eureka,www.fandcbeauty.com/,private_for_profit,True
institutions,ipeds-114789,114789,2023-24,https://nces.ed.gov/ipeds/datacenter/data/HD2023.zip,verified,2026-10-02,Fresno City College,CA,Fresno,www.fresnocitycollege.edu/,public,True
institutions,ipeds-114813,114813,2023-24,https://nces.ed.gov/ipeds/datacenter/data/HD2023.zip,verified,2026-10-02,Fresno Pacific University,CA,Fresno,www.fresno.edu/,private_nonprofit,True
institutions,ipeds-114831,114831,2023-24,https://nces.ed.gov/ipeds/datacenter/data/HD2023.zip,verified,2026-10-02,Foothill-De Anza Community College District,CA,Los Altos Hills,https://www.fhda.edu/,public,True
institutions,ipeds-114840,114840,2023-24,https://nces.ed.gov/ipeds/datacenter/data/HD2023.zip,verified,2026-10-02,Fuller Theological Seminary,CA,Pasadena,www.fuller.edu/,private_nonprofit,True
institutions,ipeds-114859,114859,2023-24,https://nces.ed.gov/ipeds/datacenter/data/HD2023.zip,verified,2026-10-02,Fullerton College,CA,Fullerton,www.fullcoll.edu/,public,True
institutions,ipeds-114938,114938,2023-24,https://nces.ed.gov/ipeds/datacenter/data/HD2023.zip,verified,2026-10-02,Gavilan College,CA,Gilroy,https://www.gavilan.edu/,public,True
institutions,ipeds-114947,114947,2023-24,https://nces.ed.gov/ipeds/datacenter/data/HD2023.zip,verified,2026-10-02,Gemological Institute of America-Carlsbad,CA,Carlsbad,www.gia.edu/gem-education,private_nonprofit,True
institutions,ipeds-115001,115001,2023-24,https://nces.ed.gov/ipeds/datacenter/data/HD2023.zip,verified,2026-10-02,Glendale Community College,CA,Glendale,https://www.glendale.edu/,public,True
institutions,ipeds-115010,115010,2023-24,https://nces.ed.gov/ipeds/datacenter/data/HD2023.zip,verified,2026-10-02,Glendale Career College,CA,Glendale,www.success.edu/,private_for_profit,True
institutions,ipeds-115083,115083,2023-24,https://nces.ed.gov/ipeds/datacenter/data/HD2023.zip,verified,2026-10-02,Golden Gate University,CA,San Francisco,www.ggu.edu/,private_nonprofit,True
institutions,ipeds-115126,115126,2023-24,https://nces.ed.gov/ipeds/datacenter/data/HD2023.zip,verified,2026-10-02,Golden West College,CA,Huntington Beach,www.goldenwestcollege.edu/,public,True
institutions,ipeds-115214,115214,2023-24,https://nces.ed.gov/ipeds/datacenter/data/HD2023.zip,verified,2026-10-02,Graduate Theological Union,CA,Berkeley,www.gtu.edu/,private_nonprofit,True
institutions,ipeds-115287,115287,2023-24,https://nces.ed.gov/ipeds/datacenter/data/HD2023.zip,verified,2026-10-02,Grossmont-Cuyamaca Community College District,CA,El Cajon,www.gcccd.edu/,public,True
institutions,ipeds-115296,115296,2023-24,https://nces.ed.gov/ipeds/datacenter/data/HD2023.zip,verified,2026-10-02,Grossmont College,CA,El Cajon,https://www.grossmont.edu/,public,True
institutions,ipeds-115357,115357,2023-24,https://nces.ed.gov/ipeds/datacenter/data/HD2023.zip,verified,2026-10-02,Salon Success Academy-Riverside,CA,Riverside,www.salonsuccessacademy.com/,private_for_profit,True
institutions,ipeds-115393,115393,2023-24,https://nces.ed.gov/ipeds/datacenter/data/HD2023.zip,verified,2026-10-02,Hartnell College,CA,Salinas,www.hartnell.edu/,public,True
institutions,ipeds-115409,115409,2023-24,https://nces.ed.gov/ipeds/datacenter/data/HD2023.zip,verified,2026-10-02,Harvey Mudd College,CA,Claremont,https://www.hmc.edu/,private_nonprofit,True
institutions,ipeds-115658,115658,2023-24,https://nces.ed.gov/ipeds/datacenter/data/HD2023.zip,verified,2026-10-02,Hilltop Beauty School,CA,Daly City,www.hilltopbeautyschool.com/,private_for_profit,True
institutions,ipeds-115746,115746,2023-24,https://nces.ed.gov/ipeds/datacenter/data/HD2023.zip,verified,2026-10-02,Pacifica Graduate Institute,CA,Carpinteria,www.pacifica.edu/,private_for_profit,True
institutions,ipeds-115755,115755,2023-24,https://nces.ed.gov/ipeds/datacenter/data/HD2023.zip,verified,2026-10-02,California State Polytechnic University-Humboldt,CA,Arcata,www.humboldt.edu/,public,True
institutions,ipeds-115773,115773,2023-24,https://nces.ed.gov/ipeds/datacenter/data/HD2023.zip,verified,2026-10-02,Humphreys University-Stockton and Modesto Campuses,CA,Stockton,www.humphreys.edu/,private_nonprofit,True
institutions,ipeds-115861,115861,2023-24,https://nces.ed.gov/ipeds/datacenter/data/HD2023.zip,verified,2026-10-02,Imperial Valley College,CA,Imperial,www.imperial.edu/,public,True
institutions,ipeds-115931,115931,2023-24,https://nces.ed.gov/ipeds/datacenter/data/HD2023.zip,verified,2026-10-02,Institute for Business and Technology,CA,Santa Clara,https://ibt.edu/,private_for_profit,True
institutions,ipeds-116226,116226,2023-24,https://nces.ed.gov/ipeds/datacenter/data/HD2023.zip,verified,2026-10-02,Interior Designers Institute,CA,Newport Beach,https://www.idi.edu/,private_for_profit,True
institutions,ipeds-116350,116350,2023-24,https://nces.ed.gov/ipeds/datacenter/data/HD2023.zip,verified,2026-10-02,International School of Cosmetology,CA,Los Angeles,www.toniguy.edu/,private_for_profit,True
institutions,ipeds-116439,116439,2023-24,https://nces.ed.gov/ipeds/datacenter/data/HD2023.zip,verified,2026-10-02,Irvine Valley College,CA,Irvine,https://www.ivc.edu/,public,True
institutions,ipeds-116563,116563,2023-24,https://nces.ed.gov/ipeds/datacenter/data/HD2023.zip,verified,2026-10-02,Bellus Academy-El Cajon,CA,El Cajon,www.bellusacademy.edu/,private_for_profit,True
institutions,ipeds-116846,116846,2023-24,https://nces.ed.gov/ipeds/datacenter/data/HD2023.zip,verified,2026-10-02,American Jewish University,CA,Los Angeles,www.aju.edu/,private_nonprofit,True
institutions,ipeds-117052,117052,2023-24,https://nces.ed.gov/ipeds/datacenter/data/HD2023.zip,verified,2026-10-02,Reedley College,CA,Reedley,www.reedleycollege.edu/,public,True
institutions,ipeds-117104,117104,2023-24,https://nces.ed.gov/ipeds/datacenter/data/HD2023.zip,verified,2026-10-02,Life Pacific University,CA,San Dimas,https://lifepacific.edu/,private_nonprofit,True
institutions,ipeds-117140,117140,2023-24,https://nces.ed.gov/ipeds/datacenter/data/HD2023.zip,verified,2026-10-02,University of La Verne,CA,La Verne,https://www.laverne.edu/,private_nonprofit,True
institutions,ipeds-117168,117168,2023-24,https://nces.ed.gov/ipeds/datacenter/data/HD2023.zip,verified,2026-10-02,Laguna College of Art and Design,CA,Laguna Beach,www.lcad.edu/,private_nonprofit,True
institutions,ipeds-117195,117195,2023-24,https://nces.ed.gov/ipeds/datacenter/data/HD2023.zip,verified,2026-10-02,Lake Tahoe Community College,CA,South Lake Tahoe,www.ltcc.edu/,public,True
institutions,ipeds-117238,117238,2023-24,https://nces.ed.gov/ipeds/datacenter/data/HD2023.zip,verified,2026-10-02,Lancaster Beauty School,CA,Lancaster,www.lancasterbeautyschool.com/,private_for_profit,True
institutions,ipeds-117247,117247,2023-24,https://nces.ed.gov/ipeds/datacenter/data/HD2023.zip,verified,2026-10-02,Laney College,CA,Oakland,laney.edu/,public,True
institutions,ipeds-117274,117274,2023-24,https://nces.ed.gov/ipeds/datacenter/data/HD2023.zip,verified,2026-10-02,Lassen Community College,CA,Susanville,www.lassencollege.edu/,public,True
institutions,ipeds-117283,117283,2023-24,https://nces.ed.gov/ipeds/datacenter/data/HD2023.zip,verified,2026-10-02,Latin American Bible Institute,CA,La Puente,labi.edu/,private_nonprofit,True
institutions,ipeds-117520,117520,2023-24,https://nces.ed.gov/ipeds/datacenter/data/HD2023.zip,verified,2026-10-02,Life Chiropractic College West,CA,Hayward,www.lifewest.edu/,private_nonprofit,True
institutions,ipeds-117557,117557,2023-24,https://nces.ed.gov/ipeds/datacenter/data/HD2023.zip,verified,2026-10-02,Lincoln University,CA,Oakland,https://lincolnuca.edu/,private_nonprofit,True
institutions,ipeds-117575,117575,2023-24,https://nces.ed.gov/ipeds/datacenter/data/HD2023.zip,verified,2026-10-02,Southern California Seminary,CA,El Cajon,www.socalsem.edu/,private_nonprofit,True
institutions,ipeds-117627,117627,2023-24,https://nces.ed.gov/ipeds/datacenter/data/HD2023.zip,verified,2026-10-02,La Sierra University,CA,Riverside,https://lasierra.edu/,private_nonprofit,True
institutions,ipeds-117636,117636,2023-24,https://nces.ed.gov/ipeds/datacenter/data/HD2023.zip,verified,2026-10-02,Loma Linda University,CA,Loma Linda,www.llu.edu/index.html,private_nonprofit,True
institutions,ipeds-117645,117645,2023-24,https://nces.ed.gov/ipeds/datacenter/data/HD2023.zip,verified,2026-10-02,Long Beach City College,CA,Long Beach,www.lbcc.edu/,public,True
institutions,ipeds-117672,117672,2023-24,https://nces.ed.gov/ipeds/datacenter/data/HD2023.zip,verified,2026-10-02,Southern California University of Health Sciences,CA,Whittier,https://www.scuhs.edu/,private_nonprofit,True
institutions,ipeds-117681,117681,2023-24,https://nces.ed.gov/ipeds/datacenter/data/HD2023.zip,verified,2026-10-02,Los Angeles Community College District Office,CA,Los Angeles,www.laccd.edu/,public,True
institutions,ipeds-117690,117690,2023-24,https://nces.ed.gov/ipeds/datacenter/data/HD2023.zip,verified,2026-10-02,Los Angeles Harbor College,CA,Wilmington,https://www.lahc.edu/,public,True
institutions,ipeds-117706,117706,2023-24,https://nces.ed.gov/ipeds/datacenter/data/HD2023.zip,verified,2026-10-02,Los Angeles Pierce College,CA,Woodland Hills,www.lapc.edu/,public,True
institutions,ipeds-117715,117715,2023-24,https://nces.ed.gov/ipeds/datacenter/data/HD2023.zip,verified,2026-10-02,Los Angeles Southwest College,CA,Los Angeles,https://www.lasc.edu/,public,True
institutions,ipeds-117724,117724,2023-24,https://nces.ed.gov/ipeds/datacenter/data/HD2023.zip,verified,2026-10-02,Los Angeles Trade Technical College,CA,Los Angeles,www.lattc.edu/,public,True
institutions,ipeds-117733,117733,2023-24,https://nces.ed.gov/ipeds/datacenter/data/HD2023.zip,verified,2026-10-02,Los Angeles Valley College,CA,Valley Glen,www.lavc.edu/,public,True
institutions,ipeds-117751,117751,2023-24,https://nces.ed.gov/ipeds/datacenter/data/HD2023.zip,verified,2026-10-02,The Master's University and Seminary,CA,Santa Clarita,www.masters.edu/,private_nonprofit,True
institutions,ipeds-117788,117788,2023-24,https://nces.ed.gov/ipeds/datacenter/data/HD2023.zip,verified,2026-10-02,Los Angeles City College,CA,Los Angeles,www.lacitycollege.edu/,public,True
institutions,ipeds-117803,117803,2023-24,https://nces.ed.gov/ipeds/datacenter/data/HD2023.zip,verified,2026-10-02,Los Angeles County College of Nursing and Allied Health,CA,Los Angeles,https://dhs.lacounty.gov/college-of-nursing-and-allied-health/,public,True
institutions,ipeds-117867,117867,2023-24,https://nces.ed.gov/ipeds/datacenter/data/HD2023.zip,verified,2026-10-02,Los Angeles Mission College,CA,Sylmar,https://www.lamission.edu/,public,True
institutions,ipeds-117894,117894,2023-24,https://nces.ed.gov/ipeds/datacenter/data/HD2023.zip,verified,2026-10-02,Los Medanos College,CA,Pittsburg,https://www.losmedanos.edu/,public,True
institutions,ipeds-117900,117900,2023-24,https://nces.ed.gov/ipeds/datacenter/data/HD2023.zip,verified,2026-10-02,Los Rios Community College District Office,CA,Sacramento,www.losrios.edu/,public,True
institutions,ipeds-117946,117946,2023-24,https://nces.ed.gov/ipeds/datacenter/data/HD2023.zip,verified,2026-10-02,Loyola Marymount University,CA,Los Angeles,https://www.lmu.edu/,private_nonprofit,True
institutions,ipeds-117955,117955,2023-24,https://nces.ed.gov/ipeds/datacenter/data/HD2023.zip,verified,2026-10-02,Lu Ross Academy,CA,Ventura,www.lurossacademy.com/,private_for_profit,True
institutions,ipeds-118134,118134,2023-24,https://nces.ed.gov/ipeds/datacenter/data/HD2023.zip,verified,2026-10-02,Lyle's College of Beauty,CA,Bakersfield,lylescolleges.com/,private_for_profit,True
institutions,ipeds-118143,118143,2023-24,https://nces.ed.gov/ipeds/datacenter/data/HD2023.zip,verified,2026-10-02,Lyle's College of  Beauty,CA,Fresno,lylescolleges.com/,private_for_profit,True
institutions,ipeds-118161,118161,2023-24,https://nces.ed.gov/ipeds/datacenter/data/HD2023.zip,verified,2026-10-02,Lytles Redwood Empire Beauty College,CA,Santa Rosa,www.lytlesrebc.edu/,private_for_profit,True
institutions,ipeds-118198,118198,2023-24,https://nces.ed.gov/ipeds/datacenter/data/HD2023.zip,verified,2026-10-02,MTI College,CA,Sacramento,campus.edu/,private_for_profit,True
institutions,ipeds-118347,118347,2023-24,https://nces.ed.gov/ipeds/datacenter/data/HD2023.zip,verified,2026-10-02,College of Marin,CA,Kentfield,www.marin.edu/,public,True
institutions,ipeds-118684,118684,2023-24,https://nces.ed.gov/ipeds/datacenter/data/HD2023.zip,verified,2026-10-02,Mendocino College,CA,Ukiah,www.mendocino.edu/,public,True
institutions,ipeds-118693,118693,2023-24,https://nces.ed.gov/ipeds/datacenter/data/HD2023.zip,verified,2026-10-02,Menlo College,CA,Atherton,www.menlo.edu/,private_nonprofit,True
institutions,ipeds-118718,118718,2023-24,https://nces.ed.gov/ipeds/datacenter/data/HD2023.zip,verified,2026-10-02,Merced College,CA,Merced,www.mccd.edu/,public,True
institutions,ipeds-118772,118772,2023-24,https://nces.ed.gov/ipeds/datacenter/data/HD2023.zip,verified,2026-10-02,Merritt College,CA,Oakland,www.merritt.edu/,public,True
institutions,ipeds-118888,118888,2023-24,https://nces.ed.gov/ipeds/datacenter/data/HD2023.zip,verified,2026-10-02,Northeastern University Oakland,CA,Oakland,https://oakland.northeastern.edu/,private_nonprofit,True
institutions,ipeds-118912,118912,2023-24,https://nces.ed.gov/ipeds/datacenter/data/HD2023.zip,verified,2026-10-02,MiraCosta College,CA,Oceanside,www.miracosta.edu/,public,True
institutions,ipeds-118930,118930,2023-24,https://nces.ed.gov/ipeds/datacenter/data/HD2023.zip,verified,2026-10-02,Mission College,CA,Santa Clara,www.missioncollege.edu/,public,True
institutions,ipeds-118958,118958,2023-24,https://nces.ed.gov/ipeds/datacenter/data/HD2023.zip,verified,2026-10-02,Modern Beauty Academy,CA,Oxnard,www.modernbeautyacademy.org/,private_for_profit,True
institutions,ipeds-118976,118976,2023-24,https://nces.ed.gov/ipeds/datacenter/data/HD2023.zip,verified,2026-10-02,Modesto Junior College,CA,Modesto,https://www.mjc.edu/,public,True
institutions,ipeds-118994,118994,2023-24,https://nces.ed.gov/ipeds/datacenter/data/HD2023.zip,verified,2026-10-02,Moler Barber College,CA,Oakland,moler.org/,private_for_profit,True
institutions,ipeds-119058,119058,2023-24,https://nces.ed.gov/ipeds/datacenter/data/HD2023.zip,verified,2026-10-02,Middlebury Institute of International Studies at Monterey,CA,Monterey,https://www.middlebury.edu/institute/,private_nonprofit,True
institutions,ipeds-119067,119067,2023-24,https://nces.ed.gov/ipeds/datacenter/data/HD2023.zip,verified,2026-10-02,Monterey Peninsula College,CA,Monterey,www.mpc.edu/,public,True
institutions,ipeds-119137,119137,2023-24,https://nces.ed.gov/ipeds/datacenter/data/HD2023.zip,verified,2026-10-02,Moorpark College,CA,Moorpark,www.moorparkcollege.edu/index.shtml,public,True
institutions,ipeds-119164,119164,2023-24,https://nces.ed.gov/ipeds/datacenter/data/HD2023.zip,verified,2026-10-02,Mt San Antonio College,CA,Walnut,www.mtsac.edu/,public,True
institutions,ipeds-119173,119173,2023-24,https://nces.ed.gov/ipeds/datacenter/data/HD2023.zip,verified,2026-10-02,Mount Saint Mary's University,CA,Los Angeles,https://www.msmu.edu/,private_nonprofit,True
institutions,ipeds-119216,119216,2023-24,https://nces.ed.gov/ipeds/datacenter/data/HD2023.zip,verified,2026-10-02,Mt San Jacinto Community College District,CA,San Jacinto,www.msjc.edu/,public,True
institutions,ipeds-119270,119270,2023-24,https://nces.ed.gov/ipeds/datacenter/data/HD2023.zip,verified,2026-10-02,Musicians Institute,CA,Hollywood,www.mi.edu/,private_for_profit,True
institutions,ipeds-119331,119331,2023-24,https://nces.ed.gov/ipeds/datacenter/data/HD2023.zip,verified,2026-10-02,Napa Valley College,CA,Napa,https://www.napavalley.edu/,public,True
institutions,ipeds-119553,119553,2023-24,https://nces.ed.gov/ipeds/datacenter/data/HD2023.zip,verified,2026-10-02,National Holistic Institute,CA,Emeryville,www.nhi.edu/,private_for_profit,True
institutions,ipeds-119605,119605,2023-24,https://nces.ed.gov/ipeds/datacenter/data/HD2023.zip,verified,2026-10-02,National University,CA,San Diego,www.nu.edu/,private_nonprofit,True
institutions,ipeds-119678,119678,2023-24,https://nces.ed.gov/ipeds/datacenter/data/HD2023.zip,verified,2026-10-02,Naval Postgraduate School,CA,Monterey,https://www.nps.edu/,public,True
institutions,ipeds-119775,119775,2023-24,https://nces.ed.gov/ipeds/datacenter/data/HD2023.zip,verified,2026-10-02,Newschool of Architecture and Design,CA,San Diego,www.newschoolarch.edu/,private_for_profit,True
institutions,ipeds-119951,119951,2023-24,https://nces.ed.gov/ipeds/datacenter/data/HD2023.zip,verified,2026-10-02,North Adrian's College of Beauty Inc,CA,Modesto,www.adrians.edu/,private_for_profit,True
institutions,ipeds-120023,120023,2023-24,https://nces.ed.gov/ipeds/datacenter/data/HD2023.zip,verified,2026-10-02,North Orange County Community College District,CA,Anaheim,www.nocccd.edu/,public,True
institutions,ipeds-120069,120069,2023-24,https://nces.ed.gov/ipeds/datacenter/data/HD2023.zip,verified,2026-10-02,North-West College-Pomona,CA,Pomona,www.north-westcollege.edu/,private_for_profit,True
institutions,ipeds-120078,120078,2023-24,https://nces.ed.gov/ipeds/datacenter/data/HD2023.zip,verified,2026-10-02,North-West College-West Covina,CA,West Covina,https://www.nw.edu/locations/west-covina-campus/,private_for_profit,True
institutions,ipeds-120087,120087,2023-24,https://nces.ed.gov/ipeds/datacenter/data/HD2023.zip,verified,2026-10-02,North-West College-Van Nuys,CA,Van Nuys,www.north-westcollege.edu/,private_for_profit,True
institutions,ipeds-120166,120166,2023-24,https://nces.ed.gov/ipeds/datacenter/data/HD2023.zip,verified,2026-10-02,San Francisco Bay University,CA,Fremont,https://www.sfbu.edu/,private_nonprofit,True
institutions,ipeds-120184,120184,2023-24,https://nces.ed.gov/ipeds/datacenter/data/HD2023.zip,verified,2026-10-02,Notre Dame de Namur University,CA,Belmont,www.ndnu.edu/,private_nonprofit,True
institutions,ipeds-120254,120254,2023-24,https://nces.ed.gov/ipeds/datacenter/data/HD2023.zip,verified,2026-10-02,Occidental College,CA,Los Angeles,https://www.oxy.edu/,private_nonprofit,True
institutions,ipeds-120290,120290,2023-24,https://nces.ed.gov/ipeds/datacenter/data/HD2023.zip,verified,2026-10-02,Ohlone College,CA,Fremont,www.ohlone.edu/,public,True
institutions,ipeds-120342,120342,2023-24,https://nces.ed.gov/ipeds/datacenter/data/HD2023.zip,verified,2026-10-02,Orange Coast College,CA,Costa Mesa,orangecoastcollege.edu/,public,True
institutions,ipeds-120403,120403,2023-24,https://nces.ed.gov/ipeds/datacenter/data/HD2023.zip,verified,2026-10-02,Otis College of Art and Design,CA,Los Angeles,www.otis.edu/,private_nonprofit,True
institutions,ipeds-120421,120421,2023-24,https://nces.ed.gov/ipeds/datacenter/data/HD2023.zip,verified,2026-10-02,Oxnard College,CA,Oxnard,www.oxnardcollege.edu/,public,True
institutions,ipeds-120537,120537,2023-24,https://nces.ed.gov/ipeds/datacenter/data/HD2023.zip,verified,2026-10-02,Hope International University,CA,Fullerton,www.hiu.edu/,private_nonprofit,True
institutions,ipeds-120661,120661,2023-24,https://nces.ed.gov/ipeds/datacenter/data/HD2023.zip,verified,2026-10-02,Concorde Career College-San Diego,CA,San Diego,https://www.concorde.edu/campus/san-diego-california,private_for_profit,True
institutions,ipeds-120698,120698,2023-24,https://nces.ed.gov/ipeds/datacenter/data/HD2023.zip,verified,2026-10-02,Palo Alto University,CA,Palo Alto,www.paloaltou.edu/,private_nonprofit,True
institutions,ipeds-120768,120768,2023-24,https://nces.ed.gov/ipeds/datacenter/data/HD2023.zip,verified,2026-10-02,Pacific Oaks College,CA,Pasadena,https://www.pacificoaks.edu/,private_nonprofit,True
institutions,ipeds-120795,120795,2023-24,https://nces.ed.gov/ipeds/datacenter/data/HD2023.zip,verified,2026-10-02,Pacific School of Religion,CA,Berkeley,www.psr.edu/,private_nonprofit,True
institutions,ipeds-120838,120838,2023-24,https://nces.ed.gov/ipeds/datacenter/data/HD2023.zip,verified,2026-10-02,Pacific States University,CA,Los Angeles,www.psuca.edu/,private_nonprofit,True
institutions,ipeds-120865,120865,2023-24,https://nces.ed.gov/ipeds/datacenter/data/HD2023.zip,verified,2026-10-02,Pacific Union College,CA,Angwin,https://www.puc.edu/,private_nonprofit,True
institutions,ipeds-120883,120883,2023-24,https://nces.ed.gov/ipeds/datacenter/data/HD2023.zip,verified,2026-10-02,University of the Pacific,CA,Stockton,www.pacific.edu/,private_nonprofit,True
institutions,ipeds-120953,120953,2023-24,https://nces.ed.gov/ipeds/datacenter/data/HD2023.zip,verified,2026-10-02,Palo Verde College,CA,Blythe,https://www.paloverde.edu/,public,True
institutions,ipeds-120971,120971,2023-24,https://nces.ed.gov/ipeds/datacenter/data/HD2023.zip,verified,2026-10-02,Palomar College,CA,San Marcos,www2.palomar.edu/,public,True
institutions,ipeds-121044,121044,2023-24,https://nces.ed.gov/ipeds/datacenter/data/HD2023.zip,verified,2026-10-02,Pasadena City College,CA,Pasadena,pasadena.edu/,public,True
institutions,ipeds-121150,121150,2023-24,https://nces.ed.gov/ipeds/datacenter/data/HD2023.zip,verified,2026-10-02,Pepperdine University,CA,Malibu,www.pepperdine.edu/,private_nonprofit,True
institutions,ipeds-121178,121178,2023-24,https://nces.ed.gov/ipeds/datacenter/data/HD2023.zip,verified,2026-10-02,Peralta Community College System Office,CA,Oakland,www.peralta.edu/,public,True
institutions,ipeds-121257,121257,2023-24,https://nces.ed.gov/ipeds/datacenter/data/HD2023.zip,verified,2026-10-02,Pitzer College,CA,Claremont,https://www.pitzer.edu/,private_nonprofit,True
institutions,ipeds-121309,121309,2023-24,https://nces.ed.gov/ipeds/datacenter/data/HD2023.zip,verified,2026-10-02,Point Loma Nazarene University,CA,San Diego,www.pointloma.edu/,private_nonprofit,True
institutions,ipeds-121345,121345,2023-24,https://nces.ed.gov/ipeds/datacenter/data/HD2023.zip,verified,2026-10-02,Pomona College,CA,Claremont,www.pomona.edu/,private_nonprofit,True
institutions,ipeds-121363,121363,2023-24,https://nces.ed.gov/ipeds/datacenter/data/HD2023.zip,verified,2026-10-02,Porterville College,CA,Porterville,https://www.portervillecollege.edu/,public,True
institutions,ipeds-121433,121433,2023-24,https://nces.ed.gov/ipeds/datacenter/data/HD2023.zip,verified,2026-10-02,Professional Institute of Beauty,CA,El Monte,www.pib.edu/,private_for_profit,True
institutions,ipeds-121619,121619,2023-24,https://nces.ed.gov/ipeds/datacenter/data/HD2023.zip,verified,2026-10-02,Santa Ana College,CA,Santa Ana,www.sac.edu/,public,True
institutions,ipeds-121628,121628,2023-24,https://nces.ed.gov/ipeds/datacenter/data/HD2023.zip,verified,2026-10-02,Pardee RAND Graduate School,CA,Santa Monica,www.pardeerand.edu/,private_nonprofit,True
institutions,ipeds-121637,121637,2023-24,https://nces.ed.gov/ipeds/datacenter/data/HD2023.zip,verified,2026-10-02,Shasta School of Cosmetology,CA,Redding,www.shastaschoolofcosmetology.com/,private_for_profit,True
institutions,ipeds-121691,121691,2023-24,https://nces.ed.gov/ipeds/datacenter/data/HD2023.zip,verified,2026-10-02,University of Redlands,CA,Redlands,www.redlands.edu/,private_nonprofit,True
institutions,ipeds-121707,121707,2023-24,https://nces.ed.gov/ipeds/datacenter/data/HD2023.zip,verified,2026-10-02,College of the Redwoods,CA,Eureka,https://www.redwoods.edu/,public,True
institutions,ipeds-121859,121859,2023-24,https://nces.ed.gov/ipeds/datacenter/data/HD2023.zip,verified,2026-10-02,Salon Success Academy-Upland,CA,Upland,www.salonsuccessacademy.com/,private_for_profit,True
institutions,ipeds-121868,121868,2023-24,https://nces.ed.gov/ipeds/datacenter/data/HD2023.zip,verified,2026-10-02,Salon Success Academy-Corona,CA,Corona,www.salonsuccessacademy.com/,private_for_profit,True
institutions,ipeds-121886,121886,2023-24,https://nces.ed.gov/ipeds/datacenter/data/HD2023.zip,verified,2026-10-02,Rio Hondo College,CA,Whittier,www.riohondo.edu/,public,True
institutions,ipeds-121901,121901,2023-24,https://nces.ed.gov/ipeds/datacenter/data/HD2023.zip,verified,2026-10-02,Riverside City College,CA,Riverside,www.rcc.edu/,public,True
institutions,ipeds-122117,122117,2023-24,https://nces.ed.gov/ipeds/datacenter/data/HD2023.zip,verified,2026-10-02,Dongguk University Los Angeles,CA,Los Angeles,www.dula.edu/,private_nonprofit,True
institutions,ipeds-122180,122180,2023-24,https://nces.ed.gov/ipeds/datacenter/data/HD2023.zip,verified,2026-10-02,Sacramento City College,CA,Sacramento,https://www.scc.losrios.edu/,public,True
institutions,ipeds-122205,122205,2023-24,https://nces.ed.gov/ipeds/datacenter/data/HD2023.zip,verified,2026-10-02,Saddleback College,CA,Mission Viejo,https://www.saddleback.edu/,public,True
institutions,ipeds-122296,122296,2023-24,https://nces.ed.gov/ipeds/datacenter/data/HD2023.zip,verified,2026-10-02,Samuel Merritt University,CA,Oakland,www.samuelmerritt.edu/,private_nonprofit,True
institutions,ipeds-122320,122320,2023-24,https://nces.ed.gov/ipeds/datacenter/data/HD2023.zip,verified,2026-10-02,San Diego Community College District-District Office,CA,San Diego,www.sdccd.edu/,public,True
institutions,ipeds-122339,122339,2023-24,https://nces.ed.gov/ipeds/datacenter/data/HD2023.zip,verified,2026-10-02,San Diego City College,CA,San Diego,www.sdcity.edu/,public,True
institutions,ipeds-122375,122375,2023-24,https://nces.ed.gov/ipeds/datacenter/data/HD2023.zip,verified,2026-10-02,San Diego Mesa College,CA,San Diego,www.sdmesa.edu/,public,True
institutions,ipeds-122384,122384,2023-24,https://nces.ed.gov/ipeds/datacenter/data/HD2023.zip,verified,2026-10-02,San Diego Miramar College,CA,San Diego,www.sdmiramar.edu/,public,True
institutions,ipeds-122409,122409,2023-24,https://nces.ed.gov/ipeds/datacenter/data/HD2023.zip,verified,2026-10-02,San Diego State University,CA,San Diego,www.sdsu.edu/,public,True
institutions,ipeds-122436,122436,2023-24,https://nces.ed.gov/ipeds/datacenter/data/HD2023.zip,verified,2026-10-02,University of San Diego,CA,San Diego,www.sandiego.edu/,private_nonprofit,True
institutions,ipeds-122506,122506,2023-24,https://nces.ed.gov/ipeds/datacenter/data/HD2023.zip,verified,2026-10-02,San Francisco Conservatory of Music,CA,San Francisco,https://sfcm.edu/,private_nonprofit,True
institutions,ipeds-122597,122597,2023-24,https://nces.ed.gov/ipeds/datacenter/data/HD2023.zip,verified,2026-10-02,San Francisco State University,CA,San Francisco,www.sfsu.edu/,public,True
institutions,ipeds-122612,122612,2023-24,https://nces.ed.gov/ipeds/datacenter/data/HD2023.zip,verified,2026-10-02,University of San Francisco,CA,San Francisco,https://www.usfca.edu/,private_nonprofit,True
institutions,ipeds-122649,122649,2023-24,https://nces.ed.gov/ipeds/datacenter/data/HD2023.zip,verified,2026-10-02,San Joaquin College of Law,CA,Clovis,www.sjcl.edu/,private_nonprofit,True
institutions,ipeds-122658,122658,2023-24,https://nces.ed.gov/ipeds/datacenter/data/HD2023.zip,verified,2026-10-02,San Joaquin Delta College,CA,Stockton,www.deltacollege.edu/,public,True
institutions,ipeds-122685,122685,2023-24,https://nces.ed.gov/ipeds/datacenter/data/HD2023.zip,verified,2026-10-02,San Joaquin Valley College-Visalia,CA,Visalia,www.sjvc.edu/,private_for_profit,True
institutions,ipeds-122694,122694,2023-24,https://nces.ed.gov/ipeds/datacenter/data/HD2023.zip,verified,2026-10-02,San Joaquin Valley College-Bakersfield,CA,Bakersfield,www.sjvc.edu/,private_for_profit,True
institutions,ipeds-122728,122728,2023-24,https://nces.ed.gov/ipeds/datacenter/data/HD2023.zip,verified,2026-10-02,William Jessup University,CA,Rocklin,www.jessup.edu/,private_nonprofit,True
institutions,ipeds-122737,122737,2023-24,https://nces.ed.gov/ipeds/datacenter/data/HD2023.zip,verified,2026-10-02,San Jose-Evergreen Community College District,CA,San Jose,www.sjeccd.edu/,public,True
institutions,ipeds-122746,122746,2023-24,https://nces.ed.gov/ipeds/datacenter/data/HD2023.zip,verified,2026-10-02,San Jose City College,CA,San Jose,www.sjcc.edu/,public,True
institutions,ipeds-122755,122755,2023-24,https://nces.ed.gov/ipeds/datacenter/data/HD2023.zip,verified,2026-10-02,San Jose State University,CA,San Jose,www.sjsu.edu/,public,True
institutions,ipeds-122782,122782,2023-24,https://nces.ed.gov/ipeds/datacenter/data/HD2023.zip,verified,2026-10-02,San Mateo County Community College District Office,CA,San Mateo,www.smccd.edu/,public,True
institutions,ipeds-122791,122791,2023-24,https://nces.ed.gov/ipeds/datacenter/data/HD2023.zip,verified,2026-10-02,College of San Mateo,CA,San Mateo,www.collegeofsanmateo.edu/,public,True
institutions,ipeds-122889,122889,2023-24,https://nces.ed.gov/ipeds/datacenter/data/HD2023.zip,verified,2026-10-02,Santa Barbara City College,CA,Santa Barbara,www.sbcc.edu/,public,True
institutions,ipeds-122931,122931,2023-24,https://nces.ed.gov/ipeds/datacenter/data/HD2023.zip,verified,2026-10-02,Santa Clara University,CA,Santa Clara,www.scu.edu/,private_nonprofit,True
institutions,ipeds-122977,122977,2023-24,https://nces.ed.gov/ipeds/datacenter/data/HD2023.zip,verified,2026-10-02,Santa Monica College,CA,Santa Monica,https://www.smc.edu/,public,True
institutions,ipeds-123013,123013,2023-24,https://nces.ed.gov/ipeds/datacenter/data/HD2023.zip,verified,2026-10-02,Santa Rosa Junior College,CA,Santa Rosa,www.santarosa.edu/,public,True
institutions,ipeds-123095,123095,2023-24,https://nces.ed.gov/ipeds/datacenter/data/HD2023.zip,verified,2026-10-02,Saybrook University,CA,Pasadena,https://www.saybrook.edu/,private_nonprofit,True
institutions,ipeds-123165,123165,2023-24,https://nces.ed.gov/ipeds/datacenter/data/HD2023.zip,verified,2026-10-02,Scripps College,CA,Claremont,www.scrippscollege.edu/,private_nonprofit,True
institutions,ipeds-123217,123217,2023-24,https://nces.ed.gov/ipeds/datacenter/data/HD2023.zip,verified,2026-10-02,College of the Sequoias,CA,Visalia,https://www.cos.edu/,public,True
institutions,ipeds-123280,123280,2023-24,https://nces.ed.gov/ipeds/datacenter/data/HD2023.zip,verified,2026-10-02,Shasta Bible College and Graduate School,CA,Redding,www.shasta.edu/,private_nonprofit,True
institutions,ipeds-123299,123299,2023-24,https://nces.ed.gov/ipeds/datacenter/data/HD2023.zip,verified,2026-10-02,Shasta College,CA,Redding,https://www.shastacollege.edu/,public,True
institutions,ipeds-123341,123341,2023-24,https://nces.ed.gov/ipeds/datacenter/data/HD2023.zip,verified,2026-10-02,Sierra College,CA,Rocklin,https://www.sierracollege.edu/,public,True
institutions,ipeds-123350,123350,2023-24,https://nces.ed.gov/ipeds/datacenter/data/HD2023.zip,verified,2026-10-02,Sierra College of Beauty,CA,Merced,sierrabeautycollege.net/blog3/,private_for_profit,True
institutions,ipeds-123448,123448,2023-24,https://nces.ed.gov/ipeds/datacenter/data/HD2023.zip,verified,2026-10-02,Trinity Law School,CA,Santa Ana,https://www.tiu.edu/law,private_nonprofit,True
institutions,ipeds-123457,123457,2023-24,https://nces.ed.gov/ipeds/datacenter/data/HD2023.zip,verified,2026-10-02,Simpson University,CA,Redding,www.simpsonu.edu/,private_nonprofit,True
institutions,ipeds-123484,123484,2023-24,https://nces.ed.gov/ipeds/datacenter/data/HD2023.zip,verified,2026-10-02,College of the Siskiyous,CA,Weed,www.siskiyous.edu/,public,True
institutions,ipeds-123493,123493,2023-24,https://nces.ed.gov/ipeds/datacenter/data/HD2023.zip,verified,2026-10-02,Charles A Jones Career and Education Center,CA,Sacramento,www.caj.scusd.edu/,public,True
institutions,ipeds-123509,123509,2023-24,https://nces.ed.gov/ipeds/datacenter/data/HD2023.zip,verified,2026-10-02,Skyline College,CA,San Bruno,skylinecollege.edu/,public,True
institutions,ipeds-123527,123527,2023-24,https://nces.ed.gov/ipeds/datacenter/data/HD2023.zip,verified,2026-10-02,San Bernardino Valley College,CA,San Bernardino,www.valleycollege.edu/,public,True
institutions,ipeds-123554,123554,2023-24,https://nces.ed.gov/ipeds/datacenter/data/HD2023.zip,verified,2026-10-02,Saint Mary's College of California,CA,Moraga,https://www.stmarys-ca.edu/,private_nonprofit,True
institutions,ipeds-123563,123563,2023-24,https://nces.ed.gov/ipeds/datacenter/data/HD2023.zip,verified,2026-10-02,Solano Community College,CA,Fairfield,welcome.solano.edu/,public,True
institutions,ipeds-123572,123572,2023-24,https://nces.ed.gov/ipeds/datacenter/data/HD2023.zip,verified,2026-10-02,Sonoma State University,CA,Rohnert Park,https://sonoma.edu/,public,True
institutions,ipeds-123633,123633,2023-24,https://nces.ed.gov/ipeds/datacenter/data/HD2023.zip,verified,2026-10-02,South Baylo University,CA,Anaheim,www.southbaylo.edu/,private_nonprofit,True
institutions,ipeds-123642,123642,2023-24,https://nces.ed.gov/ipeds/datacenter/data/HD2023.zip,verified,2026-10-02,South Coast College,CA,Orange,www.southcoastcollege.edu/,private_for_profit,True
institutions,ipeds-123651,123651,2023-24,https://nces.ed.gov/ipeds/datacenter/data/HD2023.zip,verified,2026-10-02,Vanguard University of Southern California,CA,Costa Mesa,https://www.vanguard.edu/,private_nonprofit,True
institutions,ipeds-123679,123679,2023-24,https://nces.ed.gov/ipeds/datacenter/data/HD2023.zip,verified,2026-10-02,Concorde Career College-Garden Grove,CA,Garden Grove,https://www.concorde.edu/campus/garden-grove-california,private_for_profit,True
institutions,ipeds-123800,123800,2023-24,https://nces.ed.gov/ipeds/datacenter/data/HD2023.zip,verified,2026-10-02,Southwestern College,CA,Chula Vista,https://www.swccd.edu/,public,True
institutions,ipeds-123916,123916,2023-24,https://nces.ed.gov/ipeds/datacenter/data/HD2023.zip,verified,2026-10-02,Starr King School for the Ministry,CA,Oakland,https://www.sksm.edu/,private_nonprofit,True
institutions,ipeds-123925,123925,2023-24,https://nces.ed.gov/ipeds/datacenter/data/HD2023.zip,verified,2026-10-02,State Center Community College District,CA,Fresno,www.scccd.edu/,public,True
institutions,ipeds-123943,123943,2023-24,https://nces.ed.gov/ipeds/datacenter/data/HD2023.zip,verified,2026-10-02,Marshall B Ketchum University,CA,Fullerton,www.ketchum.edu/,private_nonprofit,True
institutions,ipeds-123952,123952,2023-24,https://nces.ed.gov/ipeds/datacenter/data/HD2023.zip,verified,2026-10-02,Southern California Institute of Architecture,CA,Los Angeles,www.sciarc.edu/,private_nonprofit,True
institutions,ipeds-123961,123961,2023-24,https://nces.ed.gov/ipeds/datacenter/data/HD2023.zip,verified,2026-10-02,University of Southern California,CA,Los Angeles,www.usc.edu/,private_nonprofit,True
institutions,ipeds-123970,123970,2023-24,https://nces.ed.gov/ipeds/datacenter/data/HD2023.zip,verified,2026-10-02,Southwestern Law School,CA,Los Angeles,https://www.swlaw.edu/,private_nonprofit,True
institutions,ipeds-124113,124113,2023-24,https://nces.ed.gov/ipeds/datacenter/data/HD2023.zip,verified,2026-10-02,Taft College,CA,Taft,www.taftcollege.edu/,public,True
institutions,ipeds-124283,124283,2023-24,https://nces.ed.gov/ipeds/datacenter/data/HD2023.zip,verified,2026-10-02,Claremont School of Theology,CA,Claremont,www.cst.edu/,private_nonprofit,True
institutions,ipeds-124292,124292,2023-24,https://nces.ed.gov/ipeds/datacenter/data/HD2023.zip,verified,2026-10-02,Thomas Aquinas College,CA,Santa Paula,https://thomasaquinas.edu/,private_nonprofit,True
institutions,ipeds-124487,124487,2023-24,https://nces.ed.gov/ipeds/datacenter/data/HD2023.zip,verified,2026-10-02,Epic Bible College & Graduate School,CA,Sacramento,epic.edu/,private_nonprofit,True
institutions,ipeds-124557,124557,2023-24,https://nces.ed.gov/ipeds/datacenter/data/HD2023.zip,verified,2026-10-02,University of California-System Administration Central Office,CA,Oakland,www.ucop.edu/,public,True
institutions,ipeds-124681,124681,2023-24,https://nces.ed.gov/ipeds/datacenter/data/HD2023.zip,verified,2026-10-02,UEI College-Huntington Park,CA,Huntington Park,https://www.uei.edu/,private_for_profit,True
institutions,ipeds-124706,124706,2023-24,https://nces.ed.gov/ipeds/datacenter/data/HD2023.zip,verified,2026-10-02,Concorde Career College-San Bernardino,CA,San Bernardino,https://www.concorde.edu/campus/san-bernardino-california,private_for_profit,True
institutions,ipeds-124937,124937,2023-24,https://nces.ed.gov/ipeds/datacenter/data/HD2023.zip,verified,2026-10-02,Concorde Career College-North Hollywood,CA,North Hollywood,https://www.concorde.edu/campus/north-hollywood-california,private_for_profit,True
institutions,ipeds-125019,125019,2023-24,https://nces.ed.gov/ipeds/datacenter/data/HD2023.zip,verified,2026-10-02,Ventura County Community College System Office,CA,Camarillo,www.vcccd.edu/,public,True
institutions,ipeds-125028,125028,2023-24,https://nces.ed.gov/ipeds/datacenter/data/HD2023.zip,verified,2026-10-02,Ventura College,CA,Ventura,www.venturacollege.edu/,public,True
institutions,ipeds-125037,125037,2023-24,https://nces.ed.gov/ipeds/datacenter/data/HD2023.zip,verified,2026-10-02,The Colleges of Law at Ventura,CA,Ventura,https://www.collegesoflaw.edu/,private_nonprofit,True
institutions,ipeds-125082,125082,2023-24,https://nces.ed.gov/ipeds/datacenter/data/HD2023.zip,verified,2026-10-02,Bridges Beauty College,CA,Victorville,www.bridgesbeautycollege.com/,private_for_profit,True
institutions,ipeds-125091,125091,2023-24,https://nces.ed.gov/ipeds/datacenter/data/HD2023.zip,verified,2026-10-02,Victor Valley College,CA,Victorville,www.vvc.edu/,public,True
institutions,ipeds-125170,125170,2023-24,https://nces.ed.gov/ipeds/datacenter/data/HD2023.zip,verified,2026-10-02,Berkeley City College,CA,Berkeley,www.berkeleycitycollege.edu/,public,True
institutions,ipeds-125222,125222,2023-24,https://nces.ed.gov/ipeds/datacenter/data/HD2023.zip,verified,2026-10-02,West Valley Mission Community College District Office,CA,Saratoga,westvalley.edu/,public,True
institutions,ipeds-125310,125310,2023-24,https://nces.ed.gov/ipeds/datacenter/data/HD2023.zip,verified,2026-10-02,Waynes College of Beauty,CA,Salinas,www.waynescollegeofbeauty.com/,private_for_profit,True
institutions,ipeds-125462,125462,2023-24,https://nces.ed.gov/ipeds/datacenter/data/HD2023.zip,verified,2026-10-02,Coalinga College,CA,Coalinga,https://www.westhillscollege.com/coalinga/,public,True
institutions,ipeds-125471,125471,2023-24,https://nces.ed.gov/ipeds/datacenter/data/HD2023.zip,verified,2026-10-02,West Los Angeles College,CA,Culver City,www.wlac.edu/,public,True
institutions,ipeds-125499,125499,2023-24,https://nces.ed.gov/ipeds/datacenter/data/HD2023.zip,verified,2026-10-02,West Valley College,CA,Saratoga,www.westvalley.edu/,public,True
institutions,ipeds-125532,125532,2023-24,https://nces.ed.gov/ipeds/datacenter/data/HD2023.zip,verified,2026-10-02,Carrington College-Sacramento,CA,Sacramento,https://carrington.edu/,private_for_profit,True
institutions,ipeds-125718,125718,2023-24,https://nces.ed.gov/ipeds/datacenter/data/HD2023.zip,verified,2026-10-02,Westminster Theological Seminary in California,CA,Escondido,www.wscal.edu/,private_nonprofit,True
institutions,ipeds-125727,125727,2023-24,https://nces.ed.gov/ipeds/datacenter/data/HD2023.zip,verified,2026-10-02,Westmont College,CA,Santa Barbara,www.westmont.edu/,private_nonprofit,True
institutions,ipeds-125763,125763,2023-24,https://nces.ed.gov/ipeds/datacenter/data/HD2023.zip,verified,2026-10-02,Whittier College,CA,Whittier,www.whittier.edu/,private_nonprofit,True
institutions,ipeds-125897,125897,2023-24,https://nces.ed.gov/ipeds/datacenter/data/HD2023.zip,verified,2026-10-02,Woodbury University,CA,Burbank,https://woodbury.edu/,private_nonprofit,True
institutions,ipeds-126012,126012,2023-24,https://nces.ed.gov/ipeds/datacenter/data/HD2023.zip,verified,2026-10-02,The Wright Institute,CA,Berkeley,www.wi.edu/,private_nonprofit,True
institutions,ipeds-126049,126049,2023-24,https://nces.ed.gov/ipeds/datacenter/data/HD2023.zip,verified,2026-10-02,Thomas Jefferson School of Law,CA,San Diego,www.tjsl.edu/,private_nonprofit,True
institutions,ipeds-126076,126076,2023-24,https://nces.ed.gov/ipeds/datacenter/data/HD2023.zip,verified,2026-10-02,Yeshiva Ohr Elchonon Chabad West Coast Talmudical Seminary,CA,Los Angeles,www.yoec.edu/,private_nonprofit,True
institutions,ipeds-126100,126100,2023-24,https://nces.ed.gov/ipeds/datacenter/data/HD2023.zip,verified,2026-10-02,Yosemite Community College District Office,CA,Modesto,https://www.yosemite.edu/,public,True
institutions,ipeds-126119,126119,2023-24,https://nces.ed.gov/ipeds/datacenter/data/HD2023.zip,verified,2026-10-02,Yuba College,CA,Marysville,https://yc.yccd.edu/,public,True
institutions,ipeds-154022,154022,2023-24,https://nces.ed.gov/ipeds/datacenter/data/HD2023.zip,verified,2026-10-02,Ashford University,CA,San Diego,www.uagc.edu/,private_for_profit,True
institutions,ipeds-243744,243744,2023-24,https://nces.ed.gov/ipeds/datacenter/data/HD2023.zip,verified,2026-10-02,Stanford University,CA,Stanford,www.stanford.edu/,private_nonprofit,True
institutions,ipeds-245838,245838,2023-24,https://nces.ed.gov/ipeds/datacenter/data/HD2023.zip,verified,2026-10-02,Antioch University-Los Angeles,CA,Culver City,www.antiochla.edu/,private_nonprofit,True
institutions,ipeds-245847,245847,2023-24,https://nces.ed.gov/ipeds/datacenter/data/HD2023.zip,verified,2026-10-02,Antioch University-Santa Barbara,CA,Santa Barbara,www.antiochsb.edu/,private_nonprofit,True
institutions,ipeds-246974,246974,2023-24,https://nces.ed.gov/ipeds/datacenter/data/HD2023.zip,verified,2026-10-02,Carrington College-San Leandro Campus,CA,San Leandro,https://carrington.edu/,private_for_profit,True
institutions,ipeds-260789,260789,2023-24,https://nces.ed.gov/ipeds/datacenter/data/HD2023.zip,verified,2026-10-02,Platt College-Los Angeles,CA,Alhambra,www.plattcollege.edu/,private_for_profit,True
institutions,ipeds-262086,262086,2023-24,https://nces.ed.gov/ipeds/datacenter/data/HD2023.zip,verified,2026-10-02,University of Massachusetts Global,CA,Irvine,www.umassglobal.edu/,public,True
institutions,ipeds-262369,262369,2023-24,https://nces.ed.gov/ipeds/datacenter/data/HD2023.zip,verified,2026-10-02,Adrian's Beauty College of Turlock,CA,Turlock,www.adrians.edu/,private_for_profit,True
institutions,ipeds-262457,262457,2023-24,https://nces.ed.gov/ipeds/datacenter/data/HD2023.zip,verified,2026-10-02,San Joaquin Valley College-Fresno,CA,Fresno,www.sjvc.edu/,private_for_profit,True
institutions,ipeds-365125,365125,2023-24,https://nces.ed.gov/ipeds/datacenter/data/HD2023.zip,verified,2026-10-02,Palomar Institute of Cosmetology,CA,San Marcos,https://pic.edu/,private_for_profit,True
institutions,ipeds-366289,366289,2023-24,https://nces.ed.gov/ipeds/datacenter/data/HD2023.zip,verified,2026-10-02,InterCoast Colleges-Santa Ana,CA,Santa Ana,https://www.intercoast.edu/,private_for_profit,True
institutions,ipeds-366401,366401,2023-24,https://nces.ed.gov/ipeds/datacenter/data/HD2023.zip,verified,2026-10-02,Las Positas College,CA,Livermore,www.laspositascollege.edu/,public,True
institutions,ipeds-366711,366711,2023-24,https://nces.ed.gov/ipeds/datacenter/data/HD2023.zip,verified,2026-10-02,California State University-San Marcos,CA,San Marcos,www.csusm.edu/,public,True
institutions,ipeds-367954,367954,2023-24,https://nces.ed.gov/ipeds/datacenter/data/HD2023.zip,verified,2026-10-02,University of St. Augustine for Health Sciences,CA,San Marcos,www.usa.edu/,private_for_profit,True
institutions,ipeds-368771,368771,2023-24,https://nces.ed.gov/ipeds/datacenter/data/HD2023.zip,verified,2026-10-02,Hypnosis Motivation Institute,CA,Tarzana,hypnosis.edu/,private_nonprofit,True
institutions,ipeds-368832,368832,2023-24,https://nces.ed.gov/ipeds/datacenter/data/HD2023.zip,verified,2026-10-02,Thanh Le College School of Cosmetology,CA,Garden Grove,www.thanhlecollege.org/,private_for_profit,True
institutions,ipeds-371690,371690,2023-24,https://nces.ed.gov/ipeds/datacenter/data/HD2023.zip,verified,2026-10-02,Downey Adult School,CA,Downey,www.das.edu/,public,True
institutions,ipeds-371830,371830,2023-24,https://nces.ed.gov/ipeds/datacenter/data/HD2023.zip,verified,2026-10-02,CRU Institute of Cosmetology and Barbering,CA,Garden Grove,www.cruinstitute.com/,private_for_profit,True
institutions,ipeds-371928,371928,2023-24,https://nces.ed.gov/ipeds/datacenter/data/HD2023.zip,verified,2026-10-02,Modern Technology School,CA,Fountain Valley,https://www.mtschool.edu/,private_for_profit,True
institutions,ipeds-371964,371964,2023-24,https://nces.ed.gov/ipeds/datacenter/data/HD2023.zip,verified,2026-10-02,National Career Education,CA,Citrus Heights,nce.edu/,private_for_profit,True
institutions,ipeds-372028,372028,2023-24,https://nces.ed.gov/ipeds/datacenter/data/HD2023.zip,verified,2026-10-02,North-West College-Glendale,CA,Glendale,www.nw.edu/,private_for_profit,True
institutions,ipeds-372073,372073,2023-24,https://nces.ed.gov/ipeds/datacenter/data/HD2023.zip,verified,2026-10-02,Fremont University,CA,Cerritos,https://www.fremont.edu/,private_for_profit,True
institutions,ipeds-372082,372082,2023-24,https://nces.ed.gov/ipeds/datacenter/data/HD2023.zip,verified,2026-10-02,Pomona Unified School District Adult and Career Education,CA,Pomona,https://ace.pusd.org/,public,True
institutions,ipeds-372240,372240,2023-24,https://nces.ed.gov/ipeds/datacenter/data/HD2023.zip,verified,2026-10-02,Universal College of Beauty Inc-Los Angeles 2,CA,Los Angeles,www.universalcollegeofbeauty.com/,private_for_profit,True
institutions,ipeds-377722,377722,2023-24,https://nces.ed.gov/ipeds/datacenter/data/HD2023.zip,verified,2026-10-02,Bellus Academy-Poway,CA,Poway,www.bellusacademy.edu/,private_for_profit,True
institutions,ipeds-377759,377759,2023-24,https://nces.ed.gov/ipeds/datacenter/data/HD2023.zip,verified,2026-10-02,Capstone College,CA,Pasadena,www.capstonecollege.edu/,private_for_profit,True
institutions,ipeds-378105,378105,2023-24,https://nces.ed.gov/ipeds/datacenter/data/HD2023.zip,verified,2026-10-02,Central Coast College,CA,Salinas,https://www.centralcoastcollege.edu/,private_for_profit,True
institutions,ipeds-378576,378576,2023-24,https://nces.ed.gov/ipeds/datacenter/data/HD2023.zip,verified,2026-10-02,Pacific College of Health and Science,CA,San Diego,www.pacificcollege.edu/,private_for_profit,True
institutions,ipeds-381255,381255,2023-24,https://nces.ed.gov/ipeds/datacenter/data/HD2023.zip,verified,2026-10-02,CET-Coachella,CA,Coachella,https://cetweb.edu/,private_nonprofit,True
institutions,ipeds-381282,381282,2023-24,https://nces.ed.gov/ipeds/datacenter/data/HD2023.zip,verified,2026-10-02,CET-Oxnard,CA,Oxnard,https://cetweb.edu/,private_nonprofit,True
institutions,ipeds-381325,381325,2023-24,https://nces.ed.gov/ipeds/datacenter/data/HD2023.zip,verified,2026-10-02,CET-Santa Maria,CA,Santa Maria,https://www.cetweb.edu/,private_nonprofit,True
institutions,ipeds-382258,382258,2023-24,https://nces.ed.gov/ipeds/datacenter/data/HD2023.zip,verified,2026-10-02,Mt. Diablo Adult Education-Mt. Diablo USD,CA,Concord,https://mdae.mdusd.org/,public,True
institutions,ipeds-383084,383084,2023-24,https://nces.ed.gov/ipeds/datacenter/data/HD2023.zip,verified,2026-10-02,Hacienda La Puente Adult Education,CA,La Puente,www.hlpae.com/,public,True
institutions,ipeds-384236,384236,2023-24,https://nces.ed.gov/ipeds/datacenter/data/HD2023.zip,verified,2026-10-02,UEI College-Ontario,CA,Ontario,https://www.uei.edu/,private_for_profit,True
institutions,ipeds-384245,384245,2023-24,https://nces.ed.gov/ipeds/datacenter/data/HD2023.zip,verified,2026-10-02,UEI College-Reseda,CA,Reseda,https://www.uei.edu/,private_for_profit,True
institutions,ipeds-384306,384306,2023-24,https://nces.ed.gov/ipeds/datacenter/data/HD2023.zip,verified,2026-10-02,Acupuncture and Integrative Medicine College-Berkeley,CA,Berkeley,https://www.aimc.edu/,private_nonprofit,True
institutions,ipeds-393649,393649,2023-24,https://nces.ed.gov/ipeds/datacenter/data/HD2023.zip,verified,2026-10-02,UEI College-Gardena,CA,Gardena,https://www.uei.edu/,private_for_profit,True
institutions,ipeds-393861,393861,2023-24,https://nces.ed.gov/ipeds/datacenter/data/HD2023.zip,verified,2026-10-02,Asian-American International Beauty College,CA,Westminster,www.aabeautycollege.com/,private_for_profit,True
institutions,ipeds-395362,395362,2023-24,https://nces.ed.gov/ipeds/datacenter/data/HD2023.zip,verified,2026-10-02,Copper Mountain Community College,CA,Joshua Tree,www.cmccd.edu/,public,True
institutions,ipeds-395690,395690,2023-24,https://nces.ed.gov/ipeds/datacenter/data/HD2023.zip,verified,2026-10-02,Diversified Vocational College,CA,Los Angeles,www.dvcla.edu/,private_for_profit,True
institutions,ipeds-397942,397942,2023-24,https://nces.ed.gov/ipeds/datacenter/data/HD2023.zip,verified,2026-10-02,UEI College-Fresno,CA,Fresno,https://www.uei.edu/,private_for_profit,True
institutions,ipeds-399212,399212,2023-24,https://nces.ed.gov/ipeds/datacenter/data/HD2023.zip,verified,2026-10-02,Santiago Canyon College,CA,Orange,www.sccollege.edu/SitePages/Home.aspx,public,True
institutions,ipeds-399869,399869,2023-24,https://nces.ed.gov/ipeds/datacenter/data/HD2023.zip,verified,2026-10-02,Southern California Institute of Technology,CA,Anaheim,https://www.scitech.edu/,private_for_profit,True
institutions,ipeds-399911,399911,2023-24,https://nces.ed.gov/ipeds/datacenter/data/HD2023.zip,verified,2026-10-02,Soka University of America,CA,Aliso Viejo,www.soka.edu/,private_nonprofit,True
institutions,ipeds-400080,400080,2023-24,https://nces.ed.gov/ipeds/datacenter/data/HD2023.zip,verified,2026-10-02,Summit College,CA,San Bernardino,https://www.summitcollege.edu/,private_for_profit,True
institutions,ipeds-400187,400187,2023-24,https://nces.ed.gov/ipeds/datacenter/data/HD2023.zip,verified,2026-10-02,Advance Beauty College,CA,Garden Grove,www.advancebeautycollege.com/,private_for_profit,True
institutions,ipeds-400558,400558,2023-24,https://nces.ed.gov/ipeds/datacenter/data/HD2023.zip,verified,2026-10-02,Los Angeles Pacific College,CA,Los Angeles,www.lapacific.edu/,private_for_profit,True
institutions,ipeds-401223,401223,2023-24,https://nces.ed.gov/ipeds/datacenter/data/HD2023.zip,verified,2026-10-02,World Mission University,CA,Los Angeles,www.wmu.edu/,private_nonprofit,True
institutions,ipeds-401250,401250,2023-24,https://nces.ed.gov/ipeds/datacenter/data/HD2023.zip,verified,2026-10-02,Yo San University of Traditional Chinese Medicine,CA,Los Angeles,yosan.edu/,private_nonprofit,True
institutions,ipeds-409698,409698,2023-24,https://nces.ed.gov/ipeds/datacenter/data/HD2023.zip,verified,2026-10-02,California State University-Monterey Bay,CA,Seaside,https://csumb.edu/,public,True
institutions,ipeds-411684,411684,2023-24,https://nces.ed.gov/ipeds/datacenter/data/HD2023.zip,verified,2026-10-02,Marian Health Careers Center-Los Angeles Campus,CA,Los Angeles,www.mariancollege.edu/,private_for_profit,True
institutions,ipeds-413680,413680,2023-24,https://nces.ed.gov/ipeds/datacenter/data/HD2023.zip,verified,2026-10-02,Spartan College of Aeronautics & Technology,CA,Inglewood,www.spartan.edu/,private_for_profit,True
institutions,ipeds-416458,416458,2023-24,https://nces.ed.gov/ipeds/datacenter/data/HD2023.zip,verified,2026-10-02,Premiere Career College,CA,Irwindale,www.premierecollege.edu/,private_for_profit,True
institutions,ipeds-417062,417062,2023-24,https://nces.ed.gov/ipeds/datacenter/data/HD2023.zip,verified,2026-10-02,Estes Institute of Cosmetology Arts and Science,CA,Visalia,www.estescosmetology.com/,private_for_profit,True
institutions,ipeds-417105,417105,2023-24,https://nces.ed.gov/ipeds/datacenter/data/HD2023.zip,verified,2026-10-02,Baldwin Park Adult & Community Education,CA,Baldwin Park,https://bpace.bpusd.net/,public,True
institutions,ipeds-417123,417123,2023-24,https://nces.ed.gov/ipeds/datacenter/data/HD2023.zip,verified,2026-10-02,Ventura Adult and Continuing Education,CA,Ventura,www.adultedventura.edu/,public,True
institutions,ipeds-419183,419183,2023-24,https://nces.ed.gov/ipeds/datacenter/data/HD2023.zip,verified,2026-10-02,Central California School of Continuing Education,CA,San Luis Obispo,ccsce.org/,private_for_profit,True
institutions,ipeds-422020,422020,2023-24,https://nces.ed.gov/ipeds/datacenter/data/HD2023.zip,verified,2026-10-02,San Joaquin Valley College-Trades Education Center,CA,Fresno,www.sjvc.edu/,private_for_profit,True
institutions,ipeds-422695,422695,2023-24,https://nces.ed.gov/ipeds/datacenter/data/HD2023.zip,verified,2026-10-02,Pacific College,CA,Costa Mesa,https://www.pacific-college.edu/,private_for_profit,True
institutions,ipeds-422835,422835,2023-24,https://nces.ed.gov/ipeds/datacenter/data/HD2023.zip,verified,2026-10-02,American College of Healthcare and Technology,CA,Riverside,www.ach.edu/,private_for_profit,True
institutions,ipeds-428125,428125,2023-24,https://nces.ed.gov/ipeds/datacenter/data/HD2023.zip,verified,2026-10-02,John Wesley International Barber and Beauty College,CA,Long Beach,https://www.johnwesleybarberbeauty.com/,private_for_profit,True
institutions,ipeds-428426,428426,2023-24,https://nces.ed.gov/ipeds/datacenter/data/HD2023.zip,verified,2026-10-02,San Bernardino Community College District,CA,San Bernardino,www.sbccd.org/,public,True
institutions,ipeds-431141,431141,2023-24,https://nces.ed.gov/ipeds/datacenter/data/HD2023.zip,verified,2026-10-02,Institute of Technology,CA,Clovis,www.iot.edu/,private_for_profit,True
institutions,ipeds-432144,432144,2023-24,https://nces.ed.gov/ipeds/datacenter/data/HD2023.zip,verified,2026-10-02,South Orange County Community College District,CA,Mission Viejo,www.socccd.edu/,public,True
institutions,ipeds-432384,432384,2023-24,https://nces.ed.gov/ipeds/datacenter/data/HD2023.zip,verified,2026-10-02,Platt College-Ontario,CA,Ontario,www.plattcollege.edu/,private_for_profit,True
institutions,ipeds-433004,433004,2023-24,https://nces.ed.gov/ipeds/datacenter/data/HD2023.zip,verified,2026-10-02,American University of Health Sciences,CA,Signal Hill,https://www.auhs.edu/,private_for_profit,True
institutions,ipeds-433013,433013,2023-24,https://nces.ed.gov/ipeds/datacenter/data/HD2023.zip,verified,2026-10-02,Career Networks Institute,CA,Santa Ana,www.cnicollege.edu/,private_for_profit,True
institutions,ipeds-433420,433420,2023-24,https://nces.ed.gov/ipeds/datacenter/data/HD2023.zip,verified,2026-10-02,California Aeronautical University,CA,Bakersfield,www.calaero.edu/,private_for_profit,True
institutions,ipeds-434140,434140,2023-24,https://nces.ed.gov/ipeds/datacenter/data/HD2023.zip,verified,2026-10-02,Pima Medical Institute-Chula Vista,CA,Chula Vista,https://pmi.edu/,private_for_profit,True
institutions,ipeds-436429,436429,2023-24,https://nces.ed.gov/ipeds/datacenter/data/HD2023.zip,verified,2026-10-02,Los Angeles Film School,CA,Hollywood,www.lafilm.edu/,private_for_profit,True
institutions,ipeds-437750,437750,2023-24,https://nces.ed.gov/ipeds/datacenter/data/HD2023.zip,verified,2026-10-02,Professional Golfers Career College,CA,Temecula,www.golfcollege.edu/,private_for_profit,True
institutions,ipeds-437936,437936,2023-24,https://nces.ed.gov/ipeds/datacenter/data/HD2023.zip,verified,2026-10-02,Carrington College-San Jose,CA,San Jose,https://carrington.edu/,private_for_profit,True
institutions,ipeds-438258,438258,2023-24,https://nces.ed.gov/ipeds/datacenter/data/HD2023.zip,verified,2026-10-02,Carrington College-Pleasant Hill Campus,CA,Pleasant Hill,https://carrington.edu/,private_for_profit,True
institutions,ipeds-438504,438504,2023-24,https://nces.ed.gov/ipeds/datacenter/data/HD2023.zip,verified,2026-10-02,Universal Technical Institute of California Inc,CA,Rancho Cucamonga,www.uti.edu/,private_for_profit,True
institutions,ipeds-438665,438665,2023-24,https://nces.ed.gov/ipeds/datacenter/data/HD2023.zip,verified,2026-10-02,Rancho Santiago Community College District Office,CA,Santa Ana,www.rsccd.edu/,public,True
institutions,ipeds-439367,439367,2023-24,https://nces.ed.gov/ipeds/datacenter/data/HD2023.zip,verified,2026-10-02,CBD College,CA,Los Angeles,www.cbd.edu/,private_nonprofit,True
institutions,ipeds-439747,439747,2023-24,https://nces.ed.gov/ipeds/datacenter/data/HD2023.zip,verified,2026-10-02,My Le's Beauty College,CA,Sacramento,www.mylebeautycollegeinc.com/,private_for_profit,True
institutions,ipeds-439871,439871,2023-24,https://nces.ed.gov/ipeds/datacenter/data/HD2023.zip,verified,2026-10-02,PCI College,CA,Cerritos,www.pci-ed.com/,private_for_profit,True
institutions,ipeds-440031,440031,2023-24,https://nces.ed.gov/ipeds/datacenter/data/HD2023.zip,verified,2026-10-02,Keck Graduate Institute,CA,Claremont,www.kgi.edu/,private_nonprofit,True
institutions,ipeds-440819,440819,2023-24,https://nces.ed.gov/ipeds/datacenter/data/HD2023.zip,verified,2026-10-02,Miami Ad School-San Francisco,CA,San Francisco,miamiadschool.com/locations/san-francisco/,private_for_profit,True
institutions,ipeds-441052,441052,2023-24,https://nces.ed.gov/ipeds/datacenter/data/HD2023.zip,verified,2026-10-02,American Career College-Anaheim,CA,Anaheim,https://americancareercollege.edu/,private_for_profit,True
institutions,ipeds-441229,441229,2023-24,https://nces.ed.gov/ipeds/datacenter/data/HD2023.zip,verified,2026-10-02,Smith Chason College,CA,Los Angeles,https://wcui.edu/,private_for_profit,True
institutions,ipeds-441238,441238,2023-24,https://nces.ed.gov/ipeds/datacenter/data/HD2023.zip,verified,2026-10-02,Irell & Manella Graduate School of Biological Sciences at City of Hope,CA,Duarte,https://www.cityofhope.org/grad-school,private_nonprofit,True
institutions,ipeds-441256,441256,2023-24,https://nces.ed.gov/ipeds/datacenter/data/HD2023.zip,verified,2026-10-02,Design's School of Cosmetology,CA,Paso Robles,www.designsschool.edu/,private_for_profit,True
institutions,ipeds-441937,441937,2023-24,https://nces.ed.gov/ipeds/datacenter/data/HD2023.zip,verified,2026-10-02,California State University-Channel Islands,CA,Camarillo,www.csuci.edu/,public,True
institutions,ipeds-442240,442240,2023-24,https://nces.ed.gov/ipeds/datacenter/data/HD2023.zip,verified,2026-10-02,Paul Mitchell the School-Costa Mesa,CA,Costa Mesa,paulmitchell.edu/costamesa,private_for_profit,True
institutions,ipeds-442444,442444,2023-24,https://nces.ed.gov/ipeds/datacenter/data/HD2023.zip,verified,2026-10-02,San Joaquin Valley College-Ontario,CA,Ontario,sjvc.edu/,private_for_profit,True
institutions,ipeds-442657,442657,2023-24,https://nces.ed.gov/ipeds/datacenter/data/HD2023.zip,verified,2026-10-02,Milan Institute-Palm Desert,CA,Palm Desert,www.milaninstitute.edu/,private_for_profit,True
institutions,ipeds-442888,442888,2023-24,https://nces.ed.gov/ipeds/datacenter/data/HD2023.zip,verified,2026-10-02,InterCoast Colleges-Riverside,CA,Riverside,https://www.intercoast.edu/,private_for_profit,True
institutions,ipeds-442930,442930,2023-24,https://nces.ed.gov/ipeds/datacenter/data/HD2023.zip,verified,2026-10-02,University of Antelope Valley,CA,Lancaster,www.uav.edu/,private_for_profit,True
institutions,ipeds-442985,442985,2023-24,https://nces.ed.gov/ipeds/datacenter/data/HD2023.zip,verified,2026-10-02,California Healing Arts College,CA,Carson,www.chac.edu/,private_for_profit,True
institutions,ipeds-443207,443207,2023-24,https://nces.ed.gov/ipeds/datacenter/data/HD2023.zip,verified,2026-10-02,NTMA Training Centers of Southern California,CA,Santa Fe Springs,ntmamcc.org/,private_nonprofit,True
institutions,ipeds-443331,443331,2023-24,https://nces.ed.gov/ipeds/datacenter/data/HD2023.zip,verified,2026-10-02,West Coast University-Los Angeles,CA,North Hollywood,westcoastuniversity.edu/,private_for_profit,True
institutions,ipeds-443571,443571,2023-24,https://nces.ed.gov/ipeds/datacenter/data/HD2023.zip,verified,2026-10-02,InterCoast Colleges-West Covina,CA,West Covina,https://www.intercoast.edu/,private_for_profit,True
institutions,ipeds-444130,444130,2023-24,https://nces.ed.gov/ipeds/datacenter/data/HD2023.zip,verified,2026-10-02,Northcentral University,CA,San Diego,www.nu.edu/,private_nonprofit,True
institutions,ipeds-444219,444219,2023-24,https://nces.ed.gov/ipeds/datacenter/data/HD2023.zip,verified,2026-10-02,Folsom Lake College,CA,Folsom,https://www.flc.losrios.edu/,public,True
institutions,ipeds-444325,444325,2023-24,https://nces.ed.gov/ipeds/datacenter/data/HD2023.zip,verified,2026-10-02,ATI College-Whittier,CA,Whitter,www.ati.edu/,private_for_profit,True
institutions,ipeds-444361,444361,2023-24,https://nces.ed.gov/ipeds/datacenter/data/HD2023.zip,verified,2026-10-02,ATA College,CA,El Cajon,https://atacollege.edu/,private_for_profit,True
institutions,ipeds-444510,444510,2023-24,https://nces.ed.gov/ipeds/datacenter/data/HD2023.zip,verified,2026-10-02,CES College,CA,Burbank,www.cescollege.edu/,private_nonprofit,True
institutions,ipeds-444529,444529,2023-24,https://nces.ed.gov/ipeds/datacenter/data/HD2023.zip,verified,2026-10-02,Stellar Career College,CA,Modesto,modesto.stellarcollege.edu/,private_for_profit,True
institutions,ipeds-445188,445188,2023-24,https://nces.ed.gov/ipeds/datacenter/data/HD2023.zip,verified,2026-10-02,University of California-Merced,CA,Merced,ucmerced.edu/,public,True
institutions,ipeds-445364,445364,2023-24,https://nces.ed.gov/ipeds/datacenter/data/HD2023.zip,verified,2026-10-02,North-West College-Riverside,CA,Riverside,www.north-westcollege.edu/,private_for_profit,True
institutions,ipeds-446093,446093,2023-24,https://nces.ed.gov/ipeds/datacenter/data/HD2023.zip,verified,2026-10-02,Sutter County Career Training Center,CA,Yuba City,www.cambridge.edu/,private_for_profit,True
institutions,ipeds-446118,446118,2023-24,https://nces.ed.gov/ipeds/datacenter/data/HD2023.zip,verified,2026-10-02,Career Care Institute,CA,Lancaster,www.ccicolleges.edu/,private_for_profit,True
institutions,ipeds-446163,446163,2023-24,https://nces.ed.gov/ipeds/datacenter/data/HD2023.zip,verified,2026-10-02,Community Christian College,CA,Redlands,https://www.cccollege.edu/,private_nonprofit,True
institutions,ipeds-446385,446385,2023-24,https://nces.ed.gov/ipeds/datacenter/data/HD2023.zip,verified,2026-10-02,Los Angeles College of Music,CA,Pasadena,www.lacm.edu/,private_for_profit,True
institutions,ipeds-446561,446561,2023-24,https://nces.ed.gov/ipeds/datacenter/data/HD2023.zip,verified,2026-10-02,Stanbridge University,CA,Irvine,www.stanbridge.edu/,private_for_profit,True
institutions,ipeds-447050,447050,2023-24,https://nces.ed.gov/ipeds/datacenter/data/HD2023.zip,verified,2026-10-02,United States University,CA,San Diego,https://www.usuniversity.edu/,private_for_profit,True
institutions,ipeds-447351,447351,2023-24,https://nces.ed.gov/ipeds/datacenter/data/HD2023.zip,verified,2026-10-02,San Joaquin Valley College-Modesto,CA,Salida,www.sjvc.edu/,private_for_profit,True
institutions,ipeds-447607,447607,2023-24,https://nces.ed.gov/ipeds/datacenter/data/HD2023.zip,verified,2026-10-02,UEI College-Chula Vista,CA,Chula Vista,https://www.uei.edu/,private_for_profit,True
institutions,ipeds-447616,447616,2023-24,https://nces.ed.gov/ipeds/datacenter/data/HD2023.zip,verified,2026-10-02,UEI College-West Covina,CA,West Covina,https://www.uei.edu/,private_for_profit,True
institutions,ipeds-447713,447713,2023-24,https://nces.ed.gov/ipeds/datacenter/data/HD2023.zip,verified,2026-10-02,California Career College,CA,Canoga Park,www.californiacareercollege.edu/,private_for_profit,True
institutions,ipeds-447722,447722,2023-24,https://nces.ed.gov/ipeds/datacenter/data/HD2023.zip,verified,2026-10-02,Palladium Technical Academy Inc,CA,Temple City,palladium.edu/,private_for_profit,True
institutions,ipeds-447731,447731,2023-24,https://nces.ed.gov/ipeds/datacenter/data/HD2023.zip,verified,2026-10-02,Los Angeles College of Aesthetics,CA,Los Angeles,www.palacebeautycollege.com/,private_for_profit,True
institutions,ipeds-447759,447759,2023-24,https://nces.ed.gov/ipeds/datacenter/data/HD2023.zip,verified,2026-10-02,National Polytechnic College,CA,Lakewood,https://npcollege.edu/,private_for_profit,True
institutions,ipeds-447768,447768,2023-24,https://nces.ed.gov/ipeds/datacenter/data/HD2023.zip,verified,2026-10-02,American Career College-Ontario,CA,Ontario,https://americancareercollege.edu/,private_for_profit,True
institutions,ipeds-447777,447777,2023-24,https://nces.ed.gov/ipeds/datacenter/data/HD2023.zip,verified,2026-10-02,Asher College,CA,Sacramento,www.asher.edu/,private_for_profit,True
institutions,ipeds-447795,447795,2023-24,https://nces.ed.gov/ipeds/datacenter/data/HD2023.zip,verified,2026-10-02,American Institute of Massage Therapy,CA,Santa Ana,www.aimtinc.com/,private_for_profit,True
institutions,ipeds-447801,447801,2023-24,https://nces.ed.gov/ipeds/datacenter/data/HD2023.zip,verified,2026-10-02,University of East-West Medicine,CA,Sunnyvale,www.uewm.edu/,private_for_profit,True
institutions,ipeds-447810,447810,2023-24,https://nces.ed.gov/ipeds/datacenter/data/HD2023.zip,verified,2026-10-02,Blake Austin College,CA,Vacaville,www.blakeaustincollege.edu/,private_for_profit,True
institutions,ipeds-447953,447953,2023-24,https://nces.ed.gov/ipeds/datacenter/data/HD2023.zip,verified,2026-10-02,SUM Bible College and Theological Seminary,CA,El Dorado Hills,www.sum.edu/,private_nonprofit,True
institutions,ipeds-448372,448372,2023-24,https://nces.ed.gov/ipeds/datacenter/data/HD2023.zip,verified,2026-10-02,San Joaquin Valley College-Rancho Cordova,CA,Rancho Cordova,www.sjvc.edu/,private_for_profit,True
institutions,ipeds-448381,448381,2023-24,https://nces.ed.gov/ipeds/datacenter/data/HD2023.zip,verified,2026-10-02,San Joaquin Valley College-Central Administrative Office,CA,Visalia,www.sjvc.edu/,private_for_profit,True
institutions,ipeds-448433,448433,2023-24,https://nces.ed.gov/ipeds/datacenter/data/HD2023.zip,verified,2026-10-02,Universal Technical Institute of Northern California Inc,CA,Sacramento,www.uti.edu/,private_for_profit,True
institutions,ipeds-448594,448594,2023-24,https://nces.ed.gov/ipeds/datacenter/data/HD2023.zip,verified,2026-10-02,Lemoore College,CA,Lemoore,https://www.westhillscollege.com/lemoore/,public,True
institutions,ipeds-448637,448637,2023-24,https://nces.ed.gov/ipeds/datacenter/data/HD2023.zip,verified,2026-10-02,West Hills Community College District,CA,Coalinga,https://www.westhillscollege.com/,public,True
institutions,ipeds-448895,448895,2023-24,https://nces.ed.gov/ipeds/datacenter/data/HD2023.zip,verified,2026-10-02,Milan Institute-Clovis,CA,Clovis,www.milaninstitute.edu/,private_for_profit,True
institutions,ipeds-449357,449357,2023-24,https://nces.ed.gov/ipeds/datacenter/data/HD2023.zip,verified,2026-10-02,Beaumont Adult School,CA,Beaumont,bas.beaumontusd.us/,public,True
institutions,ipeds-449384,449384,2023-24,https://nces.ed.gov/ipeds/datacenter/data/HD2023.zip,verified,2026-10-02,Gnomon,CA,Hollywood,https://www.gnomon.edu/,private_for_profit,True
institutions,ipeds-449393,449393,2023-24,https://nces.ed.gov/ipeds/datacenter/data/HD2023.zip,verified,2026-10-02,Coachella Valley Beauty College,CA,La Quinta,www.cvbeautycollege.com/,private_for_profit,True
institutions,ipeds-449445,449445,2023-24,https://nces.ed.gov/ipeds/datacenter/data/HD2023.zip,verified,2026-10-02,Valley College of Medical Careers,CA,West Hills,www.valleycollegeofmedicalcareers.info/,private_for_profit,True
institutions,ipeds-449870,449870,2023-24,https://nces.ed.gov/ipeds/datacenter/data/HD2023.zip,verified,2026-10-02,University of the West,CA,Rosemead,www.uwest.edu/,private_nonprofit,True
institutions,ipeds-449968,449968,2023-24,https://nces.ed.gov/ipeds/datacenter/data/HD2023.zip,verified,2026-10-02,Paul Mitchell the School-San Diego,CA,San Diego,paulmitchell.edu/sandiego,private_for_profit,True
institutions,ipeds-449986,449986,2023-24,https://nces.ed.gov/ipeds/datacenter/data/HD2023.zip,verified,2026-10-02,Paul Mitchell the School-Sherman Oaks,CA,Sherman Oaks,paulmitchell.edu/shermanoaks,private_for_profit,True
institutions,ipeds-450696,450696,2023-24,https://nces.ed.gov/ipeds/datacenter/data/HD2023.zip,verified,2026-10-02,Carrington College-Stockton,CA,Stockton,https://carrington.edu/,private_for_profit,True
institutions,ipeds-450960,450960,2023-24,https://nces.ed.gov/ipeds/datacenter/data/HD2023.zip,verified,2026-10-02,Healthcare Career College,CA,Paramount,https://healthcarecareercollege.edu/,private_for_profit,True
institutions,ipeds-450988,450988,2023-24,https://nces.ed.gov/ipeds/datacenter/data/HD2023.zip,verified,2026-10-02,Coastline Beauty College,CA,Fountain Valley,www.coastlinebeauty.edu/,private_for_profit,True
institutions,ipeds-454546,454546,2023-24,https://nces.ed.gov/ipeds/datacenter/data/HD2023.zip,verified,2026-10-02,Milan Institute of Cosmetology-Vacaville,CA,Vacaville,www.milaninstitute.edu/,private_for_profit,True
institutions,ipeds-454698,454698,2023-24,https://nces.ed.gov/ipeds/datacenter/data/HD2023.zip,verified,2026-10-02,Mayfield College,CA,Cathedral City,www.mayfieldcollege.edu/,private_for_profit,True
institutions,ipeds-454722,454722,2023-24,https://nces.ed.gov/ipeds/datacenter/data/HD2023.zip,verified,2026-10-02,Academy of Esthetics and Cosmetology,CA,San Fernando,www.aecosmetology.com/,private_for_profit,True
institutions,ipeds-454759,454759,2023-24,https://nces.ed.gov/ipeds/datacenter/data/HD2023.zip,verified,2026-10-02,Borner's Barber College,CA,Los Angeles,www.bornersbarbercollege.com/,private_for_profit,True
institutions,ipeds-454768,454768,2023-24,https://nces.ed.gov/ipeds/datacenter/data/HD2023.zip,verified,2026-10-02,Paul Mitchell the School-Pasadena,CA,Pasadena,paulmitchell.edu/pasadena,private_for_profit,True
institutions,ipeds-454777,454777,2023-24,https://nces.ed.gov/ipeds/datacenter/data/HD2023.zip,verified,2026-10-02,San Francisco Institute of Esthetics & Cosmetology Inc,CA,San Francisco,https://www.sfiec.edu/ and https://paulmitchell.edu/sanfrancisco,private_for_profit,True
institutions,ipeds-454786,454786,2023-24,https://nces.ed.gov/ipeds/datacenter/data/HD2023.zip,verified,2026-10-02,Laurus College,CA,San Luis Obispo,www.lauruscollege.edu/,private_for_profit,True
institutions,ipeds-454795,454795,2023-24,https://nces.ed.gov/ipeds/datacenter/data/HD2023.zip,verified,2026-10-02,Healing Hands School of Holistic Health,CA,Escondido,https://hhs.edu/,private_for_profit,True
institutions,ipeds-454801,454801,2023-24,https://nces.ed.gov/ipeds/datacenter/data/HD2023.zip,verified,2026-10-02,Career Development Institute Inc,CA,Los Angeles,cdi.edu/,private_for_profit,True
institutions,ipeds-455433,455433,2023-24,https://nces.ed.gov/ipeds/datacenter/data/HD2023.zip,verified,2026-10-02,The Chicago School at Anaheim,CA,Anaheim,https://www.thechicagoschool.edu/in-the-community/locations/,private_nonprofit,True
institutions,ipeds-455512,455512,2023-24,https://nces.ed.gov/ipeds/datacenter/data/HD2023.zip,verified,2026-10-02,Woodland Community College,CA,Woodland,https://wcc.yccd.edu/,public,True
institutions,ipeds-455664,455664,2023-24,https://nces.ed.gov/ipeds/datacenter/data/HD2023.zip,verified,2026-10-02,The Chicago School at Los Angeles,CA,Los Angeles,https://www.thechicagoschool.edu/in-the-community/locations/,private_nonprofit,True
institutions,ipeds-455734,455734,2023-24,https://nces.ed.gov/ipeds/datacenter/data/HD2023.zip,verified,2026-10-02,California Nurses Educational Institute,CA,Palm Springs,https://www.cnei.edu/,private_for_profit,True
institutions,ipeds-455761,455761,2023-24,https://nces.ed.gov/ipeds/datacenter/data/HD2023.zip,verified,2026-10-02,Paul Mitchell the School-Sacramento,CA,Sacramento,paulmitchell.edu/sacramento/,private_for_profit,True
institutions,ipeds-455770,455770,2023-24,https://nces.ed.gov/ipeds/datacenter/data/HD2023.zip,verified,2026-10-02,Providence Christian College,CA,Pasadena,www.providencecc.edu/,private_nonprofit,True
institutions,ipeds-455868,455868,2023-24,https://nces.ed.gov/ipeds/datacenter/data/HD2023.zip,verified,2026-10-02,National Career College,CA,Panorama City,www.nccusa.edu/,private_for_profit,True
institutions,ipeds-456588,456588,2023-24,https://nces.ed.gov/ipeds/datacenter/data/HD2023.zip,verified,2026-10-02,Salon Success Academy-Fontana,CA,Fontana,www.salonsuccessacademy.com/,private_for_profit,True
institutions,ipeds-456597,456597,2023-24,https://nces.ed.gov/ipeds/datacenter/data/HD2023.zip,verified,2026-10-02,Salon Success Academy-Redlands,CA,Redlands,www.salonsuccessacademy.com/,private_for_profit,True
institutions,ipeds-456852,456852,2023-24,https://nces.ed.gov/ipeds/datacenter/data/HD2023.zip,verified,2026-10-02,San Joaquin Valley College-Hesperia,CA,Hesperia,www.sjvc.edu/,private_for_profit,True
institutions,ipeds-457077,457077,2023-24,https://nces.ed.gov/ipeds/datacenter/data/HD2023.zip,verified,2026-10-02,Milan Institute-Bakersfield,CA,Bakersfield,www.milaninstitute.edu/,private_for_profit,True
institutions,ipeds-457086,457086,2023-24,https://nces.ed.gov/ipeds/datacenter/data/HD2023.zip,verified,2026-10-02,Homestead Schools,CA,Torrance,www.homesteadschools.net/,private_nonprofit,True
institutions,ipeds-457208,457208,2023-24,https://nces.ed.gov/ipeds/datacenter/data/HD2023.zip,verified,2026-10-02,InterCoast Colleges-Rancho Cordova,CA,Rancho Cordova,https://www.intercoast.edu/,private_for_profit,True
institutions,ipeds-457253,457253,2023-24,https://nces.ed.gov/ipeds/datacenter/data/HD2023.zip,verified,2026-10-02,Beyond 21st Century Beauty Academy,CA,Santa Fe Springs,beyondcosmo.com/,private_for_profit,True
institutions,ipeds-457271,457271,2023-24,https://nces.ed.gov/ipeds/datacenter/data/HD2023.zip,verified,2026-10-02,Academy for Jewish Religion California,CA,Los Angeles,www.ajrca.edu/,private_nonprofit,True
institutions,ipeds-457299,457299,2023-24,https://nces.ed.gov/ipeds/datacenter/data/HD2023.zip,verified,2026-10-02,Angeles College,CA,Los Angeles,https://www.angelescollege.edu/,private_for_profit,True
institutions,ipeds-457314,457314,2023-24,https://nces.ed.gov/ipeds/datacenter/data/HD2023.zip,verified,2026-10-02,Angeles Institute,CA,ARTESIA,www.angelesinstitute.edu/,private_for_profit,True
institutions,ipeds-457323,457323,2023-24,https://nces.ed.gov/ipeds/datacenter/data/HD2023.zip,verified,2026-10-02,Paul Mitchell the School-Temecula,CA,Temecula,paulmitchell.edu/temecula/,private_for_profit,True
institutions,ipeds-458210,458210,2023-24,https://nces.ed.gov/ipeds/datacenter/data/HD2023.zip,verified,2026-10-02,West Coast University-Orange County,CA,Anaheim,westcoastuniversity.edu/,private_for_profit,True
institutions,ipeds-458229,458229,2023-24,https://nces.ed.gov/ipeds/datacenter/data/HD2023.zip,verified,2026-10-02,West Coast University-Ontario,CA,Ontario,westcoastuniversity.edu/,private_for_profit,True
institutions,ipeds-459170,459170,2023-24,https://nces.ed.gov/ipeds/datacenter/data/HD2023.zip,verified,2026-10-02,Paul Mitchell the School-Modesto,CA,Modesto,paulmitchell.edu/modesto,private_for_profit,True
institutions,ipeds-459198,459198,2023-24,https://nces.ed.gov/ipeds/datacenter/data/HD2023.zip,verified,2026-10-02,Paul Mitchell the School-Fresno,CA,Fresno,paulmitchell.edu/fresno,private_for_profit,True
institutions,ipeds-459204,459204,2023-24,https://nces.ed.gov/ipeds/datacenter/data/HD2023.zip,verified,2026-10-02,Unitek College,CA,Fremont,unitekcollege.edu/,private_for_profit,True
institutions,ipeds-459213,459213,2023-24,https://nces.ed.gov/ipeds/datacenter/data/HD2023.zip,verified,2026-10-02,Gurnick Academy of Medical Arts,CA,San Jose,www.gurnick.edu/,private_for_profit,True
institutions,ipeds-459231,459231,2023-24,https://nces.ed.gov/ipeds/datacenter/data/HD2023.zip,verified,2026-10-02,Paul Mitchell the School-East Bay,CA,Pleasant Hill,paulmitchell.edu/eastbay/,private_for_profit,True
institutions,ipeds-459727,459727,2023-24,https://nces.ed.gov/ipeds/datacenter/data/HD2023.zip,verified,2026-10-02,Touro University Worldwide,CA,Los Alamitos,https://www.tuw.edu/,private_nonprofit,True
institutions,ipeds-459736,459736,2023-24,https://nces.ed.gov/ipeds/datacenter/data/HD2023.zip,verified,2026-10-02,Touro University California,CA,Vallejo,www.tu.edu/,private_nonprofit,True
institutions,ipeds-460394,460394,2023-24,https://nces.ed.gov/ipeds/datacenter/data/HD2023.zip,verified,2026-10-02,Moreno Valley College,CA,Moreno Valley,www.mvc.edu/,public,True
institutions,ipeds-460464,460464,2023-24,https://nces.ed.gov/ipeds/datacenter/data/HD2023.zip,verified,2026-10-02,Norco College,CA,Norco,www.norcocollege.edu/Pages/index.aspx,public,True
institutions,ipeds-461148,461148,2023-24,https://nces.ed.gov/ipeds/datacenter/data/HD2023.zip,verified,2026-10-02,New York Film Academy,CA,Burbank,www.nyfa.edu/,private_for_profit,True
institutions,ipeds-461175,461175,2023-24,https://nces.ed.gov/ipeds/datacenter/data/HD2023.zip,verified,2026-10-02,International College of Cosmetology,CA,Oakland,www.icoc.edu/sp/,private_for_profit,True
institutions,ipeds-461254,461254,2023-24,https://nces.ed.gov/ipeds/datacenter/data/HD2023.zip,verified,2026-10-02,Galaxy Medical College,CA,North Hollywood,www.galaxymedicalcollege.edu/,private_for_profit,True
institutions,ipeds-461263,461263,2023-24,https://nces.ed.gov/ipeds/datacenter/data/HD2023.zip,verified,2026-10-02,American Medical Sciences Center,CA,Glendale,www.amsc.edu/,private_for_profit,True
institutions,ipeds-461500,461500,2023-24,https://nces.ed.gov/ipeds/datacenter/data/HD2023.zip,verified,2026-10-02,Santa Ana Beauty Academy,CA,Santa Ana,www.saba-ca.com/index.php,private_for_profit,True
institutions,ipeds-461607,461607,2023-24,https://nces.ed.gov/ipeds/datacenter/data/HD2023.zip,verified,2026-10-02,Elite Cosmetology School,CA,PALM DESERT,eliteschools.edu/,private_for_profit,True
institutions,ipeds-461643,461643,2023-24,https://nces.ed.gov/ipeds/datacenter/data/HD2023.zip,verified,2026-10-02,Bergin University of Canine Studies,CA,Penngrove,www.berginu.edu/,private_nonprofit,True
institutions,ipeds-461829,461829,2023-24,https://nces.ed.gov/ipeds/datacenter/data/HD2023.zip,verified,2026-10-02,Cinta Aveda Institute,CA,San Francisco,www.cintaaveda.edu/,private_for_profit,True
institutions,ipeds-461856,461856,2023-24,https://nces.ed.gov/ipeds/datacenter/data/HD2023.zip,verified,2026-10-02,Southern California Health Institute,CA,North Hollywood,www.sochi.edu/,private_for_profit,True
institutions,ipeds-462062,462062,2023-24,https://nces.ed.gov/ipeds/datacenter/data/HD2023.zip,verified,2026-10-02,Academy for Salon Professionals,CA,Northridge,www.academyla.com/,private_for_profit,True
institutions,ipeds-462336,462336,2023-24,https://nces.ed.gov/ipeds/datacenter/data/HD2023.zip,verified,2026-10-02,International College of Beauty Arts & Sciences,CA,Los Angeles,www.icbas.edu/,private_for_profit,True
institutions,ipeds-462354,462354,2023-24,https://nces.ed.gov/ipeds/datacenter/data/HD2023.zip,verified,2026-10-02,John Paul the Great Catholic University,CA,Escondido,https://jpcatholic.edu/,private_nonprofit,True
institutions,ipeds-468291,468291,2023-24,https://nces.ed.gov/ipeds/datacenter/data/HD2023.zip,verified,2026-10-02,San Joaquin Valley College-Hanford Classroom,CA,Hanford,www.sjvc.edu/,private_for_profit,True
institutions,ipeds-468769,468769,2023-24,https://nces.ed.gov/ipeds/datacenter/data/HD2023.zip,verified,2026-10-02,CET-Soledad,CA,Soledad,https://cetweb.edu/,private_nonprofit,True
institutions,ipeds-468848,468848,2023-24,https://nces.ed.gov/ipeds/datacenter/data/HD2023.zip,verified,2026-10-02,UEI College-Oceanside,CA,Oceanside,https://www.uei.edu/,private_for_profit,True
institutions,ipeds-468909,468909,2023-24,https://nces.ed.gov/ipeds/datacenter/data/HD2023.zip,verified,2026-10-02,UEI College-Garden Grove,CA,Garden Grove,https://www.uei.edu/,private_for_profit,True
institutions,ipeds-470038,470038,2023-24,https://nces.ed.gov/ipeds/datacenter/data/HD2023.zip,verified,2026-10-02,UEI College-Riverside,CA,Riverside,https://www.uei.edu/,private_for_profit,True
institutions,ipeds-474863,474863,2023-24,https://nces.ed.gov/ipeds/datacenter/data/HD2023.zip,verified,2026-10-02,Los Angeles Pacific University,CA,San Dimas,https://www.lapu.edu/,private_nonprofit,True
institutions,ipeds-475176,475176,2023-24,https://nces.ed.gov/ipeds/datacenter/data/HD2023.zip,verified,2026-10-02,San Joaquin Valley College-Temecula,CA,Temecula,www.sjvc.edu/,private_for_profit,True
institutions,ipeds-475228,475228,2023-24,https://nces.ed.gov/ipeds/datacenter/data/HD2023.zip,verified,2026-10-02,The Colleges of Law at Santa Barbara,CA,Santa Barbara,https://www.collegesoflaw.edu/,private_nonprofit,True
institutions,ipeds-475237,475237,2023-24,https://nces.ed.gov/ipeds/datacenter/data/HD2023.zip,verified,2026-10-02,The University of America,CA,Temecula,ua-edu.us/,private_nonprofit,True
institutions,ipeds-475282,475282,2023-24,https://nces.ed.gov/ipeds/datacenter/data/HD2023.zip,verified,2026-10-02,Marian Health Careers Center-Van Nuys Campus,CA,Van Nuys,www.mariancollege.edu/,private_for_profit,True
institutions,ipeds-475635,475635,2023-24,https://nces.ed.gov/ipeds/datacenter/data/HD2023.zip,verified,2026-10-02,Beverly Hills Design Institute,CA,Beverly Hills,https://www.bhdi.edu/,private_for_profit,True
institutions,ipeds-475705,475705,2023-24,https://nces.ed.gov/ipeds/datacenter/data/HD2023.zip,verified,2026-10-02,Annenberg School of Nursing,CA,Reseda,www.asn.edu/,private_nonprofit,True
institutions,ipeds-476513,476513,2023-24,https://nces.ed.gov/ipeds/datacenter/data/HD2023.zip,verified,2026-10-02,Flair Beauty College,CA,Valencia,flairbeautycollege.com/,private_for_profit,True
institutions,ipeds-476595,476595,2023-24,https://nces.ed.gov/ipeds/datacenter/data/HD2023.zip,verified,2026-10-02,Medical Allied Career Center,CA,Santa Fe Springs,www.medicalallied.edu/,private_for_profit,True
institutions,ipeds-476780,476780,2023-24,https://nces.ed.gov/ipeds/datacenter/data/HD2023.zip,verified,2026-10-02,Diamond Beauty College,CA,South El Monte,www.diamondbeauty.edu/,private_for_profit,True
institutions,ipeds-476799,476799,2023-24,https://nces.ed.gov/ipeds/datacenter/data/HD2023.zip,verified,2026-10-02,Unitek College,CA,South San Francisco,https://www.unitekcollege.edu/,private_for_profit,True
institutions,ipeds-479424,479424,2023-24,https://nces.ed.gov/ipeds/datacenter/data/HD2023.zip,verified,2026-10-02,Unitek College,CA,Hayward,https://www.unitekcollege.edu/,private_for_profit,True
institutions,ipeds-479974,479974,2023-24,https://nces.ed.gov/ipeds/datacenter/data/HD2023.zip,verified,2026-10-02,Advance Beauty Techs Academy,CA,San Jacinto,www.abt.edu/,private_for_profit,True
institutions,ipeds-479992,479992,2023-24,https://nces.ed.gov/ipeds/datacenter/data/HD2023.zip,verified,2026-10-02,Brand College,CA,Glendale,brandcollege.edu/,private_for_profit,True
institutions,ipeds-480000,480000,2023-24,https://nces.ed.gov/ipeds/datacenter/data/HD2023.zip,verified,2026-10-02,Hinton Barber and Beauty College,CA,Vallejo,hintonbarberbeauty.com/,private_for_profit,True
institutions,ipeds-480019,480019,2023-24,https://nces.ed.gov/ipeds/datacenter/data/HD2023.zip,verified,2026-10-02,Advanced Career Institute,CA,Visalia,https://advanced.edu/,private_for_profit,True
institutions,ipeds-480204,480204,2023-24,https://nces.ed.gov/ipeds/datacenter/data/HD2023.zip,verified,2026-10-02,Platt College-Riverside,CA,Riverside,www.plattcollege.edu/,private_for_profit,True
institutions,ipeds-480471,480471,2023-24,https://nces.ed.gov/ipeds/datacenter/data/HD2023.zip,verified,2026-10-02,UEI College-Stockton,CA,Stockton,https://www.uei.edu/,private_for_profit,True
institutions,ipeds-480781,480781,2023-24,https://nces.ed.gov/ipeds/datacenter/data/HD2023.zip,verified,2026-10-02,California Miramar University,CA,San Diego,www.calmu.edu/,private_for_profit,True
institutions,ipeds-481058,481058,2023-24,https://nces.ed.gov/ipeds/datacenter/data/HD2023.zip,verified,2026-10-02,Grace Mission University,CA,Fullerton,www.gm.edu/,private_nonprofit,True
institutions,ipeds-481128,481128,2023-24,https://nces.ed.gov/ipeds/datacenter/data/HD2023.zip,verified,2026-10-02,Santa Ana Beauty College,CA,Santa Ana,www.savcusa.com/,private_for_profit,True
institutions,ipeds-481182,481182,2023-24,https://nces.ed.gov/ipeds/datacenter/data/HD2023.zip,verified,2026-10-02,Ukiah Adult School,CA,Ukiah,https://adultschool.uusd.net/,public,True
institutions,ipeds-481191,481191,2023-24,https://nces.ed.gov/ipeds/datacenter/data/HD2023.zip,verified,2026-10-02,Riverside County Office of Education-School of Career Education,CA,Riverside,www.riversidesce.org/,public,True
institutions,ipeds-481289,481289,2023-24,https://nces.ed.gov/ipeds/datacenter/data/HD2023.zip,verified,2026-10-02,Xavier College School of Nursing,CA,Stockton,www.xavier-college.com/,private_for_profit,True
institutions,ipeds-481298,481298,2023-24,https://nces.ed.gov/ipeds/datacenter/data/HD2023.zip,verified,2026-10-02,Lawrence & Company College of Cosmetology,CA,Hanford,www.lawrenceandco.net/,private_for_profit,True
institutions,ipeds-481386,481386,2023-24,https://nces.ed.gov/ipeds/datacenter/data/HD2023.zip,verified,2026-10-02,California Career Institute,CA,Anaheim,www.calinstitute.edu/,private_for_profit,True
institutions,ipeds-481474,481474,2023-24,https://nces.ed.gov/ipeds/datacenter/data/HD2023.zip,verified,2026-10-02,J D Academy of Salon and Spa,CA,Danville,https://jdacademy.com/,private_for_profit,True
institutions,ipeds-481535,481535,2023-24,https://nces.ed.gov/ipeds/datacenter/data/HD2023.zip,verified,2026-10-02,Sanford Burnham Prebys Medical Discovery Institute,CA,La Jolla,https://www.sbpdiscovery.org/education/graduate-school,private_nonprofit,True
institutions,ipeds-481775,481775,2023-24,https://nces.ed.gov/ipeds/datacenter/data/HD2023.zip,verified,2026-10-02,San Joaquin Valley College-Lancaster,CA,Lancaster,www.sjvc.edu/,private_for_profit,True
institutions,ipeds-481960,481960,2023-24,https://nces.ed.gov/ipeds/datacenter/data/HD2023.zip,verified,2026-10-02,InterCoast Colleges-Fairfield,CA,Fairfield,https://www.intercoast.edu/,private_for_profit,True
institutions,ipeds-482060,482060,2023-24,https://nces.ed.gov/ipeds/datacenter/data/HD2023.zip,verified,2026-10-02,Milan Institute-Merced,CA,Merced,www.milaninstitute.edu/,private_for_profit,True
institutions,ipeds-482291,482291,2023-24,https://nces.ed.gov/ipeds/datacenter/data/HD2023.zip,verified,2026-10-02,UEI College-Bakersfield,CA,Bakersfield,https://www.uei.edu/,private_for_profit,True
institutions,ipeds-482431,482431,2023-24,https://nces.ed.gov/ipeds/datacenter/data/HD2023.zip,verified,2026-10-02,DeVry University-California,CA,Ontario,https://www.devry.edu/,private_for_profit,True
institutions,ipeds-483009,483009,2023-24,https://nces.ed.gov/ipeds/datacenter/data/HD2023.zip,verified,2026-10-02,American College of Healthcare and Technology,CA,Huntington Park,www.ach.edu/,private_for_profit,True
institutions,ipeds-483221,483221,2023-24,https://nces.ed.gov/ipeds/datacenter/data/HD2023.zip,verified,2026-10-02,Learnet Academy Inc,CA,Los Angeles,https://learnet.edu/,private_for_profit,True
institutions,ipeds-483230,483230,2023-24,https://nces.ed.gov/ipeds/datacenter/data/HD2023.zip,verified,2026-10-02,The Fab School,CA,Rancho Cucamonga,https://www.thefabschool.com/,private_for_profit,True
institutions,ipeds-483373,483373,2023-24,https://nces.ed.gov/ipeds/datacenter/data/HD2023.zip,verified,2026-10-02,Integrity College of Health,CA,Pasadena,https://ich.edu/,private_for_profit,True
institutions,ipeds-483878,483878,2023-24,https://nces.ed.gov/ipeds/datacenter/data/HD2023.zip,verified,2026-10-02,Bay Area Medical Academy,CA,San Francisco,www.bamasf.edu/,private_for_profit,True
institutions,ipeds-483957,483957,2023-24,https://nces.ed.gov/ipeds/datacenter/data/HD2023.zip,verified,2026-10-02,Lawrence & Company College of Cosmetology,CA,Selma,www.lawrencecosmetology.com/,private_for_profit,True
institutions,ipeds-484002,484002,2023-24,https://nces.ed.gov/ipeds/datacenter/data/HD2023.zip,verified,2026-10-02,High Desert Medical College,CA,Lancaster,https://www.hdmc.edu/,private_for_profit,True
institutions,ipeds-484206,484206,2023-24,https://nces.ed.gov/ipeds/datacenter/data/HD2023.zip,verified,2026-10-02,The Salon Professional Academy-San Jose,CA,San Jose,www.tspasanjose.com/,private_for_profit,True
institutions,ipeds-484233,484233,2023-24,https://nces.ed.gov/ipeds/datacenter/data/HD2023.zip,verified,2026-10-02,Tri-Community Adult Education,CA,Covina,www.tri-communityadulted.org/,public,True
institutions,ipeds-484367,484367,2023-24,https://nces.ed.gov/ipeds/datacenter/data/HD2023.zip,verified,2026-10-02,North-West College-Anaheim,CA,Anaheim,www.nw.edu/,private_for_profit,True
institutions,ipeds-484376,484376,2023-24,https://nces.ed.gov/ipeds/datacenter/data/HD2023.zip,verified,2026-10-02,North-West College-Long Beach,CA,Long Beach,www.nw.edu/,private_for_profit,True
institutions,ipeds-484631,484631,2023-24,https://nces.ed.gov/ipeds/datacenter/data/HD2023.zip,verified,2026-10-02,University of Phoenix-California,CA,Ontario,https://www.phoenix.edu/,private_for_profit,True
institutions,ipeds-484844,484844,2023-24,https://nces.ed.gov/ipeds/datacenter/data/HD2023.zip,verified,2026-10-02,Minerva University,CA,San Francisco,https://minerva.edu/,private_nonprofit,True
institutions,ipeds-484862,484862,2023-24,https://nces.ed.gov/ipeds/datacenter/data/HD2023.zip,verified,2026-10-02,University of West Los Angeles,CA,Inglewood,www.uwla.edu/,private_for_profit,True
institutions,ipeds-485403,485403,2023-24,https://nces.ed.gov/ipeds/datacenter/data/HD2023.zip,verified,2026-10-02,High Tech High Graduate School of Education,CA,San Diego,https://hthgse.edu/,private_nonprofit,True
institutions,ipeds-485412,485412,2023-24,https://nces.ed.gov/ipeds/datacenter/data/HD2023.zip,verified,2026-10-02,Coachella Valley Beauty College-Hemet,CA,Hemet,cvbeautycollege.com/,private_for_profit,True
institutions,ipeds-485467,485467,2023-24,https://nces.ed.gov/ipeds/datacenter/data/HD2023.zip,verified,2026-10-02,Carrington College-Administrative Office,CA,Sacramento,https://carrington.edu/,private_for_profit,True
institutions,ipeds-485494,485494,2023-24,https://nces.ed.gov/ipeds/datacenter/data/HD2023.zip,verified,2026-10-02,Associated Barber College of San Diego,CA,San Diego,associatedbarbercollege.edu/,private_for_profit,True
institutions,ipeds-485500,485500,2023-24,https://nces.ed.gov/ipeds/datacenter/data/HD2023.zip,verified,2026-10-02,ABCO Technology,CA,Inglewood,www.abcotechnology.edu/,private_for_profit,True
institutions,ipeds-485519,485519,2023-24,https://nces.ed.gov/ipeds/datacenter/data/HD2023.zip,verified,2026-10-02,Lionel University,CA,Carpinteria,lionel.edu/,private_for_profit,True
institutions,ipeds-485573,485573,2023-24,https://nces.ed.gov/ipeds/datacenter/data/HD2023.zip,verified,2026-10-02,Universal Healthcare Careers College,CA,Los Angeles,www.uhcc.edu/,private_for_profit,True
institutions,ipeds-486123,486123,2023-24,https://nces.ed.gov/ipeds/datacenter/data/HD2023.zip,verified,2026-10-02,Theatre of Arts,CA,Hollywood,www.toa.edu/,private_for_profit,True
institutions,ipeds-486141,486141,2023-24,https://nces.ed.gov/ipeds/datacenter/data/HD2023.zip,verified,2026-10-02,Westchester College of Nursing & Allied Health,CA,Los Angeles,www.westchestercollege.edu/,private_for_profit,True
institutions,ipeds-486248,486248,2023-24,https://nces.ed.gov/ipeds/datacenter/data/HD2023.zip,verified,2026-10-02,ZMS The Academy,CA,Los Angeles,www.zmsacademy.com/,private_for_profit,True
institutions,ipeds-486372,486372,2023-24,https://nces.ed.gov/ipeds/datacenter/data/HD2023.zip,verified,2026-10-02,San Francisco Film School,CA,San Francisco,www.sanfranciscofilmschool.edu/,private_for_profit,True
institutions,ipeds-486433,486433,2023-24,https://nces.ed.gov/ipeds/datacenter/data/HD2023.zip,verified,2026-10-02,Presidio Graduate School,CA,San Francisco,www.presidio.edu/,private_nonprofit,True
institutions,ipeds-486488,486488,2023-24,https://nces.ed.gov/ipeds/datacenter/data/HD2023.zip,verified,2026-10-02,California Jazz Conservatory,CA,Berkeley,www.cjc.edu/,private_nonprofit,True
institutions,ipeds-486497,486497,2023-24,https://nces.ed.gov/ipeds/datacenter/data/HD2023.zip,verified,2026-10-02,California Barber and Beauty College,CA,San Diego,https://www.californiabarberandbeauty.com/,private_for_profit,True
institutions,ipeds-486558,486558,2023-24,https://nces.ed.gov/ipeds/datacenter/data/HD2023.zip,verified,2026-10-02,Aviation Institute of Maintenance-Fremont,CA,Fremont,https://aviationmaintenance.edu/campuses/fremont-ca,private_for_profit,True
institutions,ipeds-487597,487597,2023-24,https://nces.ed.gov/ipeds/datacenter/data/HD2023.zip,verified,2026-10-02,Universal Technical Institute-Southern California,CA,Long Beach,https://www.uti.edu/,private_for_profit,True
institutions,ipeds-487649,487649,2023-24,https://nces.ed.gov/ipeds/datacenter/data/HD2023.zip,verified,2026-10-02,California Institute of Advanced Management,CA,Alhambra,www.ciam.edu/,private_nonprofit,True
institutions,ipeds-487773,487773,2023-24,https://nces.ed.gov/ipeds/datacenter/data/HD2023.zip,verified,2026-10-02,Butte County Regional Occupational Program,CA,Chico,cte.bcoe.org/,public,True
institutions,ipeds-487995,487995,2023-24,https://nces.ed.gov/ipeds/datacenter/data/HD2023.zip,verified,2026-10-02,Alhambra Medical University,CA,Alhambra,www.amu.edu/,private_for_profit,True
institutions,ipeds-488031,488031,2023-24,https://nces.ed.gov/ipeds/datacenter/data/HD2023.zip,verified,2026-10-02,Abraham Lincoln University,CA,Glendale,https://www.alu.edu/,private_for_profit,True
institutions,ipeds-488192,488192,2023-24,https://nces.ed.gov/ipeds/datacenter/data/HD2023.zip,verified,2026-10-02,DeHart Technical School,CA,Modesto,www.deharttech.edu/,private_for_profit,True
institutions,ipeds-488387,488387,2023-24,https://nces.ed.gov/ipeds/datacenter/data/HD2023.zip,verified,2026-10-02,Claremont Lincoln University,CA,Claremont,https://claremontlincoln.edu/,private_nonprofit,True
institutions,ipeds-488411,488411,2023-24,https://nces.ed.gov/ipeds/datacenter/data/HD2023.zip,verified,2026-10-02,Hoss Lee Academy,CA,Roseville,hossleeacademy.com/,private_for_profit,True
institutions,ipeds-488563,488563,2023-24,https://nces.ed.gov/ipeds/datacenter/data/HD2023.zip,verified,2026-10-02,California College of Music,CA,Pasadena,https://ccmla.edu/,private_for_profit,True
institutions,ipeds-488572,488572,2023-24,https://nces.ed.gov/ipeds/datacenter/data/HD2023.zip,verified,2026-10-02,California Health Sciences University,CA,Clovis,https://chsu.edu/,private_for_profit,True
institutions,ipeds-488785,488785,2023-24,https://nces.ed.gov/ipeds/datacenter/data/HD2023.zip,verified,2026-10-02,University of Saint Katherine,CA,San Marcos,www.usk.edu/,private_nonprofit,True
institutions,ipeds-488800,488800,2023-24,https://nces.ed.gov/ipeds/datacenter/data/HD2023.zip,verified,2026-10-02,Teachers College of San Joaquin,CA,Stockton,www.teacherscollegesj.edu/,public,True
institutions,ipeds-488846,488846,2023-24,https://nces.ed.gov/ipeds/datacenter/data/HD2023.zip,verified,2026-10-02,University of the People,CA,Pasadena,www.uopeople.edu/,private_nonprofit,True
institutions,ipeds-489201,489201,2023-24,https://nces.ed.gov/ipeds/datacenter/data/HD2023.zip,verified,2026-10-02,Clovis Community College,CA,Fresno,www.cloviscollege.edu/,public,True
institutions,ipeds-489335,489335,2023-24,https://nces.ed.gov/ipeds/datacenter/data/HD2023.zip,verified,2026-10-02,Institute of Buddhist Studies,CA,Berkeley,www.shin-ibs.edu/,private_nonprofit,True
institutions,ipeds-489353,489353,2023-24,https://nces.ed.gov/ipeds/datacenter/data/HD2023.zip,verified,2026-10-02,Chamberlain University-California,CA,Rancho Cordova,https://www.chamberlain.edu/,private_for_profit,True
institutions,ipeds-489371,489371,2023-24,https://nces.ed.gov/ipeds/datacenter/data/HD2023.zip,verified,2026-10-02,Spartan College of Aeronautics and Technology,CA,Riverside,www.spartan.edu/,private_for_profit,True
institutions,ipeds-489858,489858,2023-24,https://nces.ed.gov/ipeds/datacenter/data/HD2023.zip,verified,2026-10-02,West Coast University-Center for Graduate Studies,CA,Los Angeles,https://westcoastuniversity.edu/,private_for_profit,True
institutions,ipeds-490045,490045,2023-24,https://nces.ed.gov/ipeds/datacenter/data/HD2023.zip,verified,2026-10-02,Presbyterian Theological Seminary in America,CA,Santa Fe Springs,ch.ptsa.edu/en,private_nonprofit,True
institutions,ipeds-490081,490081,2023-24,https://nces.ed.gov/ipeds/datacenter/data/HD2023.zip,verified,2026-10-02,America Evangelical University,CA,Gardena,www.aeu.edu/,private_nonprofit,True
institutions,ipeds-490124,490124,2023-24,https://nces.ed.gov/ipeds/datacenter/data/HD2023.zip,verified,2026-10-02,Los Angeles Academy of Figurative Art,CA,Van Nuys,laafa.edu/,private_for_profit,True
institutions,ipeds-490133,490133,2023-24,https://nces.ed.gov/ipeds/datacenter/data/HD2023.zip,verified,2026-10-02,Westcliff University,CA,Irvine,www.westcliff.edu/,private_for_profit,True
institutions,ipeds-490160,490160,2023-24,https://nces.ed.gov/ipeds/datacenter/data/HD2023.zip,verified,2026-10-02,Sacramento Ultrasound Institute,CA,Sacramento,sui.edu/,private_for_profit,True
institutions,ipeds-490197,490197,2023-24,https://nces.ed.gov/ipeds/datacenter/data/HD2023.zip,verified,2026-10-02,Regan Career Institute,CA,El Monte,rci.edu/,private_for_profit,True
institutions,ipeds-490285,490285,2023-24,https://nces.ed.gov/ipeds/datacenter/data/HD2023.zip,verified,2026-10-02,California Institute of Arts & Technology,CA,San Diego,www.ciat.edu/,private_for_profit,True
institutions,ipeds-490878,490878,2023-24,https://nces.ed.gov/ipeds/datacenter/data/HD2023.zip,verified,2026-10-02,Platt College-Anaheim,CA,Anaheim,www.plattcollege.edu/,private_for_profit,True
institutions,ipeds-491190,491190,2023-24,https://nces.ed.gov/ipeds/datacenter/data/HD2023.zip,verified,2026-10-02,The Chicago School at San Diego,CA,San Diego,https://www.thechicagoschool.edu/in-the-community/locations/,private_nonprofit,True
institutions,ipeds-491464,491464,2023-24,https://nces.ed.gov/ipeds/datacenter/data/HD2023.zip,verified,2026-10-02,ABC Adult School,CA,Cerritos,https://www.abcadultschool.edu/,public,True
institutions,ipeds-491507,491507,2023-24,https://nces.ed.gov/ipeds/datacenter/data/HD2023.zip,verified,2026-10-02,California Institute of Medical Science,CA,Clovis,cims.edu/,private_for_profit,True
institutions,ipeds-491543,491543,2023-24,https://nces.ed.gov/ipeds/datacenter/data/HD2023.zip,verified,2026-10-02,San Bernardino Beauty College,CA,San Bernardino,barber-beautycollege.com/,private_for_profit,True
institutions,ipeds-491659,491659,2023-24,https://nces.ed.gov/ipeds/datacenter/data/HD2023.zip,verified,2026-10-02,ICOHS College,CA,San Diego,https://icohs.edu/,private_nonprofit,True
institutions,ipeds-491756,491756,2023-24,https://nces.ed.gov/ipeds/datacenter/data/HD2023.zip,verified,2026-10-02,Urban Barber College,CA,Concord,https://urbanbarbercollege.com/,private_for_profit,True
institutions,ipeds-491808,491808,2023-24,https://nces.ed.gov/ipeds/datacenter/data/HD2023.zip,verified,2026-10-02,Meridian University,CA,Petaluma,https://meridianuniversity.edu/,private_for_profit,True
institutions,ipeds-491853,491853,2023-24,https://nces.ed.gov/ipeds/datacenter/data/HD2023.zip,verified,2026-10-02,Princess Institute of Beauty,CA,Reedley,www.piofb.com/,private_for_profit,True
institutions,ipeds-491880,491880,2023-24,https://nces.ed.gov/ipeds/datacenter/data/HD2023.zip,verified,2026-10-02,Independent Training & Apprenticeship Program,CA,Sacramento,www.itap.edu/,private_for_profit,True
institutions,ipeds-491899,491899,2023-24,https://nces.ed.gov/ipeds/datacenter/data/HD2023.zip,verified,2026-10-02,Victory Career College,CA,Carson,victorycareercollege.edu/,private_for_profit,True
institutions,ipeds-491950,491950,2023-24,https://nces.ed.gov/ipeds/datacenter/data/HD2023.zip,verified,2026-10-02,Contra Costa Medical Career College,CA,Antioch,www.ccmcc.edu/,private_for_profit,True
institutions,ipeds-492209,492209,2023-24,https://nces.ed.gov/ipeds/datacenter/data/HD2023.zip,verified,2026-10-02,Reiss-Davis Graduate School,CA,Los Angeles,https://www.reissdavis.edu/,private_nonprofit,True
institutions,ipeds-492306,492306,2023-24,https://nces.ed.gov/ipeds/datacenter/data/HD2023.zip,verified,2026-10-02,Escondido Adult School,CA,Escondido,www.escondidoadultschool.org/,public,True
institutions,ipeds-492315,492315,2023-24,https://nces.ed.gov/ipeds/datacenter/data/HD2023.zip,verified,2026-10-02,Poway Adult School,CA,Poway,www.powayadultschool.com/,public,True
institutions,ipeds-492324,492324,2023-24,https://nces.ed.gov/ipeds/datacenter/data/HD2023.zip,verified,2026-10-02,Vista Adult School,CA,Vista,vistaadultschool.org/,public,True
institutions,ipeds-492449,492449,2023-24,https://nces.ed.gov/ipeds/datacenter/data/HD2023.zip,verified,2026-10-02,Pima Medical Institute-San Marcos,CA,San Marcos,https://pmi.edu/,private_for_profit,True
institutions,ipeds-492661,492661,2023-24,https://nces.ed.gov/ipeds/datacenter/data/HD2023.zip,verified,2026-10-02,California College of Barbering and Cosmetology,CA,Stockton,calcbc.com/,private_for_profit,True
institutions,ipeds-492953,492953,2023-24,https://nces.ed.gov/ipeds/datacenter/data/HD2023.zip,verified,2026-10-02,Salon Success Academy-West Covina,CA,West Covina,www.salonsuccessacademy.com/,private_for_profit,True
institutions,ipeds-493080,493080,2023-24,https://nces.ed.gov/ipeds/datacenter/data/HD2023.zip,verified,2026-10-02,Institute of Culinary Education,CA,Pasadena,https://www.ice.edu/losangeles,private_for_profit,True
institutions,ipeds-493479,493479,2023-24,https://nces.ed.gov/ipeds/datacenter/data/HD2023.zip,verified,2026-10-02,Medical Career College of Northern California,CA,Roseville,https://medicalcareercollege.edu/,private_for_profit,True
institutions,ipeds-493512,493512,2023-24,https://nces.ed.gov/ipeds/datacenter/data/HD2023.zip,verified,2026-10-02,San Diego Global Knowledge University,CA,San Diego,https://sdgku.edu/,private_for_profit,True
institutions,ipeds-493619,493619,2023-24,https://nces.ed.gov/ipeds/datacenter/data/HD2023.zip,verified,2026-10-02,Young Americans College of the Performing Arts,CA,Corona,https://www.yacollege.edu/,private_nonprofit,True
institutions,ipeds-493761,493761,2023-24,https://nces.ed.gov/ipeds/datacenter/data/HD2023.zip,verified,2026-10-02,MIXED Institute of Cosmetology & Barber,CA,Sacramento,mixed.institute/,private_for_profit,True
institutions,ipeds-493956,493956,2023-24,https://nces.ed.gov/ipeds/datacenter/data/HD2023.zip,verified,2026-10-02,Cal Northern School of Law,CA,Chico,https://www.calnorthern.edu/,private_for_profit,True
institutions,ipeds-494357,494357,2023-24,https://nces.ed.gov/ipeds/datacenter/data/HD2023.zip,verified,2026-10-02,UEI College-Sacramento,CA,Sacramento,https://www.uei.edu/,private_for_profit,True
institutions,ipeds-494658,494658,2023-24,https://nces.ed.gov/ipeds/datacenter/data/HD2023.zip,verified,2026-10-02,KC Beauty Academy,CA,Los Angeles,www.kcbeautyacademy.com/,private_for_profit,True
institutions,ipeds-494746,494746,2023-24,https://nces.ed.gov/ipeds/datacenter/data/HD2023.zip,verified,2026-10-02,North-West College-San Diego,CA,San Diego,nw.edu/,private_for_profit,True
institutions,ipeds-495059,495059,2023-24,https://nces.ed.gov/ipeds/datacenter/data/HD2023.zip,verified,2026-10-02,Oak Valley College,CA,Rialto,https://oakvalley.edu/,private_nonprofit,True
institutions,ipeds-495077,495077,2023-24,https://nces.ed.gov/ipeds/datacenter/data/HD2023.zip,verified,2026-10-02,Paul Mitchell the School-San Jose,CA,San Jose,https://paulmitchell.edu/sanjose,private_for_profit,True
institutions,ipeds-495174,495174,2023-24,https://nces.ed.gov/ipeds/datacenter/data/HD2023.zip,verified,2026-10-02,Hollywood Cultural College,CA,Los Angeles,www.hccollege.edu/,private_for_profit,True
institutions,ipeds-495192,495192,2023-24,https://nces.ed.gov/ipeds/datacenter/data/HD2023.zip,verified,2026-10-02,Alder Graduate School of Education,CA,Redwood City,https://aldergse.edu/,private_nonprofit,True
institutions,ipeds-495271,495271,2023-24,https://nces.ed.gov/ipeds/datacenter/data/HD2023.zip,verified,2026-10-02,California Indian Nations College,CA,Palm Desert,https://cincollege.org/,public,True
institutions,ipeds-495350,495350,2023-24,https://nces.ed.gov/ipeds/datacenter/data/HD2023.zip,verified,2026-10-02,Paul Mitchell the School-North Tahoe,CA,Truckee,https://paulmitchell.edu/northtahoe,private_for_profit,True
institutions,ipeds-495925,495925,2023-24,https://nces.ed.gov/ipeds/datacenter/data/HD2023.zip,verified,2026-10-02,San Joaquin Valley College-Madera,CA,Madera,https://www.sjvc.edu/,private_for_profit,True
institutions,ipeds-495934,495934,2023-24,https://nces.ed.gov/ipeds/datacenter/data/HD2023.zip,verified,2026-10-02,San Joaquin Valley College-Delano,CA,Delano,https://www.sjvc.edu/,private_for_profit,True
institutions,ipeds-495943,495943,2023-24,https://nces.ed.gov/ipeds/datacenter/data/HD2023.zip,verified,2026-10-02,San Joaquin Valley College-Atascadero,CA,Atascadero,https://www.sjvc.edu/,private_for_profit,True
institutions,ipeds-495952,495952,2023-24,https://nces.ed.gov/ipeds/datacenter/data/HD2023.zip,verified,2026-10-02,San Joaquin Valley College-Rancho Mirage,CA,Rancho Mirage,https://www.sjvc.edu/,private_for_profit,True
institutions,ipeds-495961,495961,2023-24,https://nces.ed.gov/ipeds/datacenter/data/HD2023.zip,verified,2026-10-02,San Joaquin Valley College-Santa Maria,CA,Santa Maria,https://www.sjvc.edu/,private_for_profit,True
institutions,ipeds-495998,495998,2023-24,https://nces.ed.gov/ipeds/datacenter/data/HD2023.zip,verified,2026-10-02,San Joaquin Valley College-Porterville,CA,Porterville,https://www.sjvc.edu/,private_for_profit,True
institutions,ipeds-496043,496043,2023-24,https://nces.ed.gov/ipeds/datacenter/data/HD2023.zip,verified,2026-10-02,California University of Science and Medicine,CA,Colton,https://www.cusm.org/,private_nonprofit,True
institutions,ipeds-496186,496186,2023-24,https://nces.ed.gov/ipeds/datacenter/data/HD2023.zip,verified,2026-10-02,California Institute of Arts & Technology-National City,CA,National City,https://www.ciat.edu/,private_for_profit,True
institutions,ipeds-496399,496399,2023-24,https://nces.ed.gov/ipeds/datacenter/data/HD2023.zip,verified,2026-10-02,Agape College of Business and Science,CA,Fresno,https://www.acbscollege.org/,private_nonprofit,True
institutions,ipeds-496469,496469,2023-24,https://nces.ed.gov/ipeds/datacenter/data/HD2023.zip,verified,2026-10-02,Daybreak University,CA,Anaheim,daybreak.edu/,private_nonprofit,True
institutions,ipeds-496627,496627,2023-24,https://nces.ed.gov/ipeds/datacenter/data/HD2023.zip,verified,2026-10-02,California Northstate University,CA,Elk Grove,www.cnsu.edu/,private_for_profit,True
institutions,ipeds-496654,496654,2023-24,https://nces.ed.gov/ipeds/datacenter/data/HD2023.zip,verified,2026-10-02,Sri Sai Krish Institute,CA,ORANGE,www.sskinstitute.org/,private_for_profit,True
institutions,ipeds-496663,496663,2023-24,https://nces.ed.gov/ipeds/datacenter/data/HD2023.zip,verified,2026-10-02,Riggins Urban Barber College,CA,San Diego,www.rigginsurbanbarbercollegellc.com/,private_for_profit,True
institutions,ipeds-497046,497046,2023-24,https://nces.ed.gov/ipeds/datacenter/data/HD2023.zip,verified,2026-10-02,Madera Community College,CA,Madera,https://www.maderacollege.edu/,public,True
institutions,ipeds-497107,497107,2023-24,https://nces.ed.gov/ipeds/datacenter/data/HD2023.zip,verified,2026-10-02,University of Silicon Andhra,CA,Milpitas,https://www.uofsa.edu/,private_nonprofit,True
institutions,ipeds-497338,497338,2023-24,https://nces.ed.gov/ipeds/datacenter/data/HD2023.zip,verified,2026-10-02,Glendale Career College-North-West College-Bakersfield,CA,Bakersfield,https://www.success.edu/,private_for_profit,True
institutions,ipeds-497435,497435,2023-24,https://nces.ed.gov/ipeds/datacenter/data/HD2023.zip,verified,2026-10-02,Southern California College of Barber and Beauty,CA,Escondido,https://sccbb.edu/,private_for_profit,True
institutions,ipeds-497480,497480,2023-24,https://nces.ed.gov/ipeds/datacenter/data/HD2023.zip,verified,2026-10-02,Reach University,CA,Oakland,https://www.reach.edu/,private_nonprofit,True
institutions,ipeds-497666,497666,2023-24,https://nces.ed.gov/ipeds/datacenter/data/HD2023.zip,verified,2026-10-02,California University-Silicon Valley,CA,Sunnyvale,https://cusv.edu/,private_nonprofit,True
institutions,ipeds-497736,497736,2023-24,https://nces.ed.gov/ipeds/datacenter/data/HD2023.zip,verified,2026-10-02,American College of Healthcare and Technology-Santa Ana,CA,Santa Ana,https://www.ach.edu/,private_for_profit,True
institutions,ipeds-498331,498331,2023-24,https://nces.ed.gov/ipeds/datacenter/data/HD2023.zip,verified,2026-10-02,San Francisco School of Massage & Bodywork,CA,San Francisco,https://www.sfsm.edu/,private_for_profit,True
institutions,ipeds-498456,498456,2023-24,https://nces.ed.gov/ipeds/datacenter/data/HD2023.zip,verified,2026-10-02,Arizona College of Nursing-Ontario,CA,Ontario,https://www.arizonacollege.edu/,private_for_profit,True
institutions,ipeds-498748,498748,2023-24,https://nces.ed.gov/ipeds/datacenter/data/HD2023.zip,verified,2026-10-02,CalCopa Massage School,CA,Huntington Beach,https://www.calcopamassageschool.com/,private_for_profit,True
institutions,ipeds-498836,498836,2023-24,https://nces.ed.gov/ipeds/datacenter/data/HD2023.zip,verified,2026-10-02,The Nurse Academy,CA,National City,https://thenurseacademy.com/,private_for_profit,True
institutions,ipeds-498872,498872,2023-24,https://nces.ed.gov/ipeds/datacenter/data/HD2023.zip,verified,2026-10-02,Central Valley Barber College,CA,Riverbank,https://www.centralvalleybarbercollege.com/,private_for_profit,True
institutions,ipeds-499103,499103,2023-24,https://nces.ed.gov/ipeds/datacenter/data/HD2023.zip,verified,2026-10-02,Homestead Schools-Costa Mesa,CA,Costa Mesa,https://homesteadschools.net/,private_nonprofit,True
institutions,ipeds-499413,499413,2023-24,https://nces.ed.gov/ipeds/datacenter/data/HD2023.zip,verified,2026-10-02,Glendale Career College-North-West College-MFSON,CA,West Covina,https://nw.edu/,private_for_profit,True
